g mesh 23
v -3.5098932 5.3847036 -6.5729685
v -3.4053369 5.8490887 -6.3969946
v -3.5099308 5.848991 -6.572994
v -3.4053404 5.384699 -6.3969316
v -3.4053404 5.384699 -6.3969316
v -3.503413 5.8488493 -6.2256756
v -3.4053369 5.8490887 -6.3969946
v -3.5034704 5.384699 -6.2256436
v -3.5034704 5.384699 -6.2256436
v -3.6998022 5.848371 -6.225535
v -3.503413 5.8488493 -6.2256756
v -3.6999276 5.3847036 -6.225608
v -3.6999276 5.3847036 -6.225608
v -3.7981298 5.8479776 -6.3968163
v -3.6998022 5.848371 -6.225535
v -3.7981334 5.3847113 -6.396904
v -3.7981334 5.3847113 -6.396904
v -3.6935925 5.848117 -6.572959
v -3.7981298 5.8479776 -6.3968163
v -3.6935697 5.3847036 -6.5729666
v 0.57979673 4.955854 -7.8825717
v 4.147694 5.090185 -7.656477
v 0.5797949 5.09019 -7.656396
v 4.14759 4.95581 -7.882604
v 0.5797949 5.09019 -7.656396
v 4.1474457 4.964179 -7.4363627
v 0.5797949 4.9641023 -7.4363217
v 4.147694 5.090185 -7.656477
v 0.5797949 4.9641023 -7.4363217
v 4.1469307 4.711855 -7.436182
v 0.57979673 4.711696 -7.4362755
v 4.1474457 4.964179 -7.4363627
v 0.57979673 4.711696 -7.4362755
v 4.1465087 4.58552 -7.656248
v 0.5798004 4.58552 -7.6563597
v 4.1469307 4.711855 -7.436182
v 0.5798004 4.58552 -7.6563597
v 4.146658 4.719831 -7.882559
v 0.57979673 4.7198653 -7.882569
v 4.1465087 4.58552 -7.656248
v 4.4983807 5.008935 -7.8826175
v 4.3585925 5.095371 -7.656966
v 4.375148 4.960891 -7.8835034
v 4.3941503 5.1075606 -7.6576457
v 4.147694 5.090185 -7.656477
v 4.14759 4.95581 -7.882604
v 4.3941503 5.1075606 -7.6576457
v 4.3739443 4.9702926 -7.4362073
v 4.3585925 5.095371 -7.656966
v 4.4876037 5.0191474 -7.438473
v 4.1474457 4.964179 -7.4363627
v 4.147694 5.090185 -7.656477
v 4.414782 5.144401 -7.6571245
v 4.517144 5.131242 -7.4348025
v 4.415855 5.2934904 -7.656739
v 4.541431 5.2939215 -7.4366155
v 4.4876037 5.0191474 -7.438473
v 4.400515 4.7203465 -7.435693
v 4.3739443 4.9702926 -7.4362073
v 4.642456 4.863366 -7.4359174
v 4.1469307 4.711855 -7.436182
v 4.1474457 4.964179 -7.4363627
v 4.517144 5.131242 -7.4348025
v 4.7400837 5.1003513 -7.436505
v 4.541431 5.2939215 -7.4366155
v 4.7616577 5.29476 -7.4361315
v 4.642456 4.863366 -7.4359174
v 4.412981 4.5938325 -7.655865
v 4.400515 4.7203465 -7.435693
v 4.762189 4.749206 -7.655603
v 4.1465087 4.58552 -7.656248
v 4.1469307 4.711855 -7.436182
v 4.7400837 5.1003513 -7.436505
v 4.892489 5.1022286 -7.655749
v 4.7616577 5.29476 -7.4361315
v 4.8880754 5.2950773 -7.656202
v 4.762189 4.749206 -7.655603
v 4.398466 4.7261643 -7.881667
v 4.412981 4.5938325 -7.655865
v 4.6380315 4.867407 -7.8809776
v 4.146658 4.719831 -7.882559
v 4.1465087 4.58552 -7.656248
v 4.892489 5.1022286 -7.655749
v 4.7334814 5.102329 -7.8811193
v 4.7538366 5.295009 -7.882353
v 4.8880754 5.2950773 -7.656202
v 4.414782 5.144401 -7.6571245
v 4.5503983 5.2938433 -7.8829737
v 4.415855 5.2934904 -7.656739
v 4.5246477 5.130434 -7.8843093
v 4.3941503 5.1075606 -7.6576457
v 4.4983807 5.008935 -7.8826175
v 4.5378685 5.9056754 -7.898771
v 4.415855 5.2934904 -7.656739
v 4.5503983 5.2938433 -7.8829737
v 4.413088 5.892492 -7.6565475
v 4.413088 5.892492 -7.6565475
v 4.541431 5.2939215 -7.4366155
v 4.415855 5.2934904 -7.656739
v 4.540388 5.893615 -7.4336605
v 4.540388 5.893615 -7.4336605
v 4.7616577 5.29476 -7.4361315
v 4.541431 5.2939215 -7.4366155
v 4.763437 5.893595 -7.4335794
v 4.763437 5.893595 -7.4335794
v 4.8880754 5.2950773 -7.656202
v 4.7616577 5.29476 -7.4361315
v 4.8911176 5.893459 -7.65619
v 4.8911176 5.893459 -7.65619
v 4.7538366 5.295009 -7.882353
v 4.8880754 5.2950773 -7.656202
v 4.756278 5.890954 -7.8827825
v -2.5842988 4.5106783 -7.5097165
v -0.7947461 4.9735446 -6.1599517
v -0.7947461 4.5106783 -7.5097165
v -2.5842988 4.9735446 -6.1599517
v -0.621409 5.4021626 -6.0292125
v -2.7577782 5.6063223 -6.0292125
v -0.6214087 5.6063223 -6.0292125
v -2.757493 5.4021626 -6.0292125
v -2.757493 5.4021626 -6.0292125
v -2.9867907 5.6063223 -6.0292125
v -2.7577782 5.6063223 -6.0292125
v -2.9864862 5.4021626 -6.0292125
v -5.0814576 4.519975 -7.482606
v -3.2141523 4.9642477 -6.1870627
v -3.2141523 4.519975 -7.4826055
v -5.0814576 4.9642477 -6.1870627
v -2.9864862 5.4021626 -6.0292125
v -5.309241 5.6063223 -6.0292125
v -2.9867907 5.6063223 -6.0292125
v -5.3087025 5.4021626 -6.0292125
v -5.3087025 5.4021626 -6.0292125
v -5.5633216 5.6063223 -6.0292125
v -5.309241 5.6063223 -6.0292125
v -5.5627646 5.4021626 -6.0292125
v 7.5974803 4.3309846 -8.227448
v 8.755447 2.7386227 -8.227448
v 7.5751014 2.7568038 -8.227448
v 8.696956 4.3472652 -8.227448
v 3.3268034 0.2520016 -4.0801735
v 3.3268034 0.8964029 -7.5754356
v 3.3268034 0.8964029 -4.0801735
v 3.3268034 0.2520016 -7.5754356
v 3.3268034 2.0940492 -7.5754356
v 3.3268034 2.0940492 -4.0801735
v 4.711554 0.2520016 -7.5754356
v 4.67936 0.76740813 -4.0801735
v 4.67936 0.76740813 -7.5754356
v 4.711554 0.2520016 -4.0801735
v 3.5495782 2.0356412 -7.5754356
v 3.9750836 0.7882315 -4.0801735
v 3.5495782 2.0356412 -4.0801735
v 3.9750836 0.7882315 -7.5754356
v 3.9750836 0.7882315 -4.0801735
v 3.3268034 2.0940492 -4.0801735
v 3.5495782 2.0356412 -4.0801735
v 3.3268034 0.8964029 -4.0801735
v 4.67936 0.76740813 -4.0801735
v 4.711554 0.2520016 -4.0801735
v 3.3268034 0.2520016 -4.0801735
v 3.9750836 0.7882315 -4.0801735
v 3.3268034 0.8964029 -4.0801735
v 4.67936 0.76740813 -4.0801735
v 3.9750836 0.7882315 -7.5754356
v 4.67936 0.76740813 -7.5754356
v 3.9750836 0.7882315 -4.0801735
v 3.5495782 2.0356412 -4.0801735
v 3.3268034 2.0940492 -7.5754356
v 3.5495782 2.0356412 -7.5754356
v 3.3268034 2.0940492 -4.0801735
v 8.836176 0.2667819 -4.0801735
v 8.836176 0.9111831 -7.5754356
v 8.836176 0.2667819 -7.5754356
v 8.836176 0.9111831 -4.0801735
v 8.836176 2.1088295 -7.5754356
v 8.836176 2.1088295 -4.0801735
v 7.4953723 0.2667819 -7.5754356
v 7.538297 0.766091 -4.0801735
v 7.4953723 0.2667819 -4.0801735
v 7.538297 0.766091 -7.5754356
v 8.613402 2.0504215 -7.5754356
v 8.187896 0.8030118 -4.0801735
v 8.187896 0.8030118 -7.5754356
v 8.613402 2.0504215 -4.0801735
v 8.187896 0.8030118 -4.0801735
v 8.836176 2.1088295 -4.0801735
v 8.836176 0.9111831 -4.0801735
v 8.613402 2.0504215 -4.0801735
v 8.836176 0.2667819 -4.0801735
v 7.4953723 0.2667819 -4.0801735
v 7.538297 0.766091 -4.0801735
v 7.538297 0.766091 -4.0801735
v 8.187896 0.8030118 -7.5754356
v 8.187896 0.8030118 -4.0801735
v 7.538297 0.766091 -7.5754356
v 8.613402 2.0504215 -4.0801735
v 8.836176 2.1088295 -7.5754356
v 8.836176 2.1088295 -4.0801735
v 8.613402 2.0504215 -7.5754356
v -5.780971 0.17194363 -5.5204334
v -5.780971 0.8163406 -8.0761
v -5.780971 0.8163406 -5.5204334
v -5.780971 0.17194363 -8.0761
v -5.780971 2.013987 -8.0761
v -5.780971 2.013987 -5.5204334
v -4.379644 0.17194363 -8.0761
v -4.4895396 0.77163726 -5.5204334
v -4.4895396 0.77163726 -8.0761
v -4.379644 0.17194363 -5.5204334
v -5.2767553 0.81672025 -8.0761
v -5.3739758 1.7894857 -5.5204334
v -5.3739758 1.7894857 -8.0761
v -5.2767553 0.81672025 -5.5204334
v -5.558197 1.9555844 -8.0761
v -5.558197 1.9555844 -5.5204334
v -5.780971 2.013987 -8.0761
v -5.780971 2.013987 -5.5204334
v -5.3739758 1.7894857 -5.5204334
v -5.2767553 0.81672025 -5.5204334
v -5.780971 0.8163406 -5.5204334
v -5.558197 1.9555844 -5.5204334
v -5.780971 2.013987 -5.5204334
v -5.780971 0.17194363 -5.5204334
v -4.957341 0.7361697 -5.5204334
v -4.4895396 0.77163726 -5.5204334
v -4.379644 0.17194363 -5.5204334
v -5.2767553 0.81672025 -5.5204334
v -4.957341 0.7361697 -8.0761
v -4.957341 0.7361697 -5.5204334
v -5.2767553 0.81672025 -8.0761
v -4.4895396 0.77163726 -8.0761
v -4.4895396 0.77163726 -5.5204334
v -5.780971 0.17194363 -8.0761
v -5.728664 0.009175096 -5.584325
v -5.728664 0.009175096 -8.012207
v -5.780971 0.17194363 -5.5204334
v -4.431951 0.009175096 -5.584325
v -5.780971 0.17194363 -5.5204334
v -4.379644 0.17194363 -5.5204334
v -5.728664 0.009175096 -5.584325
v -4.379644 0.17194363 -5.5204334
v -4.431951 0.009175096 -8.012207
v -4.431951 0.009175096 -5.584325
v -4.379644 0.17194363 -8.0761
v -5.780971 0.17194363 -2.9240267
v -5.780971 0.8163406 -5.4796925
v -5.780971 0.8163406 -2.9240267
v -5.780971 0.17194363 -5.4796925
v -5.780971 2.013987 -5.4796925
v -5.780971 2.013987 -2.9240267
v -4.379644 0.17194363 -5.4796925
v -4.4895396 0.77163726 -2.9240267
v -4.4895396 0.77163726 -5.4796925
v -4.379644 0.17194363 -2.9240267
v -5.2767553 0.81672025 -5.4796925
v -5.3739758 1.7894857 -2.9240267
v -5.3739758 1.7894857 -5.4796925
v -5.2767553 0.81672025 -2.9240267
v -5.558197 1.9555844 -5.4796925
v -5.558197 1.9555844 -2.9240267
v -5.780971 2.013987 -5.4796925
v -5.780971 2.013987 -2.9240267
v -5.3739758 1.7894857 -2.9240267
v -5.2767553 0.81672025 -2.9240267
v -5.780971 0.8163406 -2.9240267
v -5.558197 1.9555844 -2.9240267
v -5.780971 2.013987 -2.9240267
v -4.4895396 0.77163726 -2.9240267
v -4.379644 0.17194363 -2.9240267
v -5.780971 0.17194363 -2.9240267
v -4.957341 0.7361697 -2.9240267
v -5.2767553 0.81672025 -2.9240267
v -5.780971 0.8163406 -2.9240267
v -5.2767553 0.81672025 -2.9240267
v -4.957341 0.7361697 -5.4796925
v -4.957341 0.7361697 -2.9240267
v -5.2767553 0.81672025 -5.4796925
v -4.4895396 0.77163726 -5.4796925
v -4.4895396 0.77163726 -2.9240267
v -5.780971 0.17194363 -5.4796925
v -5.728664 0.009175096 -2.9879184
v -5.728664 0.009175096 -5.4158006
v -5.780971 0.17194363 -2.9240267
v -4.431951 0.009175096 -2.9879184
v -5.780971 0.17194363 -2.9240267
v -4.379644 0.17194363 -2.9240267
v -5.728664 0.009175096 -2.9879184
v -4.379644 0.17194363 -2.9240267
v -4.431951 0.009175096 -5.4158006
v -4.431951 0.009175096 -2.9879184
v -4.379644 0.17194363 -5.4796925
v -0.9068498 0.17194363 -5.5204334
v -0.9068498 0.8163406 -8.0761
v -0.9068498 0.17194363 -8.0761
v -0.9068498 0.8163406 -5.5204334
v -0.9068498 2.013987 -8.0761
v -0.9068498 2.013987 -5.5204334
v -2.3268578 0.17194363 -8.0761
v -2.2188082 0.77564603 -5.5204334
v -2.3268578 0.17194363 -5.5204334
v -2.2188082 0.77564603 -8.0761
v -1.4374352 0.81526333 -8.0761
v -1.3138447 1.7894857 -5.5204334
v -1.4374352 0.81526333 -5.5204334
v -1.3138447 1.7894857 -8.0761
v -1.1296239 1.9555844 -8.0761
v -1.1296239 1.9555844 -5.5204334
v -0.9068498 2.013987 -8.0761
v -0.9068498 2.013987 -5.5204334
v -1.1296239 1.9555844 -5.5204334
v -0.9068498 2.013987 -5.5204334
v -0.9068498 0.8163406 -5.5204334
v -1.4374352 0.81526333 -5.5204334
v -1.3138447 1.7894857 -5.5204334
v -1.4374352 0.81526333 -5.5204334
v -0.9068498 0.8163406 -5.5204334
v -0.9068498 0.17194363 -5.5204334
v -2.3268578 0.17194363 -5.5204334
v -1.7683076 0.73317045 -5.5204334
v -2.2188082 0.77564603 -5.5204334
v -1.4374352 0.81526333 -5.5204334
v -1.7683076 0.73317045 -8.0761
v -1.4374352 0.81526333 -8.0761
v -1.7683076 0.73317045 -5.5204334
v -2.2188082 0.77564603 -8.0761
v -2.2188082 0.77564603 -5.5204334
v -0.9068498 0.17194363 -8.0761
v -0.95915693 0.009175096 -5.584325
v -0.9068498 0.17194363 -5.5204334
v -0.95915693 0.009175096 -8.012207
v -2.2745507 0.009175096 -5.584325
v -0.9068498 0.17194363 -5.5204334
v -0.95915693 0.009175096 -5.584325
v -2.3268578 0.17194363 -5.5204334
v -2.3268578 0.17194363 -5.5204334
v -2.2745507 0.009175096 -8.012207
v -2.3268578 0.17194363 -8.0761
v -2.2745507 0.009175096 -5.584325
v -0.9068498 0.17194363 -2.9240267
v -0.9068498 0.8163406 -5.4796925
v -0.9068498 0.17194363 -5.4796925
v -0.9068498 0.8163406 -2.9240267
v -0.9068498 2.013987 -5.4796925
v -0.9068498 2.013987 -2.9240267
v -2.3268578 0.17194363 -5.4796925
v -2.2188082 0.77564603 -2.9240267
v -2.3268578 0.17194363 -2.9240267
v -2.2188082 0.77564603 -5.4796925
v -1.4374352 0.81526333 -5.4796925
v -1.3138447 1.7894857 -2.9240267
v -1.4374352 0.81526333 -2.9240267
v -1.3138447 1.7894857 -5.4796925
v -1.1296239 1.9555844 -5.4796925
v -1.1296239 1.9555844 -2.9240267
v -0.9068498 2.013987 -5.4796925
v -0.9068498 2.013987 -2.9240267
v -1.1296239 1.9555844 -2.9240267
v -0.9068498 2.013987 -2.9240267
v -0.9068498 0.8163406 -2.9240267
v -1.4374352 0.81526333 -2.9240267
v -1.3138447 1.7894857 -2.9240267
v -0.9068498 0.17194363 -2.9240267
v -2.3268578 0.17194363 -2.9240267
v -1.7683076 0.73317045 -2.9240267
v -2.2188082 0.77564603 -2.9240267
v -1.4374352 0.81526333 -2.9240267
v -1.7683076 0.73317045 -5.4796925
v -1.4374352 0.81526333 -5.4796925
v -1.7683076 0.73317045 -2.9240267
v -2.2188082 0.77564603 -5.4796925
v -2.2188082 0.77564603 -2.9240267
v -0.9068498 0.17194363 -5.4796925
v -0.95915693 0.009175096 -2.9879184
v -0.9068498 0.17194363 -2.9240267
v -0.95915693 0.009175096 -5.4158006
v -2.2745507 0.009175096 -2.9879184
v -0.9068498 0.17194363 -2.9240267
v -0.95915693 0.009175096 -2.9879184
v -2.3268578 0.17194363 -2.9240267
v -2.3268578 0.17194363 -2.9240267
v -2.2745507 0.009175096 -5.4158006
v -2.3268578 0.17194363 -5.4796925
v -2.2745507 0.009175096 -2.9879184
v 1.1323494 1.8879617 -4.9858427
v 1.2127967 1.6452291 -4.8184376
v 1.0467054 1.7441232 -4.8184376
v 1.2984406 1.7890676 -4.9858427
v 1.0467054 1.7441232 -4.8184376
v 1.1271527 1.5013888 -4.9858427
v 0.96106136 1.6002835 -4.9858427
v 1.2127967 1.6452291 -4.8184376
v 1.0467054 1.7441232 -4.8184376
v 0.96365964 1.7935684 -4.9858427
v 1.1323494 1.8879617 -4.9858427
v 0.96106136 1.6002835 -4.9858427
v 0.96365964 1.7935684 -4.9858427
v 1.0467054 1.7441232 -4.8184376
v 1.2984406 1.7890676 -4.9858427
v 1.2958417 1.5957828 -4.9858427
v 1.2127967 1.6452291 -4.8184376
v 1.2127967 1.6452291 -4.8184376
v 1.2958417 1.5957828 -4.9858427
v 1.1271527 1.5013888 -4.9858427
v 0.34927917 1.83548 -4.9858427
v 0.57277834 1.7112253 -4.8184376
v 0.3835748 1.6716226 -4.8184376
v 0.53848267 1.8750796 -4.9858427
v 0.3835748 1.6716226 -4.8184376
v 0.60707337 1.5473703 -4.9858427
v 0.41787046 1.5077689 -4.9858427
v 0.57277834 1.7112253 -4.8184376
v 0.3835748 1.6716226 -4.8184376
v 0.2889734 1.6518228 -4.9858427
v 0.34927917 1.83548 -4.9858427
v 0.41787046 1.5077689 -4.9858427
v 0.2889734 1.6518228 -4.9858427
v 0.3835748 1.6716226 -4.8184376
v 0.53848267 1.8750796 -4.9858427
v 0.66737974 1.7310251 -4.9858427
v 0.57277834 1.7112253 -4.8184376
v 0.57277834 1.7112253 -4.8184376
v 0.66737974 1.7310251 -4.9858427
v 0.60707337 1.5473703 -4.9858427
v 0.60139585 1.6803555 -4.9858427
v 0.8318054 1.791271 -4.8184376
v 0.7550317 1.6138674 -4.8184376
v 0.67816955 1.8577578 -4.9858427
v 0.7550317 1.6138674 -4.8184376
v 0.9854407 1.7247835 -4.9858427
v 0.90866756 1.5473788 -4.9858427
v 0.8318054 1.791271 -4.8184376
v 0.7550317 1.6138674 -4.8184376
v 0.7166449 1.5251651 -4.9858427
v 0.60139585 1.6803555 -4.9858427
v 0.90866756 1.5473788 -4.9858427
v 0.7166449 1.5251651 -4.9858427
v 0.7550317 1.6138674 -4.8184376
v 0.67816955 1.8577578 -4.9858427
v 0.8701922 1.8799722 -4.9858427
v 0.8318054 1.791271 -4.8184376
v 0.8318054 1.791271 -4.8184376
v 0.8701922 1.8799722 -4.9858427
v 0.9854407 1.7247835 -4.9858427
v 0.5064325 1.9907376 -5.186688
v 0.72993165 1.8664834 -5.019283
v 0.54072815 1.8268832 -5.019283
v 0.695636 2.030339 -5.186688
v 0.54072815 1.8268832 -5.019283
v 0.7642267 1.7026285 -5.186688
v 0.57502383 1.6630263 -5.186688
v 0.72993165 1.8664834 -5.019283
v 0.54072815 1.8268832 -5.019283
v 0.4461267 1.807081 -5.186688
v 0.5064325 1.9907376 -5.186688
v 0.57502383 1.6630263 -5.186688
v 0.4461267 1.807081 -5.186688
v 0.54072815 1.8268832 -5.019283
v 0.695636 2.030339 -5.186688
v 0.82453305 1.8862845 -5.186688
v 0.72993165 1.8664834 -5.019283
v 0.72993165 1.8664834 -5.019283
v 0.82453305 1.8862845 -5.186688
v 0.7642267 1.7026285 -5.186688
v 0.814544 1.9907376 -5.186688
v 1.0380433 1.8664834 -5.019283
v 0.8488397 1.8268832 -5.019283
v 1.0037476 2.030339 -5.186688
v 0.8488397 1.8268832 -5.019283
v 1.0723381 1.7026285 -5.186688
v 0.8831354 1.6630263 -5.186688
v 1.0380433 1.8664834 -5.019283
v 0.8488397 1.8268832 -5.019283
v 0.75423825 1.807081 -5.186688
v 0.814544 1.9907376 -5.186688
v 0.8831354 1.6630263 -5.186688
v 0.75423825 1.807081 -5.186688
v 0.8488397 1.8268832 -5.019283
v 1.0037476 2.030339 -5.186688
v 1.1326448 1.8862845 -5.186688
v 1.0380433 1.8664834 -5.019283
v 1.0380433 1.8664834 -5.019283
v 1.1326448 1.8862845 -5.186688
v 1.0723381 1.7026285 -5.186688
v -2.757493 5.4021626 -6.0292125
v -0.621409 5.0183783 -6.0292125
v -2.757636 5.0183783 -6.0292125
v -0.621409 5.4021626 -6.0292125
v -2.986638 4.465844 -7.6404557
v -2.757636 5.0183783 -6.0292125
v -2.757636 4.465844 -7.6404557
v -2.986638 5.0183783 -6.0292125
v -2.9864862 5.4021626 -6.0292125
v -2.757636 5.0183783 -6.0292125
v -2.986638 5.0183783 -6.0292125
v -2.757493 5.4021626 -6.0292125
v -5.3087025 5.4021626 -6.0292125
v -2.986638 5.0183783 -6.0292125
v -5.308972 5.0183783 -6.0292125
v -2.9864862 5.4021626 -6.0292125
v -5.5627117 4.465844 -7.640456
v -5.308972 5.0183783 -6.0292125
v -5.308972 4.465844 -7.640456
v -5.5627117 5.0183783 -6.0292125
v -5.5627646 5.4021626 -6.0292125
v -5.308972 5.0183783 -6.0292125
v -5.5627117 5.0183783 -6.0292125
v -5.3087025 5.4021626 -6.0292125
v -5.5627117 4.465844 -7.640456
v -5.5633216 5.6063223 -6.0292125
v -5.5627117 5.0183783 -6.0292125
v -5.5623803 5.6063223 -7.640456
v 1.4890981 0.9766256 -5.283794
v 1.4890981 -0.0031295912 -4.609553
v 1.4890981 0.9766256 -4.6177216
v 1.4890981 -0.0031295912 -5.2756243
v 0.09463867 -0.0031295912 -4.609553
v 0.28972352 0.82303494 -4.6165943
v 0.28972352 0.18374296 -4.611887
v 0.09463867 0.9766256 -4.6177216
v 1.3093041 0.18374296 -4.611887
v 1.4890981 -0.0031295912 -4.609553
v 1.3093041 0.82303494 -4.6165943
v 1.4890981 0.9766256 -4.6177216
v 0.09463867 0.9766256 -5.283794
v 0.09463867 -0.0031295912 -4.609553
v 0.09463867 -0.0031295912 -5.2756243
v 0.09463867 0.9766256 -4.6177216
v 1.4890981 0.9766256 -5.283794
v 0.09463867 0.9766256 -4.6177216
v 0.09463867 0.9766256 -5.283794
v 1.4890981 0.9766256 -4.6177216
v 0.28972352 0.82303494 -4.6165943
v 0.28972352 0.42070648 -5.1014013
v 0.28972352 0.18374296 -4.611887
v 0.28972352 0.18374296 -4.611887
v 1.3093041 0.42070648 -5.1014013
v 1.3093041 0.18374296 -4.611887
v 0.28972352 0.42070648 -5.1014013
v 1.3093041 0.18374296 -4.611887
v 1.3093041 0.42070648 -5.1014013
v 1.3093041 0.82303494 -4.6165943
v 1.3093041 0.82303494 -4.6165943
v 0.28972352 0.42070648 -5.1014013
v 0.28972352 0.82303494 -4.6165943
v 1.3093041 0.42070648 -5.1014013
v -2.757636 4.465844 -7.6404557
v -0.7947461 4.5106783 -7.5097165
v -0.621409 4.465844 -7.6404557
v -2.5842988 4.5106783 -7.5097165
v -0.7947461 4.9735446 -6.1599517
v -0.621409 5.0183783 -6.0292125
v -2.5842988 4.9735446 -6.1599517
v -2.757636 5.0183783 -6.0292125
v -5.308972 4.465844 -7.640456
v -3.2141523 4.519975 -7.4826055
v -2.986638 4.465844 -7.6404557
v -5.0814576 4.519975 -7.482606
v -3.2141523 4.9642477 -6.1870627
v -2.986638 5.0183783 -6.0292125
v -5.0814576 4.9642477 -6.1870627
v -5.308972 5.0183783 -6.0292125
v 0.41479063 -2.1498545E-06 -7.0295196
v 0.621413 4.2544723 -7.0295196
v 0.621413 -2.1498545E-06 -7.0295196
v 0.41479063 4.2544723 -7.0295196
v 0.621413 5.8658805 -8.406592
v 0.621413 -2.1498545E-06 -8.406592
v 0.621413 -2.1498545E-06 -7.0295196
v 0.621413 4.2544723 -7.0295196
v 0.621413 5.4286613 -4.237276
v 0.621413 5.8658805 -4.237276
v 0.41479063 4.2544723 -7.0295196
v 0.41479063 -2.1498545E-06 -7.0295196
v 0.41479126 -2.1498545E-06 -7.440169
v 0.41479126 5.8658853 -7.440169
v 0.41479063 5.4286613 -4.237276
v 0.41479063 5.8658805 -4.237276
v 0.41479063 5.4286613 -4.237276
v 0.621413 5.8658805 -4.237276
v 0.621413 5.4286613 -4.237276
v 0.41479063 5.8658805 -4.237276
v 0.41479063 4.2544723 -7.0295196
v 0.621413 5.4286613 -4.237276
v 0.621413 4.2544723 -7.0295196
v 0.41479063 5.4286613 -4.237276
v -0.41478637 -2.1498545E-06 -7.0295196
v -0.6214087 4.2544723 -7.0295196
v -0.41478637 4.2544723 -7.0295196
v -0.6214087 -2.1498545E-06 -7.0295196
v -0.6214087 4.2544723 -7.0295196
v -0.6214087 -2.1498545E-06 -7.0295196
v -0.6214087 -2.1498545E-06 -8.406592
v -0.6214087 5.8658805 -8.406592
v -0.6214087 5.4286613 -4.237276
v -0.6214087 5.8658805 -4.237276
v -0.41478637 5.8658805 -7.440169
v -0.41478637 -2.1498545E-06 -7.440169
v -0.41478637 -2.1498545E-06 -7.0295196
v -0.41478637 4.2544723 -7.0295196
v -0.41478637 5.4286613 -4.237276
v -0.41478637 5.8658805 -4.237276
v -0.41478637 5.4286613 -4.237276
v -0.6214087 5.8658805 -4.237276
v -0.41478637 5.8658805 -4.237276
v -0.6214087 5.4286613 -4.237276
v -0.41478637 4.2544723 -7.0295196
v -0.6214087 5.4286613 -4.237276
v -0.41478637 5.4286613 -4.237276
v -0.6214087 4.2544723 -7.0295196
v -0.41478637 -2.1498545E-06 -7.440169
v 0.41479126 5.8658853 -7.440169
v 0.41479126 -2.1498545E-06 -7.440169
v -0.41478637 5.8658805 -7.440169
v -3.103432 5.7999177 -3.7928188
v -3.143104 4.886884 -3.8291082
v -3.1397216 5.7999177 -3.8291082
v -3.103432 4.886884 -3.7894363
v -3.1397216 5.7999177 -3.8291082
v -3.103432 4.886884 -3.8687801
v -3.103432 5.7999177 -3.8653975
v -3.143104 4.886884 -3.8291082
v -3.103432 5.7999177 -3.8653975
v -3.0637603 4.886884 -3.8291082
v -3.067143 5.7999177 -3.8291082
v -3.103432 4.886884 -3.8687801
v -3.103432 4.886884 -3.7894363
v -3.067143 5.7999177 -3.8291082
v -3.0637603 4.886884 -3.8291082
v -3.103432 5.7999177 -3.7928188
v -3.103432 5.7999177 -3.7928188
v -3.2448606 5.8658805 -3.8291082
v -3.103432 5.8658805 -3.6876793
v -3.1397216 5.7999177 -3.8291082
v -3.1397216 5.7999177 -3.8291082
v -3.103432 5.8658805 -3.970537
v -3.2448606 5.8658805 -3.8291082
v -3.103432 5.7999177 -3.8653975
v -3.103432 5.7999177 -3.8653975
v -2.9620037 5.8658805 -3.8291082
v -3.103432 5.8658805 -3.970537
v -3.067143 5.7999177 -3.8291082
v -3.103432 5.8658805 -3.6876793
v -3.067143 5.7999177 -3.8291082
v -3.103432 5.7999177 -3.7928188
v -2.9620037 5.8658805 -3.8291082
v -3.103432 4.7405806 -3.7538066
v -3.0637603 4.886884 -3.8291082
v -3.0160277 4.7821336 -3.8203206
v -3.103432 4.886884 -3.7894363
v -3.103432 4.886884 -3.8687801
v -3.0160277 4.7821336 -3.8203206
v -3.0637603 4.886884 -3.8291082
v -3.103432 4.7821336 -3.8721623
v -3.143104 4.886884 -3.8291082
v -3.103432 4.7821336 -3.8721623
v -3.103432 4.886884 -3.8687801
v -3.2020323 4.7821336 -3.8163497
v -3.103432 4.886884 -3.7894363
v -3.2020323 4.7821336 -3.8163497
v -3.143104 4.886884 -3.8291082
v -3.103432 4.886884 -3.7894363
v -3.103432 4.7405806 -3.7538066
v 6.2552247 5.7999177 -5.0514855
v 6.215555 4.886884 -5.0877748
v 6.2189364 5.7999177 -5.0877748
v 6.2552247 4.886884 -5.048103
v 6.2189364 5.7999177 -5.0877748
v 6.2552247 4.886884 -5.1274467
v 6.2552247 5.7999177 -5.1240644
v 6.215555 4.886884 -5.0877748
v 6.2552247 5.7999177 -5.1240644
v 6.2948976 4.886884 -5.0877748
v 6.291516 5.7999177 -5.0877748
v 6.2552247 4.886884 -5.1274467
v 6.2552247 4.886884 -5.048103
v 6.291516 5.7999177 -5.0877748
v 6.2948976 4.886884 -5.0877748
v 6.2552247 5.7999177 -5.0514855
v 6.2552247 5.7999177 -5.0514855
v 6.1137977 5.8658805 -5.0877748
v 6.2552247 5.8658805 -4.946346
v 6.2189364 5.7999177 -5.0877748
v 6.2189364 5.7999177 -5.0877748
v 6.2552247 5.8658805 -5.229203
v 6.1137977 5.8658805 -5.0877748
v 6.2552247 5.7999177 -5.1240644
v 6.2552247 5.7999177 -5.1240644
v 6.396655 5.8658805 -5.0877748
v 6.2552247 5.8658805 -5.229203
v 6.291516 5.7999177 -5.0877748
v 6.2552247 5.8658805 -4.946346
v 6.291516 5.7999177 -5.0877748
v 6.2552247 5.7999177 -5.0514855
v 6.396655 5.8658805 -5.0877748
v 6.2552247 4.7405806 -5.012473
v 6.2948976 4.886884 -5.0877748
v 6.3426304 4.7821336 -5.078987
v 6.2552247 4.886884 -5.048103
v 6.2552247 4.886884 -5.1274467
v 6.3426304 4.7821336 -5.078987
v 6.2948976 4.886884 -5.0877748
v 6.2552247 4.7821336 -5.130829
v 6.215555 4.886884 -5.0877748
v 6.2552247 4.7821336 -5.130829
v 6.2552247 4.886884 -5.1274467
v 6.1566257 4.7821336 -5.0750165
v 6.2552247 4.886884 -5.048103
v 6.1566257 4.7821336 -5.0750165
v 6.215555 4.886884 -5.0877748
v 6.2552247 4.886884 -5.048103
v 6.2552247 4.7405806 -5.012473
v -3.1480074 0.013923632 -4.81796
v -3.359928 0.09647979 -4.7227
v -3.2645767 0.09647979 -4.8179207
v -3.3619006 0.013923632 -4.604067
v -3.3598094 1.1771768 -4.722167
v -3.2639673 1.1771512 -4.81814
v -3.3619006 0.013923632 -4.604067
v -3.4551926 0.09647979 -4.817949
v -3.359928 0.09647979 -4.7227
v -3.5678177 0.013923632 -4.8099837
v -3.359928 0.09647979 -4.7227
v -3.4557378 1.1769497 -4.8181124
v -3.3598094 1.1771768 -4.722167
v -3.4551926 0.09647979 -4.817949
v 1.4035388 1.5969241 -5.6479774
v 0.18835936 1.5969241 -4.803185
v 0.18835936 1.5969241 -5.6479774
v 1.4035388 1.5969241 -4.803185
v 1.4035388 1.5969241 -4.803185
v 0.18835936 1.2695835 -4.803185
v 0.18835936 1.5969241 -4.803185
v 1.4035388 1.2695835 -4.803185
v 0.18835936 1.2695835 -4.803185
v 0.18835936 1.5969241 -5.6479774
v 0.18835936 1.5969241 -4.803185
v 0.18835936 1.2695835 -5.6479774
v 0.18835936 0.94224393 -5.06229
v 0.18835936 0.94224393 -5.6479774
v 1.4035388 1.5969241 -5.6479774
v 1.4035388 1.2695835 -4.803185
v 1.4035388 1.5969241 -4.803185
v 1.4035388 1.2695835 -5.6479774
v 1.4035388 0.94224393 -5.06229
v 1.4035388 0.94224393 -5.6479774
v 1.4035388 1.2695835 -4.803185
v 0.18835936 0.94224393 -5.06229
v 0.18835936 1.2695835 -4.803185
v 1.4035388 0.94224393 -5.06229
v 4.6154094 -0.005531935 -4.266112
v 4.3229384 0.45437407 -4.2421155
v 4.5130396 0.45437407 -4.432216
v 4.4965644 -0.005531935 -4.1472645
v 4.1568427 0.45437407 -4.408212
v 4.4965644 -0.005531935 -4.1472645
v 4.410516 -0.005531935 -4.233312
v 4.3229384 0.45437407 -4.2421155
v 4.529362 -0.005531935 -4.352159
v 4.1568427 0.45437407 -4.408212
v 4.410516 -0.005531935 -4.233312
v 4.3469424 0.45437407 -4.598313
v 3.41434 -0.005531935 -4.266112
v 3.7068107 0.60953766 -4.2421155
v 3.5331852 -0.005531935 -4.1472645
v 3.5167096 0.60953766 -4.432216
v 3.8729064 0.60953766 -4.408212
v 3.5331852 -0.005531935 -4.1472645
v 3.7068107 0.60953766 -4.2421155
v 3.6192315 -0.005531935 -4.233312
v 3.5003874 -0.005531935 -4.352159
v 3.8729064 0.60953766 -4.408212
v 3.682807 0.60953766 -4.598313
v 3.6192315 -0.005531935 -4.233312
v 4.4983015 -0.005531935 -7.418811
v 4.5222974 0.45437407 -7.1263404
v 4.3321967 0.45437407 -7.3164415
v 4.617148 -0.005531935 -7.299966
v 4.3562026 0.45437407 -6.960243
v 4.617148 -0.005531935 -7.299966
v 4.5311017 -0.005531935 -7.213918
v 4.5222974 0.45437407 -7.1263404
v 4.412255 -0.005531935 -7.332764
v 4.3562026 0.45437407 -6.960243
v 4.5311017 -0.005531935 -7.213918
v 4.1661 0.45437407 -7.150345
v 3.5382488 -0.005531935 -7.418811
v 3.5142522 0.60953766 -7.1263404
v 3.4194012 -0.005531935 -7.299966
v 3.7043536 0.60953766 -7.3164415
v 3.6803484 0.60953766 -6.960243
v 3.4194012 -0.005531935 -7.299966
v 3.5142522 0.60953766 -7.1263404
v 3.5054486 -0.005531935 -7.2139187
v 3.6242962 -0.005531935 -7.332764
v 3.6803484 0.60953766 -6.960243
v 3.8704479 0.60953766 -7.150345
v 3.5054486 -0.005531935 -7.2139187
v 7.29858 1.308027 -7.4069004
v 4.9071636 1.308027 -3.7963521
v 4.9071627 1.308027 -7.4069004
v 7.29858 1.308027 -3.7963521
v 7.29858 1.308027 -3.7963521
v 4.9071627 1.0863162 -3.7963521
v 4.9071636 1.308027 -3.7963521
v 7.29858 1.0863162 -3.7963521
v 4.9071627 1.0863162 -3.7963521
v 4.9071627 1.308027 -7.4069004
v 4.9071636 1.308027 -3.7963521
v 4.9071627 1.0863162 -7.4069004
v 7.29858 1.308027 -7.4069004
v 7.29858 1.0863162 -3.7963521
v 7.29858 1.308027 -3.7963521
v 7.29858 1.0863162 -7.4069004
v 5.087516 -0.01094209 -4.143338
v 5.3799877 1.1829269 -4.119342
v 5.206363 -0.01094209 -4.0244913
v 5.1898875 1.1829269 -4.3094425
v 5.546085 1.1829269 -4.2854385
v 5.206363 -0.01094209 -4.0244913
v 5.3799877 1.1829269 -4.119342
v 5.2924094 -0.01094209 -4.1105385
v 5.1735654 -0.01094209 -4.2293854
v 5.546085 1.1829269 -4.2854385
v 5.3559837 1.1829269 -4.4755397
v 5.2924094 -0.01094209 -4.1105385
v 7.233729 -0.01094209 -4.143338
v 6.941261 1.1829269 -4.119342
v 7.1313596 1.1829269 -4.3094425
v 7.1148825 -0.01094209 -4.0244913
v 6.775161 1.1829269 -4.2854385
v 7.1148825 -0.01094209 -4.0244913
v 7.0288377 -0.01094209 -4.1105385
v 6.941261 1.1829269 -4.119342
v 7.1476817 -0.01094209 -4.2293854
v 6.775161 1.1829269 -4.2854385
v 7.0288377 -0.01094209 -4.1105385
v 6.9652624 1.1829269 -4.4755397
v 5.2046266 -0.01094209 -7.039366
v 5.1806297 1.1829269 -6.7468944
v 5.370731 1.1829269 -6.9369955
v 5.085779 -0.01094209 -6.9205203
v 5.3467245 1.1829269 -6.580798
v 5.085779 -0.01094209 -6.9205203
v 5.171826 -0.01094209 -6.8344736
v 5.1806297 1.1829269 -6.7468944
v 5.2906737 -0.01094209 -6.953319
v 5.3467245 1.1829269 -6.580798
v 5.171826 -0.01094209 -6.8344736
v 5.536827 1.1829269 -6.7708993
v 7.1101646 -0.01094209 -7.039366
v 7.13416 1.1829269 -6.746895
v 6.9440575 1.1829269 -6.9369965
v 7.229011 -0.01094209 -6.9205203
v 6.968064 1.1829269 -6.580798
v 7.229011 -0.01094209 -6.9205203
v 7.1429625 -0.01094209 -6.8344736
v 7.13416 1.1829269 -6.746895
v 7.024116 -0.01094209 -6.953319
v 6.968064 1.1829269 -6.580798
v 7.1429625 -0.01094209 -6.8344736
v 6.7779627 1.1829269 -6.7708993
v 7.591516 -0.005536818 -4.266112
v 7.8839865 0.46915436 -4.2421155
v 7.7103624 -0.005536818 -4.1472645
v 7.6938868 0.46915436 -4.4322157
v 8.050085 0.46915436 -4.408212
v 7.7103624 -0.005536818 -4.1472645
v 7.8839865 0.46915436 -4.2421155
v 7.796409 -0.005536818 -4.233312
v 7.6775646 -0.005536818 -4.352159
v 8.050085 0.46915436 -4.408212
v 7.859983 0.46915436 -4.598313
v 7.796409 -0.005536818 -4.233312
v 8.748641 -0.005536818 -4.266112
v 8.456171 0.62431794 -4.2421155
v 8.64627 0.62431794 -4.4322157
v 8.629794 -0.005536818 -4.1472645
v 8.290072 0.62431794 -4.408212
v 8.629794 -0.005536818 -4.1472645
v 8.543748 -0.005536818 -4.233312
v 8.456171 0.62431794 -4.2421155
v 8.662592 -0.005536818 -4.352159
v 8.290072 0.62431794 -4.408212
v 8.543748 -0.005536818 -4.233312
v 8.480175 0.62431794 -4.598313
v 7.708624 -0.005536818 -7.4188113
v 7.6846275 0.46915436 -7.126341
v 7.589779 -0.005536818 -7.299966
v 7.8747306 0.46915436 -7.316442
v 7.8507237 0.46915436 -6.960243
v 7.589779 -0.005536818 -7.299966
v 7.6846275 0.46915436 -7.126341
v 7.6758237 -0.005536818 -7.2139196
v 7.7946715 -0.005536818 -7.332764
v 7.8507237 0.46915436 -6.960243
v 8.040826 0.46915436 -7.1503453
v 7.6758237 -0.005536818 -7.2139196
v 8.624732 -0.005536818 -7.418811
v 8.648728 0.62431794 -7.1263404
v 8.458626 0.62431794 -7.3164415
v 8.743578 -0.005536818 -7.299966
v 8.482631 0.62431794 -6.960243
v 8.743578 -0.005536818 -7.299966
v 8.657531 -0.005536818 -7.2139187
v 8.648728 0.62431794 -7.1263404
v 8.538683 -0.005536818 -7.332764
v 8.482631 0.62431794 -6.960243
v 8.657531 -0.005536818 -7.2139187
v 8.292532 0.62431794 -7.150345
v -2.2251685 1.3073257 -7.294062
v -4.466924 1.3073257 -3.7216122
v -4.466925 1.3073288 -7.294062
v -2.2251675 1.3073257 -3.7216122
v -2.2251675 1.3073257 -3.7216122
v -4.466925 1.0856143 -3.7216122
v -4.466924 1.3073257 -3.7216122
v -2.2251685 1.0856143 -3.7216122
v -4.466925 1.0856143 -3.7216122
v -4.466925 1.3073288 -7.294062
v -4.466924 1.3073257 -3.7216122
v -4.466925 1.0856143 -7.294062
v -2.2251685 1.3073257 -7.294062
v -2.2251685 1.0856143 -3.7216122
v -2.2251675 1.3073257 -3.7216122
v -2.2251685 1.0856143 -7.294062
v -9.463344 -2.1498545E-06 -8.19889
v -9.463344 0.8725766 -5.8621716
v -9.463344 -2.1498545E-06 -5.8621707
v -9.463344 0.8725766 -8.198889
v -9.164114 0.8725766 -5.8621716
v -9.463344 -2.1498545E-06 -5.8621707
v -9.463344 0.8725766 -5.8621716
v -9.164115 -2.1498545E-06 -5.8621707
v -9.164114 -2.1498545E-06 -8.19889
v -9.164114 0.8725766 -5.8621716
v -9.164114 0.8725766 -8.19889
v -9.164115 -2.1498545E-06 -5.8621707
v -7.2377453 -2.1498545E-06 -8.198891
v -7.2377453 0.8725766 -5.8621726
v -7.2377453 -2.1498545E-06 -5.8621716
v -7.2377453 0.8725766 -8.198891
v -6.9385157 0.8725766 -5.862172
v -7.2377453 -2.1498545E-06 -5.8621716
v -7.2377453 0.8725766 -5.8621726
v -6.938516 -2.1498545E-06 -5.8621716
v -6.9385157 -2.1498545E-06 -8.198891
v -6.9385157 0.8725766 -5.862172
v -6.9385157 0.8725766 -8.19889
v -6.938516 -2.1498545E-06 -5.8621716
v -6.9385157 0.8725766 -5.862172
v -6.9385147 1.1718069 -8.198889
v -6.9385157 0.8725766 -8.19889
v -6.9385157 1.1718069 -5.8621716
v -8.20093 1.1718069 -8.198889
v -6.9385157 1.1718069 -5.8621716
v -8.200929 1.1718069 -5.8621716
v -6.9385147 1.1718069 -8.198889
v -8.20093 0.8725766 -5.8621716
v -6.9385157 1.1718069 -5.8621716
v -6.9385157 0.8725766 -5.862172
v -8.200929 1.1718069 -5.8621716
v -9.463344 0.8725766 -5.8621716
v -9.463344 1.1718069 -8.198889
v -9.463343 1.1718069 -5.8621716
v -9.463344 0.8725766 -8.198889
v -8.20093 1.1718069 -8.198889
v -9.463343 1.1718069 -5.8621716
v -9.463344 1.1718069 -8.198889
v -8.200929 1.1718069 -5.8621716
v -8.20093 0.8725766 -5.8621716
v -9.463343 1.1718069 -5.8621716
v -8.200929 1.1718069 -5.8621716
v -9.463344 0.8725766 -5.8621716
v 7.29858 1.0863162 -7.4069004
v 4.9071636 1.0863162 -3.7963521
v 7.29858 1.0863162 -3.7963521
v 4.9071627 1.0863162 -7.4069004
v -2.2251685 1.0856131 -7.294062
v -4.466924 1.0856131 -3.7216122
v -2.2251675 1.0856131 -3.7216122
v -4.466925 1.0856161 -7.294062
v -8.20093 0.8725766 -8.198889
v -6.9385157 0.8725766 -5.8621716
v -6.9385147 0.8725766 -8.198889
v -8.200929 0.8725766 -5.8621716
v -8.20093 0.8725766 -8.198889
v -9.463343 0.8725766 -5.8621716
v -8.200929 0.8725766 -5.8621716
v -9.463344 0.8725766 -8.198889
v 9.801264 5.873752 -8.257115
v 2.1362305E-06 5.873752 0
v 9.801264 5.873752 0
v 2.1362305E-06 5.8737473 -8.257115
v 2.1362305E-06 5.8737473 -8.257115
v -9.801268 5.8737473 3.159046E-08
v 2.1362305E-06 5.873752 0
v -9.801268 5.8737473 -8.257115
v -9.801268 3.247192 -1.3456466
v -9.801268 5.873752 -2.2412994
v -9.801268 3.247192 -2.0636532
v -9.801268 5.873752 -1.4463296
v -9.801268 5.873752 0
v -9.801268 2.1998727 1.5258789E-07
v -9.801268 2.1998727 -1.2589539
v -9.801268 5.873752 -2.922639
v -9.801268 3.1502168 -2.9822257
v -9.801268 5.873752 -4.650001
v -9.801268 2.1998727 -2.968117
v -9.801268 2.1998727 -4.6500006
v 9.801264 5.873752 0
v 9.801264 2.1998727 -1.1368684E-15
v 9.801264 2.1998727 -1.2589542
v 9.801264 3.2132978 -1.3103867
v 9.801264 5.873752 -1.321802
v 9.801264 3.2132978 -2.1235278
v 9.801264 5.873752 -1.9790672
v 9.801264 3.2132978 -3.0031621
v 9.801264 5.873752 -2.975764
v 9.801264 5.873752 -4.650001
v 9.801264 2.1998727 -4.650001
v 9.801264 2.1998727 -2.9681172
v 9.801265 2.1998727 -8.257115
v 9.801264 5.873752 -4.650001
v 9.801264 2.1998727 -4.650001
v 9.801264 5.873752 -8.257115
v -9.801268 2.1998727 -8.257115
v -9.801268 5.873752 -4.650001
v -9.801268 5.873752 -8.257115
v -9.801268 2.1998727 -4.6500006
v 3.0517576E-06 2.1998727 -8.257116
v 9.801264 5.873752 -8.257115
v 9.801265 2.1998727 -8.257115
v 2.1362305E-06 5.8737473 -8.257115
v -9.801268 2.1998727 -8.257116
v 2.1362305E-06 5.8737473 -8.257115
v 3.0517576E-06 2.1998727 -8.257116
v -9.801268 5.8737473 -8.257115
v 6.868347 0.007863465 -8.257115
v 9.801265 2.1998727 -8.257115
v 9.801264 0.007863465 -8.257115
v 6.868347 2.1998727 -8.257115
v 3.434174 0.007863465 -8.257115
v 6.868347 2.1998727 -8.257115
v 6.868347 0.007863465 -8.257115
v 3.434174 2.1998727 -8.257115
v 3.0517576E-06 0.007863465 -8.257116
v 3.434174 2.1998727 -8.257115
v 3.434174 0.007863465 -8.257115
v 3.0517576E-06 2.1998727 -8.257116
v -3.4341686 0.007863465 -8.257115
v 3.0517576E-06 2.1998727 -8.257116
v 3.0517576E-06 0.007863465 -8.257116
v -3.4341686 2.1998727 -8.257115
v -6.868341 0.007863465 -8.257115
v -3.4341686 2.1998727 -8.257115
v -3.4341686 0.007863465 -8.257115
v -6.868341 2.1998727 -8.257115
v -9.801268 0.007863465 -8.257116
v -6.868341 2.1998727 -8.257115
v -6.868341 0.007863465 -8.257115
v -9.801268 2.1998727 -8.257116
v -9.801268 0.007863465 -6.052487
v -9.801268 2.1998727 -8.257115
v -9.801268 0.007863465 -8.257115
v -9.801268 2.1998727 -6.052487
v -9.801268 0.007863465 -2.968117
v -9.801268 2.1998727 -6.052487
v -9.801268 0.007863465 -6.052487
v -9.801268 2.1998727 -2.968117
v -9.801268 0.007863465 1.5258789E-07
v -9.801268 2.1998727 -1.2589539
v -9.801268 0.007863465 -1.2589538
v -9.801268 2.1998727 1.5258789E-07
v 9.801264 0.007863465 -6.052487
v 9.801265 2.1998727 -8.257115
v 9.801264 2.1998727 -6.052487
v 9.801264 0.007863465 -8.257115
v 9.801264 0.007863465 -2.9681172
v 9.801264 2.1998727 -6.052487
v 9.801264 2.1998727 -2.9681172
v 9.801264 0.007863465 -6.052487
v 9.801264 0.007863465 -1.1368684E-15
v 9.801264 2.1998727 -1.2589542
v 9.801264 2.1998727 -1.1368684E-15
v 9.801264 0.007863465 -1.2589542
v 7.7118516 0.007863465 0
v 1.8310545E-06 0.007863465 -6.2299075
v 7.7118516 0.007863465 -6.2299075
v 1.8310545E-06 0.007863465 0
v 9.801264 0.007863465 -1.1368684E-15
v 7.7118516 0.007863465 -6.2299075
v 9.801264 0.007863465 -6.2299075
v 7.7118516 0.007863465 0
v -2.5906637 0.007863465 0
v -9.801268 0.007863465 -6.2299075
v -2.5906637 0.007863465 -6.2299075
v -9.801268 0.007863465 0
v 1.8310545E-06 0.007863465 0
v -2.5906637 0.007863465 -6.2299075
v 1.8310545E-06 0.007863465 -6.2299075
v -2.5906637 0.007863465 0
v -2.5906637 0.007863465 -6.2299075
v -9.801268 0.007863465 -8.257116
v -2.5906637 0.007863465 -8.257115
v -9.801268 0.007863465 -6.2299075
v 1.8310545E-06 0.007863465 -6.2299075
v -2.5906637 0.007863465 -8.257115
v 3.0517576E-06 0.007863465 -8.257116
v -2.5906637 0.007863465 -6.2299075
v 7.7118516 0.007863465 -6.2299075
v 3.0517576E-06 0.007863465 -8.257116
v 7.7118516 0.007863465 -8.257115
v 1.8310545E-06 0.007863465 -6.2299075
v 9.801264 0.007863465 -6.2299075
v 7.7118516 0.007863465 -8.257115
v 9.801264 0.007863465 -8.257115
v 7.7118516 0.007863465 -6.2299075
v -9.69005 2.9690444 -1.1873977
v -9.69005 0.45720503 -1.4329829
v -9.69005 0.45720503 -1.1873977
v -9.69005 2.9214272 -1.4329829
v -9.69005 3.2234085 -1.2993339
v -9.69005 3.2234085 -1.2993339
v -9.69005 3.0773122 -1.5077375
v -9.69005 3.3941617 -1.5469755
v -9.69005 3.2234085 -1.2993339
v -9.69005 3.1735682 -1.6414927
v -9.69005 3.3941617 -2.7829483
v -9.69005 3.1735682 -2.688431
v -9.69005 3.0773122 -2.8221862
v -9.69005 3.2234085 -3.0305898
v -9.69005 2.9214272 -2.8969405
v -9.69005 2.9690444 -3.142526
v -9.69005 0.45720503 -2.8969405
v -9.69005 0.45720503 -3.1425257
v -9.69005 3.2234085 -3.0305898
v -9.69005 2.9690444 -1.1873977
v -9.801256 0.45720503 -1.1873977
v -9.801256 2.9690444 -1.1873977
v -9.69005 0.45720503 -1.1873977
v -9.69005 3.2234085 -1.2993339
v -9.69005 3.3941617 -1.5469755
v -9.801256 3.3941617 -2.782948
v -9.69005 3.3941617 -2.7829483
v -9.69005 3.3941617 -1.5469755
v -9.801256 3.3941617 -1.5469757
v -9.801256 3.2234085 -1.2993339
v -9.801256 3.2234085 -1.2993339
v -9.69005 3.2234085 -1.2993339
v -9.801256 3.2234085 -3.0305898
v -9.69005 3.3941617 -2.7829483
v -9.801256 3.2234085 -3.0305898
v -9.69005 3.2234085 -3.0305898
v -9.801256 2.9690444 -1.1873977
v -9.801256 3.2234085 -1.2993339
v -9.69005 3.2234085 -1.2993339
v -9.69005 2.9690444 -3.142526
v -9.801256 0.45720503 -3.1425257
v -9.69005 0.45720503 -3.1425257
v -9.801256 2.9690444 -3.142526
v -9.69005 3.2234085 -3.0305898
v -9.801256 2.9690444 -3.142526
v -9.801256 3.2234085 -3.0305898
v -10.302511 0.46111602 -1.1237383
v -9.668985 0.46111602 -1.4544674
v -9.668985 0.46111602 -1.1237383
v -10.302511 0.46111602 -1.4544674
v -9.668985 0.46111602 -1.4544674
v -9.668985 0.007861023 -1.4544674
v -9.668998 0.0077999877 -1.0332737
v -9.668998 0.104418635 -1.0332737
v -9.668985 0.46111602 -1.4544674
v -9.668985 0.46111602 -1.1237383
v -9.801256 0.10453827 -1.0332985
v -9.668985 0.46111602 -1.1237383
v -9.668998 0.104418635 -1.0332737
v -9.801256 0.46111602 -1.1237383
v -9.668998 0.0077999877 -1.0332737
v -9.801256 0.007919617 -1.0332985
v -9.668998 0.104418635 -3.2966495
v -9.668998 0.0077999877 -3.2966495
v -9.668985 0.007861023 -2.8754566
v -9.668985 0.46111602 -2.8754566
v -9.668985 0.46111602 -3.2061856
v 9.690055 2.9690444 -1.1873977
v 9.690055 0.45720503 -1.4329829
v 9.690055 2.9214272 -1.4329829
v 9.690055 2.9690444 -1.1873977
v 9.690055 0.45720503 -1.1873977
v 9.690055 0.45720503 -1.4329829
v 9.690055 2.9690444 -1.1873977
v 9.801261 0.45720503 -1.1873977
v 9.690055 0.45720503 -1.1873977
v 9.690055 2.9690444 -1.1873977
v 9.801261 2.9690444 -1.1873977
v 9.801261 0.45720503 -1.1873977
v 9.690055 3.3941617 -1.5469755
v 9.690055 3.0773122 -1.5077375
v 9.690055 3.1735682 -1.6414927
v 9.690055 3.2234085 -1.2993339
v 9.690055 2.9214272 -1.4329829
v 9.690055 2.9690444 -1.1873977
v 9.690055 3.3941617 -2.7829483
v 9.690055 3.1735682 -2.688431
v 9.690055 3.0773122 -2.8221862
v 9.690055 3.2234085 -3.0305898
v 9.690055 2.9214272 -2.8969405
v 9.690055 2.9690444 -3.142526
v 9.690055 0.45720503 -2.8969405
v 9.690055 0.45720503 -3.1425257
v 9.690055 3.3941617 -1.5469755
v 9.801261 3.3941617 -2.782948
v 9.801261 3.3941617 -1.5469757
v 9.690055 3.3941617 -2.7829483
v 9.801261 3.2234085 -1.2993339
v 9.759928 3.2234085 -3.0305898
v 9.759928 3.2234085 -3.0305898
v 9.690055 3.2234085 -3.0305898
v 9.759928 2.9690444 -3.142526
v 9.759928 3.2234085 -3.0305898
v 9.690055 2.9690444 -3.142526
v 9.759928 0.45720503 -3.1425257
v 9.690055 0.45720503 -3.1425257
v 9.759928 0.45720503 -3.1425257
v 9.690055 3.2234085 -3.0305898
v 9.690055 2.9690444 -3.142526
v 9.801261 3.2234085 -1.2993339
v 9.690055 3.2234085 -1.2993339
v 9.690055 3.3941617 -1.5469755
v 9.801261 2.9690444 -1.1873977
v 9.690055 3.2234085 -1.2993339
v 9.801261 3.2234085 -1.2993339
v 9.690055 2.9690444 -1.1873977
v 10.302516 0.46111602 -1.1237383
v 9.668989 0.46111602 -1.4544674
v 10.302516 0.46111602 -1.4544674
v 9.668989 0.46111602 -1.1237383
v 9.668989 0.46111602 -1.4544674
v 9.669003 0.104418635 -1.0332737
v 9.669003 0.0077999877 -1.0332737
v 9.668989 0.007861023 -1.4544674
v 9.668989 0.46111602 -1.4544674
v 9.668989 0.46111602 -1.1237383
v 9.801261 0.10453827 -1.0332985
v 9.668989 0.46111602 -1.1237383
v 9.801261 0.46111602 -1.1237383
v 9.669003 0.104418635 -1.0332737
v 9.669003 0.0077999877 -1.0332737
v 9.801261 0.007919617 -1.0332985
v 9.668989 0.007861023 -2.8754566
v 9.669003 0.0077999877 -3.2966495
v 9.669003 0.104418635 -3.2966495
v 9.668989 0.46111602 -2.8754566
v 9.668989 0.46111602 -3.2061856
v -10.302511 0.46111602 -2.8754566
v -9.668985 0.46111602 -3.2061856
v -9.668985 0.46111602 -2.8754566
v -10.302511 0.46111602 -3.2061856
v 10.302516 0.46111602 -2.8754566
v 9.668989 0.46111602 -3.2061856
v 10.302516 0.46111602 -3.2061856
v 9.668989 0.46111602 -2.8754566
v 9.801252 0.007861023 -2.8754566
v 10.302516 0.007861023 -1.4544678
v 9.801252 0.007861023 -1.4544678
v 10.302516 0.007861023 -2.8754566
v -9.004089 4.3309846 -8.227448
v -7.846122 2.7386227 -8.227448
v -9.026468 2.7568038 -8.227448
v -7.904614 4.3472652 -8.227448
vt 0.0036390682 0.250113
vt 0.01617067 0.2591131
vt 0.003636373 0.25911018
vt 0.016175207 0.250113
vt 0.016175207 0.250113
vt 0.028705304 0.25910524
vt 0.01617067 0.2591131
vt 0.028711021 0.250113
vt 0.028711021 0.250113
vt 0.041236628 0.25908974
vt 0.028705304 0.25910524
vt 0.041245766 0.250113
vt 0.041245766 0.250113
vt 0.05377506 0.25907776
vt 0.041236628 0.25908974
vt 0.05378079 0.250113
vt 0.05378079 0.250113
vt 0.06631544 0.25908014
vt 0.05377506 0.25907776
vt 0.06631476 0.250113
vt 0.0036390866 0.250113
vt 0.016174369 0.37479854
vt 0.016174372 0.250113
vt 0.0036390836 0.37479854
vt 0.016174372 0.250113
vt 0.028709646 0.37479854
vt 0.028709646 0.250113
vt 0.016174369 0.37479854
vt 0.028709646 0.250113
vt 0.041244924 0.37479854
vt 0.04124493 0.250113
vt 0.028709646 0.37479854
vt 0.04124493 0.250113
vt 0.053780198 0.37479854
vt 0.053780206 0.250113
vt 0.041244924 0.37479854
vt 0.053780206 0.250113
vt 0.06631548 0.37479854
vt 0.06631548 0.250113
vt 0.053780198 0.37479854
vt 0.0036390852 0.30742246
vt 0.01617437 0.32041842
vt 0.0036390848 0.32041842
vt 0.016174372 0.30742246
vt 0.016174369 0.37479854
vt 0.0036390836 0.37479854
vt 0.016174372 0.30742246
vt 0.028709643 0.32041842
vt 0.01617437 0.32041842
vt 0.028709646 0.30742246
vt 0.028709646 0.37479854
vt 0.016174369 0.37479854
vt 0.016174372 0.29442653
vt 0.028709643 0.29442653
vt 0.016174372 0.250113
vt 0.028709646 0.250113
vt 0.028709646 0.30742246
vt 0.041244928 0.32041842
vt 0.028709643 0.32041842
vt 0.04124493 0.30742246
vt 0.041244924 0.37479854
vt 0.028709646 0.37479854
vt 0.028709643 0.29442653
vt 0.04124493 0.29442653
vt 0.028709646 0.250113
vt 0.04124493 0.250113
vt 0.04124493 0.30742246
vt 0.053780194 0.32041842
vt 0.041244928 0.32041842
vt 0.053780206 0.30742246
vt 0.053780198 0.37479854
vt 0.041244924 0.37479854
vt 0.04124493 0.29442653
vt 0.053780198 0.29442653
vt 0.04124493 0.250113
vt 0.053780206 0.250113
vt 0.053780206 0.30742246
vt 0.06631548 0.32041842
vt 0.053780194 0.32041842
vt 0.06631548 0.30742246
vt 0.06631548 0.37479854
vt 0.053780198 0.37479854
vt 0.053780198 0.29442653
vt 0.06631548 0.29442653
vt 0.06631548 0.250113
vt 0.053780206 0.250113
vt 0.016174372 0.29442653
vt 0.0036390866 0.250113
vt 0.016174372 0.250113
vt 0.0036390857 0.29442653
vt 0.016174372 0.30742246
vt 0.0036390852 0.30742246
vt 0.0036390824 0.35310125
vt 0.016174369 0.37479854
vt 0.003639083 0.37479854
vt 0.016174367 0.35310125
vt 0.016174367 0.35310125
vt 0.028709646 0.37479854
vt 0.016174369 0.37479854
vt 0.028709654 0.35310137
vt 0.028709654 0.35310137
vt 0.041244924 0.37479854
vt 0.028709646 0.37479854
vt 0.04124494 0.35310128
vt 0.04124494 0.35310128
vt 0.053780198 0.37479854
vt 0.041244924 0.37479854
vt 0.053780206 0.35310128
vt 0.053780206 0.35310128
vt 0.06631548 0.37479854
vt 0.053780198 0.37479854
vt 0.06631546 0.35310128
vt 0.11529846 0.5506883
vt 0.13651001 0.58417726
vt 0.13615239 0.55040324
vt 0.11565611 0.58446234
vt 0.0036982107 0.6136431
vt 0.009935698 0.6227905
vt 0.0036976226 0.62279177
vt 0.009935201 0.6136428
vt 0.009935201 0.6136428
vt 0.010410142 0.6227926
vt 0.009935698 0.6227905
vt 0.010409393 0.6136431
vt 0.109113686 0.58368456
vt 0.06787448 0.55091286
vt 0.067924015 0.5835684
vt 0.10896322 0.55082715
vt 0.010409393 0.6136431
vt 0.016577605 0.6227914
vt 0.010410142 0.6227926
vt 0.016575921 0.61364216
vt 0.016575921 0.61364216
vt 0.01702287 0.6227913
vt 0.016577605 0.6227914
vt 0.01702068 0.61364174
vt 0.10906603 0.5836259
vt 0.06788627 0.55090934
vt 0.06788627 0.5836259
vt 0.10906604 0.55090934
vt 0.06453859 0.54736966
vt 0.06453859 0.54736966
vt 0.06453859 0.54736966
vt 0.06453859 0.54736966
vt 0.06453859 0.54736966
vt 0.06453859 0.54736966
vt 0.0004948628 0.54736966
vt 0.0645386 0.55360943
vt 0.0004948628 0.55360943
vt 0.06453859 0.54736966
vt 0.0004948628 0.5927701
vt 0.064066015 0.54589915
vt 0.06406599 0.5927701
vt 0.0004948628 0.54589915
vt 0.06453859 0.54736966
vt 0.06453859 0.54736966
vt 0.06453859 0.54736966
vt 0.06453859 0.54736966
vt 0.06453859 0.54736966
vt 0.06453859 0.54736966
vt 0.06453859 0.54736966
vt 0.06453859 0.54736966
vt 0.06453859 0.54736966
vt 0.0645386 0.55360943
vt 0.0004948628 0.6015605
vt 0.0004948628 0.55360943
vt 0.0645386 0.6015605
vt 0.06406599 0.5927701
vt 0.0004948628 0.6014905
vt 0.0004948628 0.5927701
vt 0.06406599 0.6014905
vt 0.06453859 0.54736966
vt 0.06453859 0.54736966
vt 0.06453859 0.54736966
vt 0.06453859 0.54736966
vt 0.06453859 0.54736966
vt 0.06453859 0.54736966
vt 0.0004948628 0.54736966
vt 0.0645386 0.55360943
vt 0.06453859 0.54736966
vt 0.0004948628 0.55360943
vt 0.0004948628 0.5927701
vt 0.064066015 0.54589915
vt 0.0004948628 0.54589915
vt 0.06406599 0.5927701
vt 0.06453859 0.54736966
vt 0.06453859 0.54736966
vt 0.06453859 0.54736966
vt 0.06453859 0.54736966
vt 0.06453859 0.54736966
vt 0.06453859 0.54736966
vt 0.06453859 0.54736966
vt 0.0645386 0.55360943
vt 0.0004948628 0.6015605
vt 0.0645386 0.6015605
vt 0.0004948628 0.55360943
vt 0.06406599 0.5927701
vt 0.0004948628 0.6014905
vt 0.06406599 0.6014905
vt 0.0004948628 0.5927701
vt 0.06453859 0.54736966
vt 0.06453859 0.54736966
vt 0.06453859 0.54736966
vt 0.06453859 0.54736966
vt 0.06453859 0.54736966
vt 0.06453859 0.54736966
vt 0.0004948628 0.54736966
vt 0.0645386 0.55360943
vt 0.0004948628 0.55360943
vt 0.06453859 0.54736966
vt 0.0004948628 0.54589915
vt 0.06406599 0.58123845
vt 0.0004948628 0.5812385
vt 0.064066015 0.54589915
vt 0.0004948628 0.5927701
vt 0.06406599 0.5927701
vt 0.0004948628 0.6014905
vt 0.06406599 0.6014905
vt 0.06453859 0.54736966
vt 0.06453859 0.54736966
vt 0.06453859 0.54736966
vt 0.06453859 0.54736966
vt 0.06453859 0.54736966
vt 0.06453859 0.54736966
vt 0.06453859 0.54736966
vt 0.06453859 0.54736966
vt 0.06453859 0.54736966
vt 0.0645386 0.6015605
vt 0.0004948628 0.57769364
vt 0.06453859 0.57769364
vt 0.0004948628 0.6015605
vt 0.0004948628 0.55360943
vt 0.0645386 0.55360943
vt 0.06453859 0.54736966
vt 0.06453859 0.54736966
vt 0.06453859 0.54736966
vt 0.06453859 0.54736966
vt 0.06453859 0.54736966
vt 0.06453859 0.54736966
vt 0.06453859 0.54736966
vt 0.06453859 0.54736966
vt 0.06453859 0.54736966
vt 0.06453859 0.54736966
vt 0.06453859 0.54736966
vt 0.06453859 0.54736966
vt 0.06453859 0.54736966
vt 0.06453859 0.54736966
vt 0.06453859 0.54736966
vt 0.06453859 0.54736966
vt 0.06453859 0.54736966
vt 0.06453859 0.54736966
vt 0.0004948628 0.54736966
vt 0.0645386 0.55360943
vt 0.0004948628 0.55360943
vt 0.06453859 0.54736966
vt 0.0004948628 0.54589915
vt 0.06406599 0.58123845
vt 0.0004948628 0.5812385
vt 0.064066015 0.54589915
vt 0.0004948628 0.5927701
vt 0.06406599 0.5927701
vt 0.0004948628 0.6014905
vt 0.06406599 0.6014905
vt 0.06453859 0.54736966
vt 0.06453859 0.54736966
vt 0.06453859 0.54736966
vt 0.06453859 0.54736966
vt 0.06453859 0.54736966
vt 0.06453859 0.54736966
vt 0.06453859 0.54736966
vt 0.06453859 0.54736966
vt 0.06453859 0.54736966
vt 0.06453859 0.54736966
vt 0.06453859 0.54736966
vt 0.0645386 0.6015605
vt 0.0004948628 0.57769364
vt 0.06453859 0.57769364
vt 0.0004948628 0.6015605
vt 0.0004948628 0.55360943
vt 0.0645386 0.55360943
vt 0.06453859 0.54736966
vt 0.06453859 0.54736966
vt 0.06453859 0.54736966
vt 0.06453859 0.54736966
vt 0.06453859 0.54736966
vt 0.06453859 0.54736966
vt 0.06453859 0.54736966
vt 0.06453859 0.54736966
vt 0.06453859 0.54736966
vt 0.06453859 0.54736966
vt 0.06453859 0.54736966
vt 0.06453859 0.54736966
vt 0.06453859 0.54736966
vt 0.06453859 0.54736966
vt 0.06453859 0.54736966
vt 0.06453859 0.54736966
vt 0.06453859 0.54736966
vt 0.06453859 0.54736966
vt 0.0004948628 0.54736966
vt 0.0645386 0.55360943
vt 0.06453859 0.54736966
vt 0.0004948628 0.55360943
vt 0.0004948628 0.54589915
vt 0.06406599 0.58123845
vt 0.064066015 0.54589915
vt 0.0004948628 0.5812385
vt 0.0004948628 0.5927701
vt 0.06406599 0.5927701
vt 0.0004948628 0.6014905
vt 0.06406599 0.6014905
vt 0.06453859 0.54736966
vt 0.06453859 0.54736966
vt 0.06453859 0.54736966
vt 0.06453859 0.54736966
vt 0.06453859 0.54736966
vt 0.06453859 0.54736966
vt 0.06453859 0.54736966
vt 0.06453859 0.54736966
vt 0.06453859 0.54736966
vt 0.06453859 0.54736966
vt 0.06453859 0.54736966
vt 0.0645386 0.6015605
vt 0.0004948628 0.57769364
vt 0.0004948628 0.6015605
vt 0.06453859 0.57769364
vt 0.0004948628 0.55360943
vt 0.0645386 0.55360943
vt 0.06453859 0.54736966
vt 0.06453859 0.54736966
vt 0.06453859 0.54736966
vt 0.06453859 0.54736966
vt 0.06453859 0.54736966
vt 0.06453859 0.54736966
vt 0.06453859 0.54736966
vt 0.06453859 0.54736966
vt 0.06453859 0.54736966
vt 0.06453859 0.54736966
vt 0.06453859 0.54736966
vt 0.06453859 0.54736966
vt 0.06453859 0.54736966
vt 0.06453859 0.54736966
vt 0.06453859 0.54736966
vt 0.06453859 0.54736966
vt 0.06453859 0.54736966
vt 0.06453859 0.54736966
vt 0.0004948628 0.54736966
vt 0.0645386 0.55360943
vt 0.06453859 0.54736966
vt 0.0004948628 0.55360943
vt 0.0004948628 0.54589915
vt 0.06406599 0.58123845
vt 0.064066015 0.54589915
vt 0.0004948628 0.5812385
vt 0.0004948628 0.5927701
vt 0.06406599 0.5927701
vt 0.0004948628 0.6014905
vt 0.06406599 0.6014905
vt 0.06453859 0.54736966
vt 0.06453859 0.54736966
vt 0.06453859 0.54736966
vt 0.06453859 0.54736966
vt 0.06453859 0.54736966
vt 0.06453859 0.54736966
vt 0.06453859 0.54736966
vt 0.06453859 0.54736966
vt 0.06453859 0.54736966
vt 0.0645386 0.6015605
vt 0.0004948628 0.57769364
vt 0.0004948628 0.6015605
vt 0.06453859 0.57769364
vt 0.0004948628 0.55360943
vt 0.0645386 0.55360943
vt 0.06453859 0.54736966
vt 0.06453859 0.54736966
vt 0.06453859 0.54736966
vt 0.06453859 0.54736966
vt 0.06453859 0.54736966
vt 0.06453859 0.54736966
vt 0.06453859 0.54736966
vt 0.06453859 0.54736966
vt 0.06453859 0.54736966
vt 0.06453859 0.54736966
vt 0.06453859 0.54736966
vt 0.06453859 0.54736966
vt 0.14764716 0.58131075
vt 0.14764817 0.58131206
vt 0.14764817 0.58131075
vt 0.14764716 0.58131206
vt 0.14764817 0.58131075
vt 0.14764918 0.58131206
vt 0.14764918 0.58131075
vt 0.14764817 0.58131206
vt 0.14764817 0.58131075
vt 0.14764766 0.5813094
vt 0.14764716 0.58131075
vt 0.14764918 0.58131075
vt 0.14764868 0.5813094
vt 0.14764817 0.58131075
vt 0.14764716 0.58131206
vt 0.14764766 0.5813135
vt 0.14764817 0.58131206
vt 0.14764817 0.58131206
vt 0.14764868 0.5813135
vt 0.14764918 0.58131206
vt 0.14768423 0.5818608
vt 0.14768526 0.5818622
vt 0.14768526 0.5818608
vt 0.14768423 0.5818622
vt 0.14768526 0.5818608
vt 0.14768627 0.5818622
vt 0.14768627 0.5818608
vt 0.14768526 0.5818622
vt 0.14768526 0.5818608
vt 0.14768474 0.58185947
vt 0.14768423 0.5818608
vt 0.14768627 0.5818608
vt 0.14768577 0.58185947
vt 0.14768526 0.5818608
vt 0.14768423 0.5818622
vt 0.14768474 0.5818635
vt 0.14768526 0.5818622
vt 0.14768526 0.5818622
vt 0.14768577 0.5818635
vt 0.14768627 0.5818622
vt 0.14750765 0.58116347
vt 0.14752087 0.58118105
vt 0.14752087 0.58116347
vt 0.14750765 0.58118105
vt 0.14752087 0.58116347
vt 0.14753407 0.58118105
vt 0.14753407 0.58116347
vt 0.14752087 0.58118105
vt 0.14752087 0.58116347
vt 0.14751427 0.5811459
vt 0.14750765 0.58116347
vt 0.14753407 0.58116347
vt 0.14752747 0.5811459
vt 0.14752087 0.58116347
vt 0.14750765 0.58118105
vt 0.14751427 0.5811987
vt 0.14752087 0.58118105
vt 0.14752087 0.58118105
vt 0.14752747 0.5811987
vt 0.14753407 0.58118105
vt 0.14768423 0.5818608
vt 0.14768526 0.5818622
vt 0.14768526 0.5818608
vt 0.14768423 0.5818622
vt 0.14768526 0.5818608
vt 0.14768627 0.5818622
vt 0.14768627 0.5818608
vt 0.14768526 0.5818622
vt 0.14768526 0.5818608
vt 0.14768474 0.58185947
vt 0.14768423 0.5818608
vt 0.14768627 0.5818608
vt 0.14768577 0.58185947
vt 0.14768526 0.5818608
vt 0.14768423 0.5818622
vt 0.14768474 0.5818635
vt 0.14768526 0.5818622
vt 0.14768526 0.5818622
vt 0.14768577 0.5818635
vt 0.14768627 0.5818622
vt 0.14768423 0.5818608
vt 0.14768526 0.5818622
vt 0.14768526 0.5818608
vt 0.14768423 0.5818622
vt 0.14768526 0.5818608
vt 0.14768627 0.5818622
vt 0.14768627 0.5818608
vt 0.14768526 0.5818622
vt 0.14768526 0.5818608
vt 0.14768474 0.58185947
vt 0.14768423 0.5818608
vt 0.14768627 0.5818608
vt 0.14768577 0.58185947
vt 0.14768526 0.5818608
vt 0.14768423 0.5818622
vt 0.14768474 0.5818635
vt 0.14768526 0.5818622
vt 0.14768526 0.5818622
vt 0.14768577 0.5818635
vt 0.14768627 0.5818622
vt 0.7335332 0.12479853
vt 0.74985904 0.00011301289
vt 0.73353225 0.00011301289
vt 0.74985904 0.12479853
vt 0.6986961 0.093302935
vt 0.6990079 0.1244466
vt 0.6990078 0.09330484
vt 0.6986947 0.12444638
vt 0.7322805 0.12479853
vt 0.73353225 0.00011301289
vt 0.7322802 0.00011301289
vt 0.7335332 0.12479853
vt 0.71599746 0.12479853
vt 0.7322802 0.00011301289
vt 0.71599877 0.00011301289
vt 0.7322805 0.12479853
vt 0.694333 0.093303755
vt 0.69462544 0.12444616
vt 0.69462556 0.09330291
vt 0.6943314 0.12444574
vt 0.71482074 0.12479853
vt 0.71599877 0.00011301289
vt 0.7148253 0.00011301289
vt 0.71599746 0.12479853
vt 0.640625 0.00011301289
vt 0.671875 0.03125
vt 0.671875 0.00011301289
vt 0.640625 0.03125
vt 0.6279502 0.1200853
vt 0.64830565 0.12389588
vt 0.6279502 0.12389588
vt 0.64830565 0.1200853
vt 0.7477795 0.09504074
vt 0.745559 0.12205691
vt 0.745559 0.098912984
vt 0.74888974 0.12352846
vt 0.7228429 0.098912895
vt 0.71977323 0.09633139
vt 0.7228429 0.12205683
vt 0.72079647 0.12426412
vt 0.6279502 0.1200853
vt 0.64830565 0.12389588
vt 0.64830565 0.1200853
vt 0.6279502 0.12389588
vt 0.6283805 0.120084696
vt 0.64857584 0.12389588
vt 0.64857584 0.120084696
vt 0.6283805 0.12389588
vt 0.745559 0.12205691
vt 0.745559 0.11048494
vt 0.745559 0.098912984
vt 0.745559 0.098912984
vt 0.7228429 0.11048486
vt 0.7228429 0.098912895
vt 0.745559 0.11048494
vt 0.7228429 0.098912895
vt 0.7228429 0.11048486
vt 0.7228429 0.12205683
vt 0.7228429 0.12205683
vt 0.745559 0.11048494
vt 0.745559 0.12205691
vt 0.7228429 0.11048486
vt 0.6990078 0.09330484
vt 0.7031251 0.09330457
vt 0.7031251 0.09330457
vt 0.6990078 0.09330484
vt 0.70312524 0.12444636
vt 0.70312524 0.12444636
vt 0.6990079 0.1244466
vt 0.6990079 0.1244466
vt 0.69462556 0.09330291
vt 0.6986961 0.093302935
vt 0.6986961 0.093302935
vt 0.69462556 0.09330291
vt 0.6986947 0.12444638
vt 0.6986947 0.12444638
vt 0.69462544 0.12444616
vt 0.69462544 0.12444616
vt 0.8790442 0.23462462
vt 0.87095696 0.09087202
vt 0.87095696 0.23462462
vt 0.8790442 0.09087202
vt 0.99971807 0.00022602578
vt 0.99971807 0.24959706
vt 0.92579466 0.24959706
vt 0.92579466 0.06867723
vt 0.75049484 0.01863408
vt 0.75049484 0.00022602578
vt 0.7676587 0.06867723
vt 0.7676587 0.24959706
vt 0.75049484 0.24959706
vt 0.75049484 0.00022602578
vt 0.99971807 0.01863408
vt 0.99971807 0.00022602578
vt 0.8790442 0.014773071
vt 0.87095696 0.00022602578
vt 0.87095696 0.014773071
vt 0.8790442 0.00022602578
vt 0.8790442 0.09087202
vt 0.87095696 0.014773071
vt 0.87095696 0.09087202
vt 0.8790442 0.014773071
vt 0.8790442 0.23462462
vt 0.87095696 0.09087202
vt 0.8790442 0.09087202
vt 0.87095696 0.23462462
vt 0.92579466 0.06867723
vt 0.92579466 0.24959706
vt 0.99971807 0.24959706
vt 0.99971807 0.00022602578
vt 0.75049484 0.01863408
vt 0.75049484 0.00022602578
vt 0.75049484 0.00022602578
vt 0.75049484 0.24959706
vt 0.7676587 0.24959706
vt 0.7676587 0.06867723
vt 0.99971807 0.01863408
vt 0.99971807 0.00022602578
vt 0.8790442 0.014773071
vt 0.87095696 0.00022602578
vt 0.8790442 0.00022602578
vt 0.87095696 0.014773071
vt 0.8790442 0.09087202
vt 0.87095696 0.014773071
vt 0.8790442 0.014773071
vt 0.87095696 0.09087202
vt 0.7530069 0.00022602578
vt 0.77318394 0.24959706
vt 0.7731856 0.00022602578
vt 0.7530052 0.24959706
vt 0.6592885 0.46715438
vt 0.66992134 0.50245696
vt 0.66992134 0.46715438
vt 0.6592885 0.50245696
vt 0.66992134 0.46715438
vt 0.68055415 0.50245696
vt 0.68055415 0.46715438
vt 0.66992134 0.50245696
vt 0.63802284 0.46715438
vt 0.64865565 0.50245696
vt 0.64865565 0.46715438
vt 0.63802284 0.50245696
vt 0.6592885 0.50245696
vt 0.64865565 0.46715438
vt 0.64865565 0.50245696
vt 0.6592885 0.46715438
vt 0.6592885 0.46715438
vt 0.66992134 0.53775954
vt 0.6592885 0.53775954
vt 0.66992134 0.46715438
vt 0.66992134 0.46715438
vt 0.68055415 0.53775954
vt 0.66992134 0.53775954
vt 0.68055415 0.46715438
vt 0.63802284 0.46715438
vt 0.64865565 0.53775954
vt 0.63802284 0.53775954
vt 0.64865565 0.46715438
vt 0.6592885 0.53775954
vt 0.64865565 0.46715438
vt 0.6592885 0.46715438
vt 0.64865565 0.53775954
vt 0.6592885 0.53775954
vt 0.64865565 0.50245696
vt 0.64865565 0.53775954
vt 0.6592885 0.50245696
vt 0.63802284 0.50245696
vt 0.64865565 0.53775954
vt 0.64865565 0.50245696
vt 0.63802284 0.53775954
vt 0.66992134 0.50245696
vt 0.68055415 0.53775954
vt 0.68055415 0.50245696
vt 0.66992134 0.53775954
vt 0.6592885 0.50245696
vt 0.66992134 0.53775954
vt 0.66992134 0.50245696
vt 0.6592885 0.50245696
vt 0.6592885 0.53775954
vt 0.6592885 0.46715438
vt 0.66992134 0.50245696
vt 0.66992134 0.46715438
vt 0.6592885 0.50245696
vt 0.66992134 0.46715438
vt 0.68055415 0.50245696
vt 0.68055415 0.46715438
vt 0.66992134 0.50245696
vt 0.63802284 0.46715438
vt 0.64865565 0.50245696
vt 0.64865565 0.46715438
vt 0.63802284 0.50245696
vt 0.6592885 0.50245696
vt 0.64865565 0.46715438
vt 0.64865565 0.50245696
vt 0.6592885 0.46715438
vt 0.6592885 0.46715438
vt 0.66992134 0.53775954
vt 0.6592885 0.53775954
vt 0.66992134 0.46715438
vt 0.66992134 0.46715438
vt 0.68055415 0.53775954
vt 0.66992134 0.53775954
vt 0.68055415 0.46715438
vt 0.63802284 0.46715438
vt 0.64865565 0.53775954
vt 0.63802284 0.53775954
vt 0.64865565 0.46715438
vt 0.6592885 0.53775954
vt 0.64865565 0.46715438
vt 0.6592885 0.46715438
vt 0.64865565 0.53775954
vt 0.6592885 0.53775954
vt 0.64865565 0.50245696
vt 0.64865565 0.53775954
vt 0.6592885 0.50245696
vt 0.63802284 0.50245696
vt 0.64865565 0.53775954
vt 0.64865565 0.50245696
vt 0.63802284 0.53775954
vt 0.66992134 0.50245696
vt 0.68055415 0.53775954
vt 0.68055415 0.50245696
vt 0.66992134 0.53775954
vt 0.6592885 0.50245696
vt 0.66992134 0.53775954
vt 0.66992134 0.50245696
vt 0.6592885 0.50245696
vt 0.6592885 0.53775954
vt 0.64431244 0.44217223
vt 0.65815735 0.47342223
vt 0.64431244 0.47342223
vt 0.65815735 0.44217223
vt 0.65815735 0.56229854
vt 0.64431244 0.56229854
vt 0.65815735 0.44217223
vt 0.6720023 0.47342223
vt 0.65815735 0.47342223
vt 0.6720023 0.44217223
vt 0.65815735 0.47342223
vt 0.6720023 0.56229854
vt 0.65815735 0.56229854
vt 0.6720023 0.47342223
vt 0.1875 0.1875
vt 0.24971804 0.24959706
vt 0.24971804 0.1875
vt 0.1875 0.24959706
vt 0.1875 0.24959706
vt 0.24971804 0.21875
vt 0.24971804 0.24959706
vt 0.1875 0.21875
vt 0.21875 0.24959706
vt 0.24971804 0.1875
vt 0.24971804 0.24959706
vt 0.21875 0.1875
vt 0.1875 0.24959706
vt 0.1875 0.1875
vt 0.1875 0.24959706
vt 0.21875 0.1875
vt 0.1875 0.1875
vt 0.21875 0.24959706
vt 0.24971804 0.1875
vt 0.24971804 0.24959706
vt 0.1875 0.21875
vt 0.24971804 0.1875
vt 0.24971804 0.21875
vt 0.1875 0.1875
vt 0.19215642 0.21104485
vt 0.24971804 0.24071935
vt 0.19215643 0.24071936
vt 0.24971804 0.21104483
vt 0.18750207 0.24072033
vt 0.24971804 0.2110455
vt 0.18750015 0.2110455
vt 0.24971804 0.24072033
vt 0.19215624 0.21104486
vt 0.24971804 0.24071935
vt 0.24971804 0.21104486
vt 0.19215623 0.24071935
vt 0.19215642 0.21104485
vt 0.24971804 0.24071935
vt 0.24971804 0.21104483
vt 0.19215643 0.24071936
vt 0.18750207 0.24072033
vt 0.24971804 0.2110455
vt 0.24971804 0.24072033
vt 0.18750015 0.2110455
vt 0.19215624 0.21104486
vt 0.24971804 0.24071935
vt 0.19215623 0.24071935
vt 0.24971804 0.21104486
vt 0.19215642 0.21104485
vt 0.24971804 0.24071935
vt 0.19215643 0.24071936
vt 0.24971804 0.21104483
vt 0.18750207 0.24072033
vt 0.24971804 0.2110455
vt 0.18750015 0.2110455
vt 0.24971804 0.24072033
vt 0.19215624 0.21104486
vt 0.24971804 0.24071935
vt 0.24971804 0.21104486
vt 0.19215623 0.24071935
vt 0.19215642 0.21104485
vt 0.24971804 0.24071935
vt 0.24971804 0.21104483
vt 0.19215643 0.24071936
vt 0.18750207 0.24072033
vt 0.24971804 0.2110455
vt 0.24971804 0.24072033
vt 0.18750015 0.2110455
vt 0.19215624 0.21104486
vt 0.24971804 0.24071935
vt 0.19215623 0.24071935
vt 0.24971804 0.21104486
vt 0.1875 0.1875
vt 0.24971804 0.24959706
vt 0.24971804 0.1875
vt 0.1875 0.24959706
vt 0.1875 0.24959706
vt 0.24971804 0.1875
vt 0.24971804 0.24959706
vt 0.1875 0.1875
vt 0.1875 0.24959706
vt 0.24971804 0.1875
vt 0.24971804 0.24959706
vt 0.1875 0.1875
vt 0.1875 0.24959706
vt 0.24971804 0.1875
vt 0.1875 0.1875
vt 0.24971804 0.24959706
vt 0.19215642 0.21104485
vt 0.24971804 0.24071935
vt 0.24971804 0.21104483
vt 0.19215643 0.24071936
vt 0.18750207 0.24072033
vt 0.24971804 0.2110455
vt 0.24971804 0.24072033
vt 0.18750015 0.2110455
vt 0.19215624 0.21104486
vt 0.24971804 0.24071935
vt 0.19215623 0.24071935
vt 0.24971804 0.21104486
vt 0.19215642 0.21104485
vt 0.24971804 0.24071935
vt 0.19215643 0.24071936
vt 0.24971804 0.21104483
vt 0.18750207 0.24072033
vt 0.24971804 0.2110455
vt 0.18750015 0.2110455
vt 0.24971804 0.24072033
vt 0.19215624 0.21104486
vt 0.24971804 0.24071935
vt 0.24971804 0.21104486
vt 0.19215623 0.24071935
vt 0.19215642 0.21104485
vt 0.24971804 0.24071935
vt 0.19215643 0.24071936
vt 0.24971804 0.21104483
vt 0.18750207 0.24072033
vt 0.24971804 0.2110455
vt 0.18750015 0.2110455
vt 0.24971804 0.24072033
vt 0.19215624 0.21104486
vt 0.24971804 0.24071935
vt 0.24971804 0.21104486
vt 0.19215623 0.24071935
vt 0.19215642 0.21104485
vt 0.24971804 0.24071935
vt 0.19215643 0.24071936
vt 0.24971804 0.21104483
vt 0.18750207 0.24072033
vt 0.24971804 0.2110455
vt 0.18750015 0.2110455
vt 0.24971804 0.24072033
vt 0.19215624 0.21104486
vt 0.24971804 0.24071935
vt 0.24971804 0.21104486
vt 0.19215623 0.24071935
vt 0.19215642 0.21104485
vt 0.24971804 0.24071935
vt 0.24971804 0.21104483
vt 0.19215643 0.24071936
vt 0.18750207 0.24072033
vt 0.24971804 0.2110455
vt 0.24971804 0.24072033
vt 0.18750015 0.2110455
vt 0.19215624 0.21104486
vt 0.24971804 0.24071935
vt 0.19215623 0.24071935
vt 0.24971804 0.21104486
vt 0.19215642 0.21104485
vt 0.24971804 0.24071935
vt 0.19215643 0.24071936
vt 0.24971804 0.21104483
vt 0.18750207 0.24072033
vt 0.24971804 0.2110455
vt 0.18750015 0.2110455
vt 0.24971804 0.24072033
vt 0.19215624 0.21104486
vt 0.24971804 0.24071935
vt 0.24971804 0.21104486
vt 0.19215623 0.24071935
vt 0.19215642 0.21104485
vt 0.24971804 0.24071935
vt 0.24971804 0.21104483
vt 0.19215643 0.24071936
vt 0.18750207 0.24072033
vt 0.24971804 0.2110455
vt 0.24971804 0.24072033
vt 0.18750015 0.2110455
vt 0.19215624 0.21104486
vt 0.24971804 0.24071935
vt 0.19215623 0.24071935
vt 0.24971804 0.21104486
vt 0.19215642 0.21104485
vt 0.24971804 0.24071935
vt 0.19215643 0.24071936
vt 0.24971804 0.21104483
vt 0.18750207 0.24072033
vt 0.24971804 0.2110455
vt 0.18750015 0.2110455
vt 0.24971804 0.24072033
vt 0.19215624 0.21104486
vt 0.24971804 0.24071935
vt 0.24971804 0.21104486
vt 0.19215623 0.24071935
vt 0.1875 0.1875
vt 0.24971804 0.24959706
vt 0.24971804 0.1875
vt 0.1875 0.24959706
vt 0.1875 0.24959706
vt 0.24971804 0.1875
vt 0.24971804 0.24959706
vt 0.1875 0.1875
vt 0.1875 0.24959706
vt 0.24971804 0.1875
vt 0.24971804 0.24959706
vt 0.1875 0.1875
vt 0.1875 0.24959706
vt 0.24971804 0.1875
vt 0.1875 0.1875
vt 0.24971804 0.24959706
vt 0.19215642 0.21104485
vt 0.24971804 0.24071935
vt 0.24971804 0.21104483
vt 0.19215643 0.24071936
vt 0.18750207 0.24072033
vt 0.24971804 0.2110455
vt 0.24971804 0.24072033
vt 0.18750015 0.2110455
vt 0.19215624 0.21104486
vt 0.24971804 0.24071935
vt 0.19215623 0.24071935
vt 0.24971804 0.21104486
vt 0.19215642 0.21104485
vt 0.24971804 0.24071935
vt 0.24971804 0.21104483
vt 0.19215643 0.24071936
vt 0.18750207 0.24072033
vt 0.24971804 0.2110455
vt 0.24971804 0.24072033
vt 0.18750015 0.2110455
vt 0.19215624 0.21104486
vt 0.24971804 0.24071935
vt 0.19215623 0.24071935
vt 0.24971804 0.21104486
vt 0.1875 0.24959706
vt 0.24971804 0.1875
vt 0.1875 0.1875
vt 0.24971804 0.24959706
vt 0.21875 0.1875
vt 0.24971804 0.24959706
vt 0.21875 0.24959706
vt 0.24971804 0.1875
vt 0.21875 0.1875
vt 0.24971804 0.24959706
vt 0.24971804 0.1875
vt 0.21875 0.24959706
vt 0.1875 0.24959706
vt 0.24971804 0.1875
vt 0.24971804 0.24959706
vt 0.1875 0.1875
vt 0.21875 0.1875
vt 0.24971804 0.24959706
vt 0.24971804 0.1875
vt 0.21875 0.24959706
vt 0.21875 0.1875
vt 0.24971804 0.24959706
vt 0.21875 0.24959706
vt 0.24971804 0.1875
vt 0.1875 0.1875
vt 0.24971804 0.24959706
vt 0.1875 0.24959706
vt 0.24971804 0.1875
vt 0.1875 0.1875
vt 0.24971804 0.24959706
vt 0.1875 0.24959706
vt 0.24971804 0.1875
vt 0.21875 0.1875
vt 0.24971804 0.24959706
vt 0.24971804 0.1875
vt 0.21875 0.24959706
vt 0.21875 0.1875
vt 0.24971804 0.24959706
vt 0.21875 0.24959706
vt 0.24971804 0.1875
vt 0.7378363 0.12522602
vt 0.50049484 0.37459707
vt 0.7378363 0.37459707
vt 0.50049484 0.12522602
vt 0.74971807 0.12522602
vt 0.51216316 0.37459707
vt 0.74971807 0.37459707
vt 0.51216316 0.12522602
vt 0.8176857 0.115666986
vt 0.8707059 0.24959706
vt 0.8707059 0.115666986
vt 0.8176857 0.24959706
vt 0.75049484 0.24959706
vt 0.75049484 0.093373165
vt 0.81368005 0.08654872
vt 0.90881765 0.24959706
vt 0.9033909 0.11153396
vt 0.99971807 0.24959706
vt 0.9076861 0.085937545
vt 0.99971807 0.09333081
vt 0.75049484 0.24959706
vt 0.75049484 0.09349377
vt 0.8239263 0.08653972
vt 0.82490695 0.115521654
vt 0.83070797 0.24959706
vt 0.87084 0.115521654
vt 0.87084 0.24959706
vt 0.91555977 0.115521654
vt 0.9206388 0.24959706
vt 0.99971807 0.24959706
vt 0.9969604 0.092613384
vt 0.9191074 0.08577121
vt 0.9439336 0.09342464
vt 0.75049484 0.24959706
vt 0.75049484 0.09342525
vt 0.94393086 0.24959706
vt 0.9439346 0.093421854
vt 0.75049484 0.24959706
vt 0.94393086 0.24959706
vt 0.75049484 0.09342463
vt 0.75380176 0.093046956
vt 0.9916555 0.24962458
vt 0.99163777 0.09304813
vt 0.7538196 0.24962328
vt 0.76013166 0.09342135
vt 0.9582492 0.24959706
vt 0.9582509 0.09342284
vt 0.7601309 0.24959706
vt 0.0004948628 0.37522602
vt 0.21350941 0.5448271
vt 0.21350928 0.37522602
vt 0.0004948628 0.5448273
vt 0.0004948628 0.37522602
vt 0.24971804 0.5448273
vt 0.24971804 0.37522602
vt 0.0004948628 0.5448273
vt 0.0004948628 0.37522602
vt 0.24971804 0.5448273
vt 0.24971804 0.37522602
vt 0.0004948628 0.5448273
vt 0.0004948628 0.37522602
vt 0.24971804 0.5448273
vt 0.24971804 0.37522602
vt 0.0004948628 0.5448273
vt 0.0004948628 0.37522602
vt 0.24971804 0.5448273
vt 0.24971804 0.37522602
vt 0.0004948628 0.5448273
vt 0.03648987 0.37522602
vt 0.24971804 0.5448273
vt 0.24971804 0.37522602
vt 0.03648987 0.5448278
vt 0.0004948628 0.37522602
vt 0.16049212 0.5448271
vt 0.16049261 0.37522602
vt 0.0004948628 0.5448273
vt 0.025465667 0.37522602
vt 0.24971804 0.5448273
vt 0.24971804 0.37522602
vt 0.025465185 0.5448271
vt 0.05939394 0.37522602
vt 0.15104301 0.54482734
vt 0.15104313 0.37522602
vt 0.059393696 0.5448274
vt 0.0004948628 0.37522602
vt 0.16049212 0.5448271
vt 0.0004948628 0.5448273
vt 0.16049261 0.37522602
vt 0.025465667 0.37522602
vt 0.24971804 0.5448273
vt 0.025465185 0.5448271
vt 0.24971804 0.37522602
vt 0.05939394 0.37522602
vt 0.15104301 0.54482734
vt 0.059393696 0.5448274
vt 0.15104313 0.37522602
vt 0.99971807 0.500226
vt 0.75049484 0.7495971
vt 0.99971807 0.7495971
vt 0.75049484 0.500226
vt 0.81773376 0.500226
vt 0.75049484 0.7495971
vt 0.81773376 0.7495971
vt 0.75049484 0.500226
vt 0.99971807 0.500226
vt 0.7662492 0.7495971
vt 0.99971807 0.7495971
vt 0.7662492 0.500226
vt 0.8339833 0.500226
vt 0.75049484 0.7495971
vt 0.8339833 0.7495971
vt 0.75049484 0.500226
vt 0.99971807 0.500226
vt 0.7662527 0.5812613
vt 0.99971807 0.5812613
vt 0.76624644 0.500226
vt 0.8339833 0.500226
vt 0.75049484 0.58126307
vt 0.8339834 0.58126307
vt 0.75049484 0.500226
vt 0.99971807 0.500226
vt 0.75049484 0.5812613
vt 0.99971807 0.5812613
vt 0.75049484 0.500226
vt 0.8177341 0.500226
vt 0.75049484 0.5812689
vt 0.8177352 0.5812689
vt 0.75049484 0.500226
vt 0.68272716 0.050593067
vt 0.6830976 0.051534932
vt 0.6831897 0.05148293
vt 0.68262863 0.05063748
vt 0.68270385 0.050563652
vt 0.68270385 0.050563652
vt 0.6826057 0.05053862
vt 0.6827781 0.050459377
vt 0.68270385 0.050563652
vt 0.6826216 0.050435007
vt 0.6827787 0.049718436
vt 0.682621 0.049744517
vt 0.6826053 0.049638826
vt 0.68270415 0.0496154
vt 0.6826328 0.049547732
vt 0.6827209 0.04957219
vt 0.6830988 0.048644222
vt 0.68318886 0.048695095
vt 0.68270415 0.0496154
vt 0.68272716 0.050593067
vt 0.683237 0.05145648
vt 0.6827733 0.05057291
vt 0.6831897 0.05148293
vt 0.68270385 0.050563652
vt 0.6827781 0.050459377
vt 0.6828478 0.04971587
vt 0.6827787 0.049718436
vt 0.6827781 0.050459377
vt 0.6828472 0.050463125
vt 0.6827496 0.050586775
vt 0.6827496 0.050586775
vt 0.68270385 0.050563652
vt 0.68275 0.04959133
vt 0.6827787 0.049718436
vt 0.68275 0.04959133
vt 0.68270415 0.0496154
vt 0.6827733 0.05057291
vt 0.6827496 0.050586775
vt 0.68270385 0.050563652
vt 0.6827209 0.04957219
vt 0.6832361 0.048722398
vt 0.68318886 0.048695095
vt 0.68277526 0.049613044
vt 0.68270415 0.0496154
vt 0.68277526 0.049613044
vt 0.68275 0.04959133
vt 0.6823866 0.049998436
vt 0.68371403 0.050813645
vt 0.68396 0.050277364
vt 0.6822342 0.050813645
vt 0.68371403 0.050813645
vt 0.68396276 0.051636733
vt 0.6847758 0.05101848
vt 0.684625 0.05084742
vt 0.68371403 0.050813645
vt 0.68396 0.050277364
vt 0.68483734 0.05062589
vt 0.68396 0.050277364
vt 0.684625 0.05084742
vt 0.68417007 0.05004321
vt 0.6847758 0.05101848
vt 0.6849974 0.05079306
vt 0.68371403 0.049364954
vt 0.68371403 0.049364954
vt 0.68371403 0.049364954
vt 0.68371403 0.049364954
vt 0.68371403 0.049364954
vt 0.6833533 0.05001664
vt 0.68358994 0.049897533
vt 0.6833138 0.05006707
vt 0.6833533 0.05001664
vt 0.68359095 0.049948744
vt 0.68358994 0.049897533
vt 0.6833533 0.05001664
vt 0.68359596 0.049958177
vt 0.68359095 0.049948744
vt 0.6833533 0.05001664
vt 0.68335295 0.04999919
vt 0.68359596 0.049958177
vt 0.6838917 0.05046529
vt 0.68348986 0.050279964
vt 0.68366486 0.05056616
vt 0.6836879 0.05003614
vt 0.6833138 0.05006707
vt 0.6833533 0.05001664
vt 0.683501 0.05155631
vt 0.68333894 0.051427044
vt 0.6832041 0.051448546
vt 0.6831445 0.05171067
vt 0.6830815 0.05138278
vt 0.6828342 0.051403288
vt 0.68374795 0.04929676
vt 0.6834379 0.049166314
vt 0.6838917 0.05046529
vt 0.68359816 0.051607326
vt 0.6840062 0.050463315
vt 0.683501 0.05155631
vt 0.68378043 0.049914863
vt 0.6831392 0.051782362
vt 0.6831392 0.051782362
vt 0.6831445 0.05171067
vt 0.6828082 0.0513922
vt 0.6831392 0.051782362
vt 0.6828342 0.051403288
vt 0.68354475 0.049221035
vt 0.6834379 0.049166314
vt 0.68354475 0.049221035
vt 0.6831445 0.05171067
vt 0.6828342 0.051403288
vt 0.68378043 0.049914863
vt 0.6836879 0.05003614
vt 0.6838917 0.05046529
vt 0.68335295 0.04999919
vt 0.6836879 0.05003614
vt 0.68378043 0.049914863
vt 0.6833533 0.05001664
vt 0.68238527 0.051628157
vt 0.68371403 0.050813645
vt 0.6822342 0.050813645
vt 0.68395674 0.051352613
vt 0.68371403 0.050813645
vt 0.6846237 0.050790098
vt 0.68477625 0.05062052
vt 0.68396986 0.049998373
vt 0.68371403 0.050813645
vt 0.68395674 0.051352613
vt 0.6848345 0.051012397
vt 0.68395674 0.051352613
vt 0.6841642 0.05158764
vt 0.6846237 0.050790098
vt 0.68477625 0.05062052
vt 0.684995 0.05084737
vt 0.68371403 0.049364954
vt 0.68469787 0.049365096
vt 0.68469787 0.04913941
vt 0.68371403 0.04830623
vt 0.68448657 0.04830623
vt 0.6823866 0.049998436
vt 0.68371403 0.050813645
vt 0.68396 0.050277364
vt 0.6822342 0.050813645
vt 0.68238527 0.051628157
vt 0.68371403 0.050813645
vt 0.6822342 0.050813645
vt 0.68395674 0.051352613
vt 0.68371403 0.04936496
vt 0.68371403 0.049364954
vt 0.68371403 0.049364958
vt 0.68371403 0.049364958
vt 0 0
vt 0 0
vt 0 0
vt 0 0
vn 0.8597203 -1.7462793E-05 -0.51076514
vn 0.9999681 -1.3809182E-05 -0.007990578
vn 0.8597203 -1.7462793E-05 -0.51076514
vn 0.9999681 -1.3809182E-05 -0.007990578
vn 0.9999681 -1.3809182E-05 -0.007990578
vn 0.5017113 -2.9214858E-05 0.8650351
vn 0.9999681 -1.3809182E-05 -0.007990578
vn 0.5017113 -2.9214858E-05 0.8650351
vn 0.5017113 -2.9214858E-05 0.8650351
vn -0.5009959 -5.4816383E-06 0.86544967
vn 0.5017113 -2.9214858E-05 0.8650351
vn -0.5009959 -5.4816383E-06 0.86544967
vn -0.5009959 -5.4816383E-06 0.86544967
vn -0.9999722 4.0333238E-05 -0.0074594603
vn -0.5009959 -5.4816383E-06 0.86544967
vn -0.9999722 4.0333238E-05 -0.0074594603
vn -0.9999722 4.0333238E-05 -0.0074594603
vn -0.8598766 3.4990495E-05 -0.5105021
vn -0.9999722 4.0333238E-05 -0.0074594603
vn -0.8598766 3.4990495E-05 -0.5105021
vn -2.2720342E-06 0.85972345 -0.51075983
vn -1.5137181E-06 0.9999682 -0.007982512
vn -1.5137181E-06 0.9999682 -0.007982512
vn -2.2720342E-06 0.85972345 -0.51075983
vn -1.5137181E-06 0.9999682 -0.007982512
vn -4.342731E-06 0.50170743 0.8650374
vn -4.342731E-06 0.50170743 0.8650374
vn -1.5137181E-06 0.9999682 -0.007982512
vn -4.342731E-06 0.50170743 0.8650374
vn -1.26826E-06 -0.50099444 0.86545056
vn -1.26826E-06 -0.50099444 0.86545056
vn -4.342731E-06 0.50170743 0.8650374
vn -1.26826E-06 -0.50099444 0.86545056
vn 5.5321884E-06 -0.9999722 -0.0074568368
vn 5.5321884E-06 -0.9999722 -0.0074568368
vn -1.26826E-06 -0.50099444 0.86545056
vn 5.5321884E-06 -0.9999722 -0.0074568368
vn 4.5783054E-06 -0.8598781 -0.51049936
vn 4.5783054E-06 -0.8598781 -0.51049936
vn 5.5321884E-06 -0.9999722 -0.0074568368
vn -0.6284008 0.5749222 -0.524001
vn -0.19729528 0.98027724 -0.011450815
vn -0.16589323 0.84342194 -0.51099795
vn -0.7355608 0.6773053 -0.0144223785
vn -0.025337476 0.99963725 -0.009134388
vn -0.021736512 0.8592332 -0.51112217
vn -0.7355608 0.6773053 -0.0144223785
vn -0.100571275 0.49294618 0.8642277
vn -0.19729528 0.98027724 -0.011450815
vn -0.3545343 0.3281517 0.8755695
vn -0.013549772 0.5027274 0.8643388
vn -0.025337476 0.99963725 -0.009134388
vn -0.9814731 0.19128405 -0.011000991
vn -0.5122226 0.10178791 0.8527997
vn -0.9962577 0.08593033 -0.00930534
vn -0.51724046 0.045583677 0.85462534
vn -0.3545343 0.3281517 0.8755695
vn 0.11877119 -0.46708095 0.87620133
vn -0.100571275 0.49294618 0.8642277
vn 0.33358678 -0.30475548 0.8921009
vn 0.014894258 -0.49998167 0.86590797
vn -0.013549772 0.5027274 0.8643388
vn -0.5122226 0.10178791 0.8527997
vn 0.46103552 -0.09673822 0.88209295
vn -0.51724046 0.045583677 0.85462534
vn 0.48286387 -0.0191791 0.8754854
vn 0.33358678 -0.30475548 0.8921009
vn 0.24423438 -0.96970403 -0.0048746117
vn 0.11877119 -0.46708095 0.87620133
vn 0.73883873 -0.67387146 -0.003828748
vn 0.03051641 -0.99951744 -0.0057972725
vn 0.014894258 -0.49998167 0.86590797
vn 0.46103552 -0.09673822 0.88209295
vn 0.9791537 -0.20307238 -0.0044435123
vn 0.48286387 -0.0191791 0.8754854
vn 0.99901116 -0.044142 -0.0053128414
vn 0.73883873 -0.67387146 -0.003828748
vn 0.20670807 -0.8215976 -0.5312713
vn 0.24423438 -0.96970403 -0.0048746117
vn 0.6042089 -0.5507714 -0.57583207
vn 0.025572628 -0.8607188 -0.50843805
vn 0.03051641 -0.99951744 -0.0057972725
vn 0.9791537 -0.20307238 -0.0044435123
vn 0.81223387 -0.16832954 -0.5585171
vn 0.83807325 -0.037034873 -0.54429924
vn 0.99901116 -0.044142 -0.0053128414
vn -0.9814731 0.19128405 -0.011000991
vn -0.8766116 0.07785913 -0.47485805
vn -0.9962577 0.08593033 -0.00930534
vn -0.86660045 0.16372047 -0.4713802
vn -0.7355608 0.6773053 -0.0144223785
vn -0.6284008 0.5749222 -0.524001
vn -0.87455034 -0.017293965 -0.48462626
vn -0.99990463 -0.012251396 0.006377995
vn -0.87455034 -0.017293965 -0.48462626
vn -0.99990463 -0.012251396 0.006377995
vn -0.99990463 -0.012251396 0.006377995
vn -0.50266147 -0.0050027887 0.8644689
vn -0.99990463 -0.012251396 0.006377995
vn -0.50266147 -0.0050027887 0.8644689
vn -0.50266147 -0.0050027887 0.8644689
vn 0.5005357 -0.0052899974 0.86569977
vn -0.50266147 -0.0050027887 0.8644689
vn 0.5005357 -0.0052899974 0.86569977
vn 0.5005357 -0.0052899974 0.86569977
vn 0.99995875 -0.005029338 -0.007568869
vn 0.5005357 -0.0052899974 0.86569977
vn 0.99995875 -0.005029338 -0.007568869
vn 0.99995875 -0.005029338 -0.007568869
vn 0.85963887 -0.0041266354 -0.51088554
vn 0.99995875 -0.005029338 -0.007568869
vn 0.85963887 -0.0041266354 -0.51088554
vn -0 -0.9459267 0.3243805
vn -0 -0.9459267 0.3243805
vn -0 -0.9459267 0.3243805
vn -0 -0.9459267 0.3243805
vn -0 0 1
vn -0 0 1
vn -0 0 1
vn -0 0 1
vn -0 0 1
vn -0 0 1
vn -0 0 1
vn -0 0 1
vn -0 -0.94592667 0.32438076
vn -0 -0.94592667 0.32438076
vn -0 -0.94592667 0.32438076
vn -0 -0.94592667 0.32438076
vn -0 0 1
vn -0 0 1
vn -0 0 1
vn -0 0 1
vn -0 0 1
vn -0 0 1
vn -0 0 1
vn -0 0 1
vn 2.9608287E-07 0 1
vn 2.9608287E-07 0 1
vn 2.9608287E-07 0 1
vn 2.9608287E-07 0 1
vn -1 0 0
vn -1 0 0
vn -1 0 0
vn -1 0 0
vn -0.6108956 0.7917112 0
vn -0.6108956 0.7917112 0
vn 0.99805486 0.06234187 0
vn 0.6954071 0.71861607 0
vn 0.6954071 0.71861607 0
vn 0.99805486 0.06234187 0
vn 0.68108094 0.73220813 0
vn 0.59382963 0.8045908 0
vn 0.68108094 0.73220813 0
vn 0.59382963 0.8045908 0
vn 2.8458786E-07 0 1
vn 2.8458786E-07 0 1
vn 2.8458786E-07 0 1
vn 2.8458786E-07 0 1
vn -0 0 1
vn -0 0 1
vn -0 0 1
vn -0 0 1
vn -0 0 1
vn 0.6954071 0.71861607 0
vn 0.59382963 0.8045908 0
vn 0.6954071 0.71861607 0
vn 0.59382963 0.8045908 0
vn 0.68108094 0.73220813 0
vn -0.6108956 0.7917112 0
vn 0.68108094 0.73220813 0
vn -0.6108956 0.7917112 0
vn 1 0 0
vn 1 0 0
vn 1 0 0
vn 1 0 0
vn 0.61089563 0.79171115 0
vn 0.61089563 0.79171115 0
vn -0.9963251 0.08565301 0
vn -0.6967859 0.7172792 0
vn -0.9963251 0.08565301 0
vn -0.6967859 0.7172792 0
vn -0.6810809 0.7322082 0
vn -0.60472345 0.79643553 0
vn -0.60472345 0.79643553 0
vn -0.6810809 0.7322082 0
vn -0 0 1
vn -0 0 1
vn -0 0 1
vn -0 0 1
vn -0 0 1
vn -0 0 1
vn -0 0 1
vn -0.6967859 0.7172792 0
vn -0.60472345 0.79643553 0
vn -0.60472345 0.79643553 0
vn -0.6967859 0.7172792 0
vn -0.6810809 0.7322082 0
vn 0.61089563 0.79171115 0
vn 0.61089563 0.79171115 0
vn -0.6810809 0.7322082 0
vn -1 0 0
vn -1 0 0
vn -1 0 0
vn -1 0 0
vn -0.6109044 0.7917044 0
vn -0.6109044 0.7917044 0
vn 0.98362046 0.18025212 0
vn 0.610697 0.79186445 0
vn 0.610697 0.79186445 0
vn 0.98362046 0.18025212 0
vn 0.75726026 0.65311325 0
vn 0.8923154 0.4514125 0
vn 0.8923154 0.4514125 0
vn 0.75726026 0.65311325 0
vn 0.47507757 0.8799439 0
vn 0.47507757 0.8799439 0
vn -0.6109044 0.7917044 0
vn -0.6109044 0.7917044 0
vn 9.113184E-07 0 1
vn 9.113184E-07 0 1
vn 9.113184E-07 0 1
vn 9.113184E-07 0 1
vn 9.113184E-07 0 1
vn 4.7446815E-07 0 1
vn 4.7446815E-07 0 1
vn 4.7446815E-07 0 1
vn 4.7446815E-07 0 1
vn 0.75726026 0.65311325 0
vn 0.085574605 0.99633175 0
vn 0.085574605 0.99633175 0
vn 0.75726026 0.65311325 0
vn 0.610697 0.79186445 0
vn 0.610697 0.79186445 0
vn -0.952048 -0.30594888 0
vn -0.952048 -0.30594888 0
vn -0.952048 -0.30594888 0
vn -0.952048 -0.30594888 0
vn -0 -0.36538982 0.9308547
vn -0 -0.36538982 0.9308547
vn -0 -0.36538982 0.9308547
vn -0 -0.36538982 0.9308547
vn 0.9520474 -0.30595055 0
vn 0.9520474 -0.30595055 0
vn 0.9520474 -0.30595055 0
vn 0.9520474 -0.30595055 0
vn -1 0 0
vn -1 0 0
vn -1 0 0
vn -1 0 0
vn -0.61090446 0.79170436 0
vn -0.61090446 0.79170436 0
vn 0.9836205 0.18025173 0
vn 0.61069715 0.79186434 0
vn 0.61069715 0.79186434 0
vn 0.9836205 0.18025173 0
vn 0.75726044 0.65311307 0
vn 0.89231545 0.4514124 0
vn 0.89231545 0.4514124 0
vn 0.75726044 0.65311307 0
vn 0.47507742 0.879944 0
vn 0.47507742 0.879944 0
vn -0.61090446 0.79170436 0
vn -0.61090446 0.79170436 0
vn -1.6448556E-07 0 1
vn -1.6448556E-07 0 1
vn -1.6448556E-07 0 1
vn -1.6448556E-07 0 1
vn -1.6448556E-07 0 1
vn -0 0 1
vn -0 0 1
vn -0 0 1
vn -0 0 1
vn -0 0 1
vn -0 0 1
vn 0.75726044 0.65311307 0
vn 0.08557456 0.9963318 0
vn 0.08557456 0.9963318 0
vn 0.75726044 0.65311307 0
vn 0.61069715 0.79186434 0
vn 0.61069715 0.79186434 0
vn -0.95204794 -0.305949 0
vn -0.95204794 -0.305949 0
vn -0.95204794 -0.305949 0
vn -0.95204794 -0.305949 0
vn -0 -0.36538982 0.9308547
vn -0 -0.36538982 0.9308547
vn -0 -0.36538982 0.9308547
vn -0 -0.36538982 0.9308547
vn 0.95204794 -0.305949 0
vn 0.95204794 -0.305949 0
vn 0.95204794 -0.305949 0
vn 0.95204794 -0.305949 0
vn 1 0 0
vn 1 0 0
vn 1 0 0
vn 1 0 0
vn 0.61090446 0.79170436 0
vn 0.61090446 0.79170436 0
vn -0.98435825 0.17617863 0
vn -0.6050615 0.7961788 0
vn -0.98435825 0.17617863 0
vn -0.6050615 0.7961788 0
vn -0.74724364 0.66455024 0
vn -0.8862389 0.46322855 0
vn -0.74724364 0.66455024 0
vn -0.8862389 0.46322855 0
vn -0.47507775 0.8799439 0
vn -0.47507775 0.8799439 0
vn 0.61090446 0.79170436 0
vn 0.61090446 0.79170436 0
vn -7.5816E-07 0 1
vn -7.5816E-07 0 1
vn -7.5816E-07 0 1
vn -7.5816E-07 0 1
vn -7.5816E-07 0 1
vn -0 0 1
vn -0 0 1
vn -0 0 1
vn -0 0 1
vn -0 0 1
vn -0 0 1
vn -0.74724364 0.66455024 0
vn -0.07452683 0.997219 0
vn -0.74724364 0.66455024 0
vn -0.07452683 0.997219 0
vn -0.6050615 0.7961788 0
vn -0.6050615 0.7961788 0
vn 0.9520479 -0.30594912 0
vn 0.9520479 -0.30594912 0
vn 0.9520479 -0.30594912 0
vn 0.9520479 -0.30594912 0
vn -0 -0.3653889 0.930855
vn -0 -0.3653889 0.930855
vn -0 -0.3653889 0.930855
vn -0 -0.3653889 0.930855
vn -0.9520477 -0.30594975 0
vn -0.9520477 -0.30594975 0
vn -0.9520477 -0.30594975 0
vn -0.9520477 -0.30594975 0
vn 1 0 0
vn 1 0 0
vn 1 0 0
vn 1 0 0
vn 0.61090446 0.79170436 0
vn 0.61090446 0.79170436 0
vn -0.9843582 0.17617872 0
vn -0.60506135 0.7961789 0
vn -0.9843582 0.17617872 0
vn -0.60506135 0.7961789 0
vn -0.74724364 0.66455024 0
vn -0.88623893 0.46322837 0
vn -0.74724364 0.66455024 0
vn -0.88623893 0.46322837 0
vn -0.4750779 0.8799437 0
vn -0.4750779 0.8799437 0
vn 0.61090446 0.79170436 0
vn 0.61090446 0.79170436 0
vn -0 0 1
vn -0 0 1
vn -0 0 1
vn -0 0 1
vn -0 0 1
vn -0 0 1
vn -0 0 1
vn -0 0 1
vn -0 0 1
vn -0.74724364 0.66455024 0
vn -0.0745268 0.997219 0
vn -0.74724364 0.66455024 0
vn -0.0745268 0.997219 0
vn -0.60506135 0.7961789 0
vn -0.60506135 0.7961789 0
vn 0.9520478 -0.30594933 0
vn 0.9520478 -0.30594933 0
vn 0.9520478 -0.30594933 0
vn 0.9520478 -0.30594933 0
vn -0 -0.3653889 0.930855
vn -0 -0.3653889 0.930855
vn -0 -0.3653889 0.930855
vn -0 -0.3653889 0.930855
vn -0.95204765 -0.30594984 0
vn -0.95204765 -0.30594984 0
vn -0.95204765 -0.30594984 0
vn -0.95204765 -0.30594984 0
vn -0.041512087 0.7682215 0.63883686
vn 0.47877455 -0.28506625 0.83036876
vn -0.47877237 0.28506863 0.8303692
vn 0.695169 0.32959056 0.6388351
vn -0.47877237 0.28506863 0.8303692
vn 0.041513335 -0.7682186 0.63884026
vn -0.6951662 -0.32958943 0.63883865
vn 0.47877455 -0.28506625 0.83036876
vn -0.47877237 0.28506863 0.8303692
vn -0.7441123 0.44305497 0.49999917
vn -0.041512087 0.7682215 0.63883686
vn -0.6951662 -0.32958943 0.63883865
vn -0.7441123 0.44305497 0.49999917
vn -0.47877237 0.28506863 0.8303692
vn 0.695169 0.32959056 0.6388351
vn 0.7441155 -0.4430536 0.49999565
vn 0.47877455 -0.28506625 0.83036876
vn 0.47877455 -0.28506625 0.83036876
vn 0.7441155 -0.4430536 0.49999565
vn 0.041513335 -0.7682186 0.63884026
vn -0.55047107 0.5374615 0.63884014
vn 0.545395 0.114150465 0.8303698
vn -0.54539347 -0.11415617 0.83037007
vn 0.28872004 0.7131077 0.63884133
vn -0.54539347 -0.11415617 0.83037007
vn 0.5504713 -0.53746545 0.6388367
vn -0.28871763 -0.7131119 0.6388377
vn 0.545395 0.114150465 0.8303698
vn -0.54539347 -0.11415617 0.83037007
vn -0.84765816 -0.1774208 0.49999762
vn -0.55047107 0.5374615 0.63884014
vn -0.28871763 -0.7131119 0.6388377
vn -0.84765816 -0.1774208 0.49999762
vn -0.54539347 -0.11415617 0.83037007
vn 0.28872004 0.7131077 0.63884133
vn 0.84765756 0.17741598 0.50000036
vn 0.545395 0.114150465 0.8303698
vn 0.545395 0.114150465 0.8303698
vn 0.84765756 0.17741598 0.50000036
vn 0.5504713 -0.53746545 0.6388367
vn -0.7565508 -0.13969877 0.638839
vn 0.22130579 0.51138 0.83036995
vn -0.22130646 -0.5113773 0.83037144
vn -0.41603288 0.6471494 0.6388383
vn -0.22130646 -0.5113773 0.83037144
vn 0.75655246 0.13970132 0.63883644
vn 0.41603082 -0.64714926 0.6388397
vn 0.22130579 0.51138 0.83036995
vn -0.22130646 -0.5113773 0.83037144
vn -0.34395707 -0.79478973 0.5000029
vn -0.7565508 -0.13969877 0.638839
vn 0.41603082 -0.64714926 0.6388397
vn -0.34395707 -0.79478973 0.5000029
vn -0.22130646 -0.5113773 0.83037144
vn -0.41603288 0.6471494 0.6388383
vn 0.34395614 0.7947919 0.5000002
vn 0.22130579 0.51138 0.83036995
vn 0.22130579 0.51138 0.83036995
vn 0.34395614 0.7947919 0.5000002
vn 0.75655246 0.13970132 0.63883644
vn -0.5504702 0.53746367 0.6388391
vn 0.5453929 0.11415303 0.83037084
vn -0.54539186 -0.11415338 0.8303715
vn 0.28871885 0.7131099 0.6388394
vn -0.54539186 -0.11415338 0.8303715
vn 0.55046886 -0.53746456 0.6388395
vn -0.28871694 -0.71310854 0.6388418
vn 0.5453929 0.11415303 0.83037084
vn -0.54539186 -0.11415338 0.8303715
vn -0.8476555 -0.17741892 0.50000274
vn -0.5504702 0.53746367 0.6388391
vn -0.28871694 -0.71310854 0.6388418
vn -0.8476555 -0.17741892 0.50000274
vn -0.54539186 -0.11415338 0.8303715
vn 0.28871885 0.7131099 0.6388394
vn 0.847656 0.17741781 0.5000022
vn 0.5453929 0.11415303 0.83037084
vn 0.5453929 0.11415303 0.83037084
vn 0.847656 0.17741781 0.5000022
vn 0.55046886 -0.53746456 0.6388395
vn -0.5504703 0.53746355 0.6388391
vn 0.5453939 0.11415325 0.8303701
vn -0.545392 -0.11415327 0.83037144
vn 0.28871974 0.7131114 0.6388373
vn -0.545392 -0.11415327 0.83037144
vn 0.5504685 -0.53746533 0.63883924
vn -0.2887171 -0.7131083 0.6388419
vn 0.5453939 0.11415325 0.8303701
vn -0.545392 -0.11415327 0.83037144
vn -0.84765553 -0.17741881 0.50000274
vn -0.5504703 0.53746355 0.6388391
vn -0.2887171 -0.7131083 0.6388419
vn -0.84765553 -0.17741881 0.50000274
vn -0.545392 -0.11415327 0.83037144
vn 0.28871974 0.7131114 0.6388373
vn 0.84765726 0.17741801 0.5
vn 0.5453939 0.11415325 0.8303701
vn 0.5453939 0.11415325 0.8303701
vn 0.84765726 0.17741801 0.5
vn 0.5504685 -0.53746533 0.63883924
vn -0 0 1
vn -0 0 1
vn -0 0 1
vn -0 0 1
vn -0 -0.94592655 0.3243809
vn -0 -0.94592655 0.3243809
vn -0 -0.94592655 0.3243809
vn -0 -0.94592655 0.3243809
vn -0 0 1
vn -0 0 1
vn -0 0 1
vn -0 0 1
vn -0 0 1
vn -0 0 1
vn -0 0 1
vn -0 0 1
vn -0 -0.9459265 0.3243812
vn -0 -0.9459265 0.3243812
vn -0 -0.9459265 0.3243812
vn -0 -0.9459265 0.3243812
vn -0 0 1
vn -0 0 1
vn -0 0 1
vn -0 0 1
vn -1 -0.00016102401 -0.00026445067
vn -1 -0.00016102401 -0.00026445067
vn -1 -0.00016102401 -0.00026445067
vn -1 -0.00016102401 -0.00026445067
vn 1 0 0
vn 1 0 0
vn 1 0 0
vn 1 0 0
vn 0.0012057801 0.010220764 0.9999471
vn 0.0012057769 0.007647122 0.9999701
vn 0.0012057801 0.010220764 0.9999471
vn 0.0012057769 0.007647122 0.9999701
vn -0.0013089996 0.010220766 0.99994695
vn -0.0013089996 0.010220766 0.99994695
vn -0.0013089966 0.0076471237 0.99996996
vn -0.0013089966 0.0076471237 0.99996996
vn -1 0 0
vn -1 0 0
vn -1 0 0
vn -1 0 0
vn -0 1 0
vn -0 1 0
vn -0 1 0
vn -0 1 0
vn 1 0 0
vn 1 0 0
vn 1 0 0
vn -0 0.9000863 0.43571177
vn -0 0.9000863 0.43571177
vn -0 0.9000863 0.43571177
vn -0 0.9000863 0.43571177
vn -1 0 0
vn -1 0 0
vn -1 0 0
vn -0 -0.7695294 0.6386114
vn -0 -0.7695294 0.6386114
vn -0 -0.7695294 0.6386114
vn -0 -0.7695294 0.6386114
vn -0 -0.9459242 0.3243877
vn -0 -0.9459242 0.3243877
vn -0 -0.9459242 0.3243877
vn -0 -0.9459242 0.3243877
vn -8.0991396E-07 -0.94592655 0.32438096
vn -8.0991396E-07 -0.94592655 0.32438096
vn -0 -0.945928 0.32437682
vn -0 -0.945928 0.32437682
vn -0 -0.9459261 0.32438236
vn -0 -0.9459261 0.32438236
vn -0 -0.9459261 0.32438236
vn -0 -0.9459261 0.32438236
vn -1.3968051E-07 -0.94592667 0.3243806
vn -1.3968051E-07 -0.94592667 0.3243806
vn -0 -0.9459256 0.32438388
vn -0 -0.9459256 0.32438388
vn -0 0 1
vn -0 -0.5533359 0.8329582
vn -0 0 1
vn -0 -0.5533359 0.8329582
vn 1 0 0
vn 1 0 0
vn 1 0 0
vn 1 0 0
vn 1 0 0
vn 1 0 0
vn -1 1.4827394E-07 -6.794984E-07
vn -1 1.4827394E-07 -6.794984E-07
vn -1 1.4827394E-07 -6.794984E-07
vn -1 1.4827394E-07 -6.794984E-07
vn -1 1.4827394E-07 -6.794984E-07
vn -1 1.4827394E-07 -6.794984E-07
vn -0 -0.5533359 0.8329582
vn -0 0 1
vn -0 -0.5533359 0.8329582
vn -0 0 1
vn -0 -0.5533359 0.8329582
vn -0 -0.5533359 0.8329582
vn -0 -0.5533359 0.8329582
vn -0 -0.5533359 0.8329582
vn -0 0 1
vn -0 -0.5533361 0.83295816
vn -0 -0.5533361 0.83295816
vn -0 0 1
vn -1 0 0
vn -1 0 0
vn -1 0 0
vn -1 0 0
vn -1 0 0
vn -1 0 0
vn 1 0 0
vn 1 0 0
vn 1 0 0
vn 1 0 0
vn 1 0 0
vn 1 0 0
vn -0 -0.5533361 0.83295816
vn -0 0 1
vn -0 0 1
vn -0 -0.5533361 0.83295816
vn -0 -0.5533361 0.83295816
vn -0 -0.5533361 0.83295816
vn -0 -0.5533361 0.83295816
vn -0 -0.5533361 0.83295816
vn -0 0 1
vn -0 0 1
vn -0 0 1
vn -0 0 1
vn 1.968754E-06 -0.5352306 0.84470606
vn -0.9999932 0.0037045649 0
vn -0.8447078 -0.5352278 1.4979575E-07
vn 3.877504E-06 0.0037047542 0.9999932
vn -0.8447078 -0.5352278 1.4979575E-07
vn 3.877504E-06 0.0037047542 -0.9999932
vn 1.8831557E-06 -0.5352292 -0.84470695
vn -0.9999932 0.0037045649 0
vn 1.8831557E-06 -0.5352292 -0.84470695
vn 0.9999932 0.0037049172 0
vn 0.8447094 -0.5352252 -1.1769632E-06
vn 3.877504E-06 0.0037047542 -0.9999932
vn 3.877504E-06 0.0037047542 0.9999932
vn 0.8447094 -0.5352252 -1.1769632E-06
vn 0.9999932 0.0037049172 0
vn 1.968754E-06 -0.5352306 0.84470606
vn 1.968754E-06 -0.5352306 0.84470606
vn -0.5314539 -0.84708726 2.3624654E-07
vn -0 -0.84709173 0.53144675
vn -0.8447078 -0.5352278 1.4979575E-07
vn -0.8447078 -0.5352278 1.4979575E-07
vn -1.349988E-07 -0.8470904 -0.53144884
vn -0.5314539 -0.84708726 2.3624654E-07
vn 1.8831557E-06 -0.5352292 -0.84470695
vn 1.8831557E-06 -0.5352292 -0.84470695
vn 0.5314544 -0.84708697 -1.8562249E-06
vn -1.349988E-07 -0.8470904 -0.53144884
vn 0.8447094 -0.5352252 -1.1769632E-06
vn -0 -0.84709173 0.53144675
vn 0.8447094 -0.5352252 -1.1769632E-06
vn 1.968754E-06 -0.5352306 0.84470606
vn 0.5314544 -0.84708697 -1.8562249E-06
vn 0.03374511 0.31265384 0.94926757
vn 0.95468324 0.29692543 -0.02037782
vn 0.95468324 0.29692543 -0.02037782
vn 0.03374511 0.31265384 0.94926757
vn 0.010220517 0.14244004 -0.9897507
vn 0.95468324 0.29692543 -0.02037782
vn 0.95468324 0.29692543 -0.02037782
vn 0.010220517 0.14244004 -0.9897507
vn -0.93788946 0.34689304 -0.005346438
vn 0.010220517 0.14244004 -0.9897507
vn 0.010220517 0.14244004 -0.9897507
vn -0.93788946 0.34689304 -0.005346438
vn 0.03374511 0.31265384 0.94926757
vn -0.93788946 0.34689304 -0.005346438
vn -0.93788946 0.34689304 -0.005346438
vn 0.03374511 0.31265384 0.94926757
vn 0.03374511 0.31265384 0.94926757
vn -1.6563172E-05 -0.5352296 0.84470665
vn -0.9999932 0.0037040145 2.8658974E-06
vn -0.84471285 -0.53521985 8.0246645E-07
vn -2.4276513E-05 0.003704258 0.9999932
vn -0.84471285 -0.53521985 8.0246645E-07
vn -2.4318797E-05 0.0037041258 -0.9999932
vn -1.5482545E-05 -0.5352308 -0.8447059
vn -0.9999932 0.0037040145 2.8658974E-06
vn -1.5482545E-05 -0.5352308 -0.8447059
vn 0.9999932 0.003704322 2.8238892E-06
vn 0.8447028 -0.5352358 2.50376E-06
vn -2.4318797E-05 0.0037041258 -0.9999932
vn -2.4276513E-05 0.003704258 0.9999932
vn 0.8447028 -0.5352358 2.50376E-06
vn 0.9999932 0.003704322 2.8238892E-06
vn -1.6563172E-05 -0.5352296 0.84470665
vn -1.6563172E-05 -0.5352296 0.84470665
vn -0.53145623 -0.8470858 -1.02936E-06
vn -6.682421E-06 -0.8470903 0.531449
vn -0.84471285 -0.53521985 8.0246645E-07
vn -0.84471285 -0.53521985 8.0246645E-07
vn -4.944321E-06 -0.8470905 -0.5314488
vn -0.53145623 -0.8470858 -1.02936E-06
vn -1.5482545E-05 -0.5352308 -0.8447059
vn -1.5482545E-05 -0.5352308 -0.8447059
vn 0.53144634 -0.84709203 1.6874806E-06
vn -4.944321E-06 -0.8470905 -0.5314488
vn 0.8447028 -0.5352358 2.50376E-06
vn -6.682421E-06 -0.8470903 0.531449
vn 0.8447028 -0.5352358 2.50376E-06
vn -1.6563172E-05 -0.5352296 0.84470665
vn 0.53144634 -0.84709203 1.6874806E-06
vn 0.033731334 0.31265828 0.94926655
vn 0.9546827 0.29692674 -0.020384403
vn 0.9546827 0.29692674 -0.020384403
vn 0.033731334 0.31265828 0.94926655
vn 0.010204489 0.14244121 -0.9897507
vn 0.9546827 0.29692674 -0.020384403
vn 0.9546827 0.29692674 -0.020384403
vn 0.010204489 0.14244121 -0.9897507
vn -0.9378905 0.34689027 -0.0053505725
vn 0.010204489 0.14244121 -0.9897507
vn 0.010204489 0.14244121 -0.9897507
vn -0.9378905 0.34689027 -0.0053505725
vn 0.033731334 0.31265828 0.94926655
vn -0.9378905 0.34689027 -0.0053505725
vn -0.9378905 0.34689027 -0.0053505725
vn 0.033731334 0.31265828 0.94926655
vn 0.033731334 0.31265828 0.94926655
vn 0.5002271 0.70662963 0.5004473
vn 0.0030045505 0.50938284 0.8605348
vn 0.65335906 0.38221446 0.65347844
vn 0.0048403325 0.8206478 0.5714139
vn -2.275934E-06 -0.00042491898 0.99999994
vn 0.70710635 -0.00034055527 0.7071071
vn 0.0048403325 0.8206478 0.5714139
vn -0.65109897 0.39003578 0.6511085
vn 0.0030045505 0.50938284 0.8605348
vn -0.49182156 0.7184708 0.49184474
vn 0.0030045505 0.50938284 0.8605348
vn -0.70710963 -0.00026036985 0.70710397
vn -2.275934E-06 -0.00042491898 0.99999994
vn -0.65109897 0.39003578 0.6511085
vn -0 1 0
vn -0 1 0
vn -0 1 0
vn -0 1 0
vn -0 0 1
vn -0 0 1
vn -0 0 1
vn -0 0 1
vn -1 0 0
vn -1 0 0
vn -1 0 0
vn -1 0 0
vn -1 0 0
vn -1 0 0
vn 1 0 0
vn 1 0 0
vn 1 0 0
vn 1 0 0
vn 1 0 0
vn 1 0 0
vn -0 -0.6206466 0.78409046
vn -0 -0.6206466 0.78409046
vn -0 -0.6206466 0.78409046
vn -0 -0.6206466 0.78409046
vn 0.65361416 0.3815536 0.6536096
vn 0.65361416 0.3815536 0.6536096
vn 0.65361416 0.3815536 0.6536096
vn 0.65361416 0.3815536 0.6536096
vn -0.7019781 -0.12023708 0.7019757
vn -0.7019781 -0.12023708 0.7019757
vn -0.7019781 -0.12023708 0.7019757
vn -0.7019781 -0.12023708 0.7019757
vn -0.59045017 -0.5502209 -0.59044534
vn -0.59045017 -0.5502209 -0.59044534
vn -0.59045017 -0.5502209 -0.59044534
vn -0.59045017 -0.5502209 -0.59044534
vn -0.6756565 0.29492107 0.6756551
vn -0.6756565 0.29492107 0.6756551
vn -0.6756565 0.29492107 0.6756551
vn -0.6756565 0.29492107 0.6756551
vn 0.70423 -0.090195425 0.70421934
vn 0.70423 -0.090195425 0.70421934
vn 0.70423 -0.090195425 0.70421934
vn 0.70423 -0.090195425 0.70421934
vn 0.6342995 -0.44197083 -0.6342917
vn 0.6342995 -0.44197083 -0.6342917
vn 0.6342995 -0.44197083 -0.6342917
vn 0.6342995 -0.44197083 -0.6342917
vn 0.6536125 0.38155282 -0.65361166
vn 0.6536125 0.38155282 -0.65361166
vn 0.6536125 0.38155282 -0.65361166
vn 0.6536125 0.38155282 -0.65361166
vn 0.70197934 -0.12023573 0.70197463
vn 0.70197934 -0.12023573 0.70197463
vn 0.70197934 -0.12023573 0.70197463
vn 0.70197934 -0.12023573 0.70197463
vn -0.5904441 -0.55022347 0.5904489
vn -0.5904441 -0.55022347 0.5904489
vn -0.5904441 -0.55022347 0.5904489
vn -0.5904441 -0.55022347 0.5904489
vn -0.67565304 0.2949213 -0.6756586
vn -0.67565304 0.2949213 -0.6756586
vn -0.67565304 0.2949213 -0.6756586
vn -0.67565304 0.2949213 -0.6756586
vn -0.7042253 -0.09019305 0.7042244
vn -0.7042253 -0.09019305 0.7042244
vn -0.7042253 -0.09019305 0.7042244
vn -0.7042253 -0.09019305 0.7042244
vn 0.63429475 -0.44197062 0.63429666
vn 0.63429475 -0.44197062 0.63429666
vn 0.63429475 -0.44197062 0.63429666
vn 0.63429475 -0.44197062 0.63429666
vn -0 1 0
vn -0 1 0
vn -0 1 0
vn -0 1 0
vn -0 0 1
vn -0 0 1
vn -0 0 1
vn -0 0 1
vn -1 1.951911E-06 1.2678497E-07
vn -1 1.951911E-06 1.2678497E-07
vn -1 1.951911E-06 1.2678497E-07
vn -1 1.951911E-06 1.2678497E-07
vn 1 0 0
vn 1 0 0
vn 1 0 0
vn 1 0 0
vn -0.6983339 0.15703972 0.6983325
vn -0.6983339 0.15703972 0.6983325
vn -0.6983339 0.15703972 0.6983325
vn -0.6983339 0.15703972 0.6983325
vn 0.70633936 -0.046605494 0.7063376
vn 0.70633936 -0.046605494 0.7063376
vn 0.70633936 -0.046605494 0.7063376
vn 0.70633936 -0.046605494 0.7063376
vn 0.6853737 -0.24603398 -0.6853687
vn 0.6853737 -0.24603398 -0.6853687
vn 0.6853737 -0.24603398 -0.6853687
vn 0.6853737 -0.24603398 -0.6853687
vn 0.6983366 0.15703866 0.69833004
vn 0.6983366 0.15703866 0.69833004
vn 0.6983366 0.15703866 0.69833004
vn 0.6983366 0.15703866 0.69833004
vn -0.70633775 -0.046605848 0.7063391
vn -0.70633775 -0.046605848 0.7063391
vn -0.70633775 -0.046605848 0.7063391
vn -0.70633775 -0.046605848 0.7063391
vn -0.6853734 -0.24603494 -0.68536866
vn -0.6853734 -0.24603494 -0.68536866
vn -0.6853734 -0.24603494 -0.68536866
vn -0.6853734 -0.24603494 -0.68536866
vn 0.69833136 -0.15704052 0.698335
vn 0.69833136 -0.15704052 0.698335
vn 0.69833136 -0.15704052 0.698335
vn 0.69833136 -0.15704052 0.698335
vn 0.7063388 0.0466072 -0.70633787
vn 0.7063388 0.0466072 -0.70633787
vn 0.7063388 0.0466072 -0.70633787
vn 0.7063388 0.0466072 -0.70633787
vn -0.685368 0.24603353 -0.68537456
vn -0.685368 0.24603353 -0.68537456
vn -0.685368 0.24603353 -0.68537456
vn -0.685368 0.24603353 -0.68537456
vn 0.6983295 0.15704118 -0.6983366
vn 0.6983295 0.15704118 -0.6983366
vn 0.6983295 0.15704118 -0.6983366
vn 0.6983295 0.15704118 -0.6983366
vn 0.70633674 -0.046607275 0.70633996
vn 0.70633674 -0.046607275 0.70633996
vn 0.70633674 -0.046607275 0.70633996
vn 0.70633674 -0.046607275 0.70633996
vn -0.6853702 -0.2460336 0.68537235
vn -0.6853702 -0.2460336 0.68537235
vn -0.6853702 -0.2460336 0.68537235
vn -0.6853702 -0.2460336 0.68537235
vn -0.65655047 0.37132993 0.6565483
vn -0.65655047 0.37132993 0.6565483
vn -0.65655047 0.37132993 0.6565483
vn -0.65655047 0.37132993 0.6565483
vn 0.70228946 -0.11654362 0.7022871
vn 0.70228946 -0.11654362 0.7022871
vn 0.70228946 -0.11654362 0.7022871
vn 0.70228946 -0.11654362 0.7022871
vn 0.5960064 -0.5381029 -0.5960048
vn 0.5960064 -0.5381029 -0.5960048
vn 0.5960064 -0.5381029 -0.5960048
vn 0.5960064 -0.5381029 -0.5960048
vn 0.67702675 0.28858063 0.67701995
vn 0.67702675 0.28858063 0.67701995
vn 0.67702675 0.28858063 0.67701995
vn 0.67702675 0.28858063 0.67701995
vn -0.70435697 -0.08809118 0.70435876
vn -0.70435697 -0.08809118 0.70435876
vn -0.70435697 -0.08809118 0.70435876
vn -0.70435697 -0.08809118 0.70435876
vn -0.6371908 -0.43356466 -0.63718885
vn -0.6371908 -0.43356466 -0.63718885
vn -0.6371908 -0.43356466 -0.63718885
vn -0.6371908 -0.43356466 -0.63718885
vn -0.65654874 0.37132892 -0.6565505
vn -0.65654874 0.37132892 -0.6565505
vn -0.65654874 0.37132892 -0.6565505
vn -0.65654874 0.37132892 -0.6565505
vn -0.7022899 -0.116544835 0.7022864
vn -0.7022899 -0.116544835 0.7022864
vn -0.7022899 -0.116544835 0.7022864
vn -0.7022899 -0.116544835 0.7022864
vn 0.5960031 -0.53810316 0.5960079
vn 0.5960031 -0.53810316 0.5960079
vn 0.5960031 -0.53810316 0.5960079
vn 0.5960031 -0.53810316 0.5960079
vn 0.6770216 0.28858092 -0.67702496
vn 0.6770216 0.28858092 -0.67702496
vn 0.6770216 0.28858092 -0.67702496
vn 0.6770216 0.28858092 -0.67702496
vn 0.7043564 -0.088094786 0.7043589
vn 0.7043564 -0.088094786 0.7043589
vn 0.7043564 -0.088094786 0.7043589
vn 0.7043564 -0.088094786 0.7043589
vn -0.63718945 -0.4335641 0.63719064
vn -0.63718945 -0.4335641 0.63719064
vn -0.63718945 -0.4335641 0.63719064
vn -0.63718945 -0.4335641 0.63719064
vn 6.8066225E-07 1 4.4464664E-07
vn 6.8066225E-07 1 4.4464664E-07
vn 6.8066225E-07 1 4.4464664E-07
vn 6.8066225E-07 1 4.4464664E-07
vn -0 0 1
vn -0 0 1
vn -0 0 1
vn -0 0 1
vn -1 1.9727079E-06 1.2813864E-07
vn -1 1.9727079E-06 1.2813864E-07
vn -1 1.9727079E-06 1.2813864E-07
vn -1 1.9727079E-06 1.2813864E-07
vn 1 -1.9727215E-06 -1.281367E-07
vn 1 -1.9727215E-06 -1.281367E-07
vn 1 -1.9727215E-06 -1.281367E-07
vn 1 -1.9727215E-06 -1.281367E-07
vn -1 -3.0134476E-07 0
vn -1 -3.0134476E-07 0
vn -1 -3.0134476E-07 0
vn -1 -3.0134476E-07 0
vn -0 6.994801E-07 1
vn -0 6.994801E-07 1
vn -0 6.994801E-07 1
vn -0 6.994801E-07 1
vn 1 0 2.6120054E-07
vn 1 0 2.6120054E-07
vn 1 0 2.6120054E-07
vn 1 0 2.6120054E-07
vn -1 0 0
vn -1 0 0
vn -1 0 0
vn -1 0 0
vn -2.992134E-06 1.0492212E-06 1
vn -2.992134E-06 1.0492212E-06 1
vn -2.992134E-06 1.0492212E-06 1
vn -2.992134E-06 1.0492212E-06 1
vn 1 0 1.3060023E-07
vn 1 0 1.3060023E-07
vn 1 0 1.3060023E-07
vn 1 0 1.3060023E-07
vn 1 -1.587396E-06 1.3059994E-07
vn 1 -1.587396E-06 1.3059994E-07
vn 1 -1.587396E-06 1.3059994E-07
vn 1 -1.587396E-06 1.3059994E-07
vn -0 1 0
vn -0 1 0
vn -0 1 0
vn -0 1 0
vn -0 -1.0198706E-06 1
vn -0 -1.0198706E-06 1
vn -0 -1.0198706E-06 1
vn -0 -1.0198706E-06 1
vn -1 0 1.3059997E-07
vn -1 0 1.3059997E-07
vn -1 0 1.3059997E-07
vn -1 0 1.3059997E-07
vn -0 1 0
vn -0 1 0
vn -0 1 0
vn -0 1 0
vn -0 0 1
vn -0 0 1
vn -0 0 1
vn -0 0 1
vn -0 -1 0
vn -0 -1 0
vn -0 -1 0
vn -0 -1 0
vn -6.8066225E-07 -1 -5.85311E-07
vn -6.8066225E-07 -1 -5.85311E-07
vn -6.8066225E-07 -1 -5.85311E-07
vn -6.8066225E-07 -1 -5.85311E-07
vn -0 -1 0
vn -0 -1 0
vn -0 -1 0
vn -0 -1 0
vn -0 -1 0
vn -0 -1 0
vn -0 -1 0
vn -0 -1 0
vn 2.4909102E-07 -1 3.089084E-07
vn 2.4909102E-07 -1 3.089084E-07
vn 2.4909102E-07 -1 3.089084E-07
vn 2.4909102E-07 -1 3.089084E-07
vn 2.490908E-07 -1 2.3168108E-07
vn 2.490908E-07 -1 2.3168108E-07
vn 2.490908E-07 -1 2.3168108E-07
vn 2.490908E-07 -1 2.3168108E-07
vn 1 2.7362722E-07 0
vn 1 1.474456E-07 0
vn 1 1.474456E-07 0
vn 1 2.7362722E-07 0
vn 1 2.523632E-07 0
vn 1 2.523632E-07 0
vn 1 2.523632E-07 0
vn 1 0 0
vn 1 0 0
vn 1 0 0
vn 1 0 0
vn 1 0 0
vn -1 1.118203E-07 0
vn -1 1.118203E-07 0
vn -1 1.118203E-07 0
vn -1 1.118203E-07 0
vn -1 1.118203E-07 0
vn -1 0 0
vn -1 0 0
vn -1 0 0
vn -1 0 0
vn -1 0 0
vn -1 0 0
vn -1 0 0
vn -1 -2.358116E-07 0
vn -1 -2.358116E-07 0
vn -1 -2.358116E-07 0
vn -1 -2.358116E-07 0
vn 1 0 0
vn 1 0 0
vn 1 0 0
vn 1 0 0
vn -0 0 1
vn -0 0 1
vn -0 0 1
vn -0 0 1
vn -0 -1.661329E-07 1
vn -0 -1.661329E-07 1
vn -0 -1.661329E-07 1
vn -0 -1.661329E-07 1
vn -0 0 1
vn -0 0 1
vn -0 0 1
vn -0 0 1
vn -0 0 1
vn -0 0 1
vn -0 0 1
vn -0 0 1
vn -2.0756575E-07 0 1
vn -2.0756575E-07 0 1
vn -2.0756575E-07 0 1
vn -2.0756575E-07 0 1
vn 2.075657E-07 0 1
vn 2.075657E-07 0 1
vn 2.075657E-07 0 1
vn 2.075657E-07 0 1
vn -0 0 1
vn -0 0 1
vn -0 0 1
vn -0 0 1
vn -2.4303924E-07 0 1
vn -2.4303924E-07 0 1
vn -2.4303924E-07 0 1
vn -2.4303924E-07 0 1
vn 1 0 0
vn 1 0 0
vn 1 0 0
vn 1 0 0
vn 1 0 0
vn 1 0 0
vn 1 0 0
vn 1 0 0
vn 1 0 0
vn 1 0 0
vn 1 0 0
vn 1 0 0
vn -1 3.233272E-07 -1.3842505E-07
vn -1 3.233272E-07 -1.3842505E-07
vn -1 3.233272E-07 -1.3842505E-07
vn -1 3.233272E-07 -1.3842505E-07
vn -1 0 0
vn -1 0 0
vn -1 0 0
vn -1 0 0
vn -1 0 0
vn -1 0 0
vn -1 0 0
vn -1 0 0
vn -0 1 0
vn -0 1 0
vn -0 1 0
vn -0 1 0
vn -0 1 0
vn -0 1 0
vn -0 1 0
vn -0 1 0
vn -0 1 0
vn -0 1 0
vn -0 1 0
vn -0 1 0
vn -0 1 0
vn -0 1 0
vn -0 1 0
vn -0 1 0
vn -0 1 0
vn -0 1 0
vn -0 1 0
vn -0 1 0
vn -0 1 0
vn -0 1 0
vn -0 1 0
vn -0 1 0
vn -0 1 0
vn -0 1 0
vn -0 1 0
vn -0 1 0
vn -0 1 0
vn -0 1 0
vn -0 1 0
vn -0 1 0
vn 0.71471494 0.14393945 0.68444437
vn 1 0 0
vn 0.7071068 0 0.7071068
vn 1 0 0
vn 0.7206397 0.44177195 0.534337
vn 0.7206397 0.44177195 0.534337
vn 1 8.848207E-07 0
vn 0.7232653 0.65935266 0.20528384
vn 0.7206397 0.44177195 0.534337
vn 1 8.848207E-07 0
vn 0.7232646 0.6593538 -0.20528273
vn 1 1.7696437E-06 0
vn 1 1.7696437E-06 0
vn 0.7206397 0.44177243 -0.53433657
vn 1 0 0
vn 0.7147149 0.14393842 -0.68444467
vn 1 0 0
vn 0.7071068 -1.17712446E-07 -0.7071068
vn 0.7206397 0.44177243 -0.53433657
vn 0.71471494 0.14393945 0.68444437
vn -0 0 1
vn -0 0.2057995 0.9785942
vn 0.7071068 0 0.7071068
vn 0.7206397 0.44177195 0.534337
vn 0.7232653 0.65935266 0.20528384
vn -7.6439545E-07 0.9547948 -0.2972657
vn 0.7232646 0.6593538 -0.20528273
vn 0.7232653 0.65935266 0.20528384
vn -3.8219974E-07 0.9547943 0.2972673
vn -3.7930752E-07 0.63719213 0.770705
vn -3.7930752E-07 0.63719213 0.770705
vn 0.7206397 0.44177195 0.534337
vn -7.5861215E-07 0.63719237 -0.77070487
vn 0.7232646 0.6593538 -0.20528273
vn -7.5861215E-07 0.63719237 -0.77070487
vn 0.7206397 0.44177243 -0.53433657
vn -0 0.2057995 0.9785942
vn -3.7930752E-07 0.63719213 0.770705
vn 0.7206397 0.44177195 0.534337
vn 0.7147149 0.14393842 -0.68444467
vn -0 -1.2149495E-07 -1
vn 0.7071068 -1.17712446E-07 -0.7071068
vn -0 0.20579806 -0.9785945
vn 0.7206397 0.44177243 -0.53433657
vn -0 0.20579806 -0.9785945
vn -7.5861215E-07 0.63719237 -0.77070487
vn -0 1 0
vn 0.70711076 0.7071029 1.3577561E-05
vn 0.5351655 0.6667126 0.51874113
vn -0 1 0
vn 0.70711076 0.7071029 1.3577561E-05
vn 1 -1.11743275E-05 1.9201465E-05
vn 0.70703393 -7.9021065E-06 0.7071797
vn 0.449921 0.11062317 0.88619053
vn 0.70711076 0.7071029 1.3577561E-05
vn 0.5351655 0.6667126 0.51874113
vn -8.413325E-05 0.123875394 0.9922978
vn 0.5351655 0.6667126 0.51874113
vn 0.449921 0.11062317 0.88619053
vn 2.006747E-05 0.24584255 0.96930987
vn 0.70703393 -7.9021065E-06 0.7071797
vn -0.00018703796 0 1
vn 1 -1.1174339E-05 -1.9201485E-05
vn 1 -1.1174339E-05 -1.9201485E-05
vn 1 -1.1174339E-05 -1.9201485E-05
vn 0.70711076 0.7071029 -1.3577576E-05
vn 0.70711076 0.7071029 -1.3577576E-05
vn -0.7147149 0.14393893 0.6844445
vn -1 0 0
vn -1 0 0
vn -0.7147149 0.14393893 0.6844445
vn -0.7071068 0 0.7071068
vn -1 0 0
vn -0.7147149 0.14393893 0.6844445
vn -0 0 1
vn -0.7071068 0 0.7071068
vn -0.7147149 0.14393893 0.6844445
vn -0 0.20579875 0.97859436
vn -0 0 1
vn -0.72326493 0.6593531 0.20528366
vn -1 0 0
vn -1 1.5513465E-06 0
vn -0.72064 0.44177103 0.5343374
vn -1 0 0
vn -0.7147149 0.14393893 0.6844445
vn -0.72326463 0.65935373 -0.2052827
vn -1 1.5513465E-06 0
vn -1 0 0
vn -0.72064006 0.44177133 -0.53433704
vn -1 0 0
vn -0.7147148 0.14393829 -0.68444467
vn -1 0 0
vn -0.7071068 0 -0.70710677
vn -0.72326493 0.6593531 0.20528366
vn 9.3887115E-07 0.9547949 -0.29726562
vn 3.8219713E-07 0.95479435 0.2972672
vn -0.72326463 0.65935373 -0.2052827
vn 3.7930502E-07 0.6371917 0.7707054
vn 9.3176794E-07 0.63719225 -0.770705
vn 9.3176794E-07 0.63719225 -0.770705
vn -0.72064006 0.44177133 -0.53433704
vn -0 0.20579784 -0.97859454
vn 9.3176794E-07 0.63719225 -0.770705
vn -0.7147148 0.14393829 -0.68444467
vn -0 -1.2149495E-07 -1
vn -0.7071068 0 -0.70710677
vn -0 -1.2149495E-07 -1
vn -0.72064006 0.44177133 -0.53433704
vn -0.7147148 0.14393829 -0.68444467
vn 3.7930502E-07 0.6371917 0.7707054
vn -0.72064 0.44177103 0.5343374
vn -0.72326493 0.6593531 0.20528366
vn -0 0.20579875 0.97859436
vn -0.72064 0.44177103 0.5343374
vn 3.7930502E-07 0.6371917 0.7707054
vn -0.7147149 0.14393893 0.6844445
vn -0 1 0
vn -0.70711076 0.7071029 1.4256438E-05
vn -0 1 0
vn -0.5351657 0.66671175 0.51874197
vn -0.70711076 0.7071029 1.4256438E-05
vn -0.4499208 0.110622235 0.8861907
vn -0.7070335 -7.902102E-06 0.70718014
vn -1 -1.1174326E-05 2.0161535E-05
vn -0.70711076 0.7071029 1.4256438E-05
vn -0.5351657 0.66671175 0.51874197
vn 8.425691E-05 0.12387437 0.99229795
vn -0.5351657 0.66671175 0.51874197
vn -2.0016138E-05 0.24584055 0.9693103
vn -0.4499208 0.110622235 0.8861907
vn -0.7070335 -7.902102E-06 0.70718014
vn 0.00018723209 0 1
vn -1 -1.1174341E-05 -2.0161557E-05
vn -1 -1.1174341E-05 -2.0161557E-05
vn -1 -1.1174341E-05 -2.0161557E-05
vn -0.70711076 0.7071029 -1.4256456E-05
vn -0.70711076 0.7071029 -1.4256456E-05
vn -0 1 0
vn 0.70711076 0.7071029 -1.3577576E-05
vn 0.70711076 0.7071029 -1.3577576E-05
vn -0 1 0
vn -0 1 0
vn -0.70711076 0.7071029 -1.4256456E-05
vn -0 1 0
vn -0.70711076 0.7071029 -1.4256456E-05
vn -0 1 0
vn -0 1 0
vn -0 1 0
vn -0 1 0
vn 2.9608287E-07 0 1
vn 2.9608287E-07 0 1
vn 2.9608287E-07 0 1
vn 2.9608287E-07 0 1
g mesh 23_0
f 3/3/3 2/2/2 1/1/1
f 2/2/2 4/4/4 1/1/1
f 7/7/7 6/6/6 5/5/5
f 6/6/6 8/8/8 5/5/5
f 11/11/11 10/10/10 9/9/9
f 10/10/10 12/12/12 9/9/9
f 15/15/15 14/14/14 13/13/13
f 14/14/14 16/16/16 13/13/13
f 19/19/19 18/18/18 17/17/17
f 18/18/18 20/20/20 17/17/17
f 23/23/23 22/22/22 21/21/21
f 22/22/22 24/24/24 21/21/21
f 27/27/27 26/26/26 25/25/25
f 26/26/26 28/28/28 25/25/25
f 31/31/31 30/30/30 29/29/29
f 30/30/30 32/32/32 29/29/29
f 35/35/35 34/34/34 33/33/33
f 34/34/34 36/36/36 33/33/33
f 39/39/39 38/38/38 37/37/37
f 38/38/38 40/40/40 37/37/37
f 43/43/43 42/42/42 41/41/41
f 42/42/42 44/44/44 41/41/41
f 45/45/45 42/42/42 43/43/43
f 46/46/46 45/45/45 43/43/43
f 49/49/49 48/48/48 47/47/47
f 48/48/48 50/50/50 47/47/47
f 51/51/51 48/48/48 49/49/49
f 52/52/52 51/51/51 49/49/49
f 47/47/47 50/50/50 53/53/53
f 50/50/50 54/54/54 53/53/53
f 55/55/55 53/53/53 54/54/54
f 56/56/56 55/55/55 54/54/54
f 59/59/59 58/58/58 57/57/57
f 58/58/58 60/60/60 57/57/57
f 61/61/61 58/58/58 59/59/59
f 62/62/62 61/61/61 59/59/59
f 57/57/57 60/60/60 63/63/63
f 60/60/60 64/64/64 63/63/63
f 65/65/65 63/63/63 64/64/64
f 66/66/66 65/65/65 64/64/64
f 69/69/69 68/68/68 67/67/67
f 68/68/68 70/70/70 67/67/67
f 71/71/71 68/68/68 69/69/69
f 72/72/72 71/71/71 69/69/69
f 67/67/67 70/70/70 73/73/73
f 70/70/70 74/74/74 73/73/73
f 75/75/75 73/73/73 74/74/74
f 76/76/76 75/75/75 74/74/74
f 79/79/79 78/78/78 77/77/77
f 78/78/78 80/80/80 77/77/77
f 81/81/81 78/78/78 79/79/79
f 82/82/82 81/81/81 79/79/79
f 77/77/77 80/80/80 83/83/83
f 80/80/80 84/84/84 83/83/83
f 83/83/83 84/84/84 85/85/85
f 86/86/86 83/83/83 85/85/85
f 89/89/89 88/88/88 87/87/87
f 88/88/88 90/90/90 87/87/87
f 91/91/91 87/87/87 90/90/90
f 92/92/92 91/91/91 90/90/90
f 95/95/95 94/94/94 93/93/93
f 94/94/94 96/96/96 93/93/93
f 99/99/99 98/98/98 97/97/97
f 98/98/98 100/100/100 97/97/97
f 103/103/103 102/102/102 101/101/101
f 102/102/102 104/104/104 101/101/101
f 107/107/107 106/106/106 105/105/105
f 106/106/106 108/108/108 105/105/105
f 111/111/111 110/110/110 109/109/109
f 110/110/110 112/112/112 109/109/109
f 115/115/115 114/114/114 113/113/113
f 114/114/114 116/116/116 113/113/113
f 119/119/119 118/118/118 117/117/117
f 118/118/118 120/120/120 117/117/117
f 123/123/123 122/122/122 121/121/121
f 122/122/122 124/124/124 121/121/121
f 127/127/127 126/126/126 125/125/125
f 126/126/126 128/128/128 125/125/125
f 131/131/131 130/130/130 129/129/129
f 130/130/130 132/132/132 129/129/129
f 135/135/135 134/134/134 133/133/133
f 134/134/134 136/136/136 133/133/133
f 139/139/139 138/138/138 137/137/137
f 138/138/138 140/140/140 137/137/137
f 143/143/143 142/142/142 141/141/141
f 142/142/142 144/144/144 141/141/141
f 145/145/145 142/142/142 143/143/143
f 146/146/146 145/145/145 143/143/143
f 149/149/149 148/148/148 147/147/147
f 148/148/148 150/150/150 147/147/147
f 153/153/153 152/152/152 151/151/151
f 152/152/152 154/154/154 151/151/151
f 157/157/157 156/156/156 155/155/155
f 156/156/156 158/158/158 155/155/155
f 161/161/161 160/160/160 159/159/159
f 159/159/159 162/162/162 161/161/161
f 162/162/162 163/163/163 161/161/161
f 166/166/166 165/165/165 164/164/164
f 165/165/165 167/167/167 164/164/164
f 170/170/170 169/169/169 168/168/168
f 169/169/169 171/171/171 168/168/168
f 174/174/174 173/173/173 172/172/172
f 173/173/173 175/175/175 172/172/172
f 173/173/173 176/176/176 175/175/175
f 176/176/176 177/177/177 175/175/175
f 180/180/180 179/179/179 178/178/178
f 179/179/179 181/181/181 178/178/178
f 184/184/184 183/183/183 182/182/182
f 183/183/183 185/185/185 182/182/182
f 188/188/188 187/187/187 186/186/186
f 187/187/187 189/189/189 186/186/186
f 190/190/190 188/188/188 186/186/186
f 186/186/186 191/191/191 190/190/190
f 186/186/186 192/192/192 191/191/191
f 195/195/195 194/194/194 193/193/193
f 194/194/194 196/196/196 193/193/193
f 199/199/199 198/198/198 197/197/197
f 198/198/198 200/200/200 197/197/197
f 203/203/203 202/202/202 201/201/201
f 202/202/202 204/204/204 201/201/201
f 205/205/205 202/202/202 203/203/203
f 206/206/206 205/205/205 203/203/203
f 209/209/209 208/208/208 207/207/207
f 208/208/208 210/210/210 207/207/207
f 213/213/213 212/212/212 211/211/211
f 212/212/212 214/214/214 211/211/211
f 212/212/212 213/213/213 215/215/215
f 216/216/216 212/212/212 215/215/215
f 215/215/215 217/217/217 216/216/216
f 217/217/217 218/218/218 216/216/216
f 221/221/221 220/220/220 219/219/219
f 219/219/219 222/222/222 221/221/221
f 222/222/222 223/223/223 221/221/221
f 220/220/220 221/221/221 224/224/224
f 225/225/225 220/220/220 224/224/224
f 226/226/226 225/225/225 224/224/224
f 224/224/224 227/227/227 226/226/226
f 230/230/230 229/229/229 228/228/228
f 229/229/229 231/231/231 228/228/228
f 232/232/232 229/229/229 230/230/230
f 233/233/233 232/232/232 230/230/230
f 236/236/236 235/235/235 234/234/234
f 235/235/235 237/237/237 234/234/234
f 240/240/240 239/239/239 238/238/238
f 239/239/239 241/241/241 238/238/238
f 244/244/244 243/243/243 242/242/242
f 243/243/243 245/245/245 242/242/242
f 248/248/248 247/247/247 246/246/246
f 247/247/247 249/249/249 246/246/246
f 250/250/250 247/247/247 248/248/248
f 251/251/251 250/250/250 248/248/248
f 254/254/254 253/253/253 252/252/252
f 253/253/253 255/255/255 252/252/252
f 258/258/258 257/257/257 256/256/256
f 257/257/257 259/259/259 256/256/256
f 257/257/257 258/258/258 260/260/260
f 261/261/261 257/257/257 260/260/260
f 260/260/260 262/262/262 261/261/261
f 262/262/262 263/263/263 261/261/261
f 266/266/266 265/265/265 264/264/264
f 264/264/264 267/267/267 266/266/266
f 267/267/267 268/268/268 266/266/266
f 271/271/271 270/270/270 269/269/269
f 269/269/269 272/272/272 271/271/271
f 272/272/272 273/273/273 271/271/271
f 273/273/273 274/274/274 271/271/271
f 277/277/277 276/276/276 275/275/275
f 276/276/276 278/278/278 275/275/275
f 279/279/279 276/276/276 277/277/277
f 280/280/280 279/279/279 277/277/277
f 283/283/283 282/282/282 281/281/281
f 282/282/282 284/284/284 281/281/281
f 287/287/287 286/286/286 285/285/285
f 286/286/286 288/288/288 285/285/285
f 291/291/291 290/290/290 289/289/289
f 290/290/290 292/292/292 289/289/289
f 295/295/295 294/294/294 293/293/293
f 294/294/294 296/296/296 293/293/293
f 294/294/294 297/297/297 296/296/296
f 297/297/297 298/298/298 296/296/296
f 301/301/301 300/300/300 299/299/299
f 300/300/300 302/302/302 299/299/299
f 305/305/305 304/304/304 303/303/303
f 304/304/304 306/306/306 303/303/303
f 306/306/306 304/304/304 307/307/307
f 304/304/304 308/308/308 307/307/307
f 309/309/309 307/307/307 308/308/308
f 310/310/310 309/309/309 308/308/308
f 313/313/313 312/312/312 311/311/311
f 311/311/311 314/314/314 313/313/313
f 311/311/311 315/315/315 314/314/314
f 318/318/318 317/317/317 316/316/316
f 316/316/316 319/319/319 318/318/318
f 316/316/316 320/320/320 319/319/319
f 320/320/320 321/321/321 319/319/319
f 324/324/324 323/323/323 322/322/322
f 323/323/323 325/325/325 322/322/322
f 323/323/323 326/326/326 325/325/325
f 326/326/326 327/327/327 325/325/325
f 330/330/330 329/329/329 328/328/328
f 329/329/329 331/331/331 328/328/328
f 334/334/334 333/333/333 332/332/332
f 333/333/333 335/335/335 332/332/332
f 338/338/338 337/337/337 336/336/336
f 337/337/337 339/339/339 336/336/336
f 342/342/342 341/341/341 340/340/340
f 341/341/341 343/343/343 340/340/340
f 341/341/341 344/344/344 343/343/343
f 344/344/344 345/345/345 343/343/343
f 348/348/348 347/347/347 346/346/346
f 347/347/347 349/349/349 346/346/346
f 352/352/352 351/351/351 350/350/350
f 351/351/351 353/353/353 350/350/350
f 353/353/353 351/351/351 354/354/354
f 351/351/351 355/355/355 354/354/354
f 356/356/356 354/354/354 355/355/355
f 357/357/357 356/356/356 355/355/355
f 360/360/360 359/359/359 358/358/358
f 358/358/358 361/361/361 360/360/360
f 358/358/358 362/362/362 361/361/361
f 363/363/363 360/360/360 361/361/361
f 361/361/361 364/364/364 363/363/363
f 361/361/361 365/365/365 364/364/364
f 365/365/365 366/366/366 364/364/364
f 369/369/369 368/368/368 367/367/367
f 368/368/368 370/370/370 367/367/367
f 368/368/368 371/371/371 370/370/370
f 371/371/371 372/372/372 370/370/370
f 375/375/375 374/374/374 373/373/373
f 374/374/374 376/376/376 373/373/373
f 379/379/379 378/378/378 377/377/377
f 378/378/378 380/380/380 377/377/377
f 383/383/383 382/382/382 381/381/381
f 382/382/382 384/384/384 381/381/381
f 387/387/387 386/386/386 385/385/385
f 386/386/386 388/388/388 385/385/385
f 391/391/391 390/390/390 389/389/389
f 390/390/390 392/392/392 389/389/389
f 395/395/395 394/394/394 393/393/393
f 398/398/398 397/397/397 396/396/396
f 401/401/401 400/400/400 399/399/399
f 404/404/404 403/403/403 402/402/402
f 407/407/407 406/406/406 405/405/405
f 406/406/406 408/408/408 405/405/405
f 411/411/411 410/410/410 409/409/409
f 410/410/410 412/412/412 409/409/409
f 415/415/415 414/414/414 413/413/413
f 418/418/418 417/417/417 416/416/416
f 421/421/421 420/420/420 419/419/419
f 424/424/424 423/423/423 422/422/422
f 427/427/427 426/426/426 425/425/425
f 426/426/426 428/428/428 425/425/425
f 431/431/431 430/430/430 429/429/429
f 430/430/430 432/432/432 429/429/429
f 435/435/435 434/434/434 433/433/433
f 438/438/438 437/437/437 436/436/436
f 441/441/441 440/440/440 439/439/439
f 444/444/444 443/443/443 442/442/442
f 447/447/447 446/446/446 445/445/445
f 446/446/446 448/448/448 445/445/445
f 451/451/451 450/450/450 449/449/449
f 450/450/450 452/452/452 449/449/449
f 455/455/455 454/454/454 453/453/453
f 458/458/458 457/457/457 456/456/456
f 461/461/461 460/460/460 459/459/459
f 464/464/464 463/463/463 462/462/462
f 467/467/467 466/466/466 465/465/465
f 466/466/466 468/468/468 465/465/465
f 471/471/471 470/470/470 469/469/469
f 470/470/470 472/472/472 469/469/469
f 475/475/475 474/474/474 473/473/473
f 478/478/478 477/477/477 476/476/476
f 481/481/481 480/480/480 479/479/479
f 484/484/484 483/483/483 482/482/482
f 487/487/487 486/486/486 485/485/485
f 486/486/486 488/488/488 485/485/485
f 491/491/491 490/490/490 489/489/489
f 490/490/490 492/492/492 489/489/489
f 495/495/495 494/494/494 493/493/493
f 494/494/494 496/496/496 493/493/493
f 499/499/499 498/498/498 497/497/497
f 498/498/498 500/500/500 497/497/497
f 503/503/503 502/502/502 501/501/501
f 502/502/502 504/504/504 501/501/501
f 507/507/507 506/506/506 505/505/505
f 506/506/506 508/508/508 505/505/505
f 511/511/511 510/510/510 509/509/509
f 510/510/510 512/512/512 509/509/509
f 515/515/515 514/514/514 513/513/513
f 514/514/514 516/516/516 513/513/513
f 519/519/519 518/518/518 517/517/517
f 518/518/518 520/520/520 517/517/517
f 521/521/521 519/519/519 517/517/517
f 522/522/522 521/521/521 517/517/517
f 521/521/521 522/522/522 523/523/523
f 518/518/518 523/523/523 520/520/520
f 522/522/522 524/524/524 523/523/523
f 523/523/523 524/524/524 520/520/520
f 527/527/527 526/526/526 525/525/525
f 526/526/526 528/528/528 525/525/525
f 531/531/531 530/530/530 529/529/529
f 530/530/530 532/532/532 529/529/529
f 535/535/535 534/534/534 533/533/533
f 538/538/538 537/537/537 536/536/536
f 537/537/537 539/539/539 536/536/536
f 542/542/542 541/541/541 540/540/540
f 545/545/545 544/544/544 543/543/543
f 544/544/544 546/546/546 543/543/543
f 549/549/549 548/548/548 547/547/547
f 548/548/548 550/550/550 547/547/547
f 551/551/551 548/548/548 549/549/549
f 552/552/552 551/551/551 549/549/549
f 553/553/553 551/551/551 552/552/552
f 554/554/554 553/553/553 552/552/552
f 547/547/547 550/550/550 554/554/554
f 550/550/550 553/553/553 554/554/554
f 557/557/557 556/556/556 555/555/555
f 556/556/556 558/558/558 555/555/555
f 559/559/559 556/556/556 557/557/557
f 560/560/560 559/559/559 557/557/557
f 561/561/561 559/559/559 560/560/560
f 562/562/562 561/561/561 560/560/560
f 555/555/555 558/558/558 562/562/562
f 558/558/558 561/561/561 562/562/562
f 565/565/565 564/564/564 563/563/563
f 564/564/564 566/566/566 563/563/563
f 569/569/569 568/568/568 567/567/567
f 567/567/567 570/570/570 569/569/569
f 567/567/567 571/571/571 570/570/570
f 567/567/567 572/572/572 571/571/571
f 575/575/575 574/574/574 573/573/573
f 573/573/573 576/576/576 575/575/575
f 573/573/573 577/577/577 576/576/576
f 577/577/577 578/578/578 576/576/576
f 581/581/581 580/580/580 579/579/579
f 580/580/580 582/582/582 579/579/579
f 585/585/585 584/584/584 583/583/583
f 584/584/584 586/586/586 583/583/583
f 589/589/589 588/588/588 587/587/587
f 588/588/588 590/590/590 587/587/587
f 593/593/593 592/592/592 591/591/591
f 591/591/591 594/594/594 593/593/593
f 591/591/591 595/595/595 594/594/594
f 595/595/595 596/596/596 594/594/594
f 599/599/599 598/598/598 597/597/597
f 597/597/597 600/600/600 599/599/599
f 597/597/597 601/601/601 600/600/600
f 597/597/597 602/602/602 601/601/601
f 605/605/605 604/604/604 603/603/603
f 604/604/604 606/606/606 603/603/603
f 609/609/609 608/608/608 607/607/607
f 608/608/608 610/610/610 607/607/607
f 613/613/613 612/612/612 611/611/611
f 612/612/612 614/614/614 611/611/611
f 617/617/617 616/616/616 615/615/615
f 616/616/616 618/618/618 615/615/615
f 621/621/621 620/620/620 619/619/619
f 620/620/620 622/622/622 619/619/619
f 625/625/625 624/624/624 623/623/623
f 624/624/624 626/626/626 623/623/623
f 629/629/629 628/628/628 627/627/627
f 628/628/628 630/630/630 627/627/627
f 633/633/633 632/632/632 631/631/631
f 632/632/632 634/634/634 631/631/631
f 637/637/637 636/636/636 635/635/635
f 636/636/636 638/638/638 635/635/635
f 641/641/641 640/640/640 639/639/639
f 640/640/640 642/642/642 639/639/639
f 645/645/645 644/644/644 643/643/643
f 644/644/644 646/646/646 643/643/643
f 649/649/649 648/648/648 647/647/647
f 648/648/648 650/650/650 647/647/647
f 653/653/653 652/652/652 651/651/651
f 652/652/652 654/654/654 651/651/651
f 657/657/657 656/656/656 655/655/655
f 656/656/656 658/658/658 655/655/655
f 661/661/661 660/660/660 659/659/659
f 660/660/660 663/663/663 662/662/662
f 666/666/666 665/665/665 664/664/664
f 665/665/665 667/667/667 664/664/664
f 670/670/670 669/669/669 668/668/668
f 669/669/669 671/671/671 668/668/668
f 674/674/674 673/673/673 672/672/672
f 673/673/673 675/675/675 672/672/672
f 678/678/678 677/677/677 676/676/676
f 677/677/677 679/679/679 676/676/676
f 682/682/682 681/681/681 680/680/680
f 681/681/681 683/683/683 680/680/680
f 686/686/686 685/685/685 684/684/684
f 685/685/685 687/687/687 684/684/684
f 690/690/690 689/689/689 688/688/688
f 689/689/689 691/691/691 688/688/688
f 694/694/694 693/693/693 692/692/692
f 693/693/693 695/695/695 692/692/692
f 698/698/698 697/697/697 696/696/696
f 697/697/697 699/699/699 696/696/696
f 702/702/702 701/701/701 700/700/700
f 701/701/701 703/703/703 700/700/700
f 706/706/706 705/705/705 704/704/704
f 705/705/705 707/707/707 704/704/704
f 710/710/710 709/709/709 708/708/708
f 709/709/709 712/712/712 711/711/711
f 715/715/715 714/714/714 713/713/713
f 714/714/714 716/716/716 713/713/713
f 717/717/717 714/714/714 715/715/715
f 718/718/718 717/717/717 715/715/715
f 721/721/721 720/720/720 719/719/719
f 720/720/720 722/722/722 719/719/719
f 725/725/725 724/724/724 723/723/723
f 724/724/724 726/726/726 723/723/723
f 729/729/729 728/728/728 727/727/727
f 728/728/728 730/730/730 727/727/727
f 733/733/733 732/732/732 731/731/731
f 732/732/732 734/734/734 731/731/731
f 737/737/737 736/736/736 735/735/735
f 736/736/736 738/738/738 735/735/735
f 735/735/735 738/738/738 739/739/739
f 738/738/738 740/740/740 739/739/739
f 743/743/743 742/742/742 741/741/741
f 742/742/742 744/744/744 741/741/741
f 742/742/742 745/745/745 744/744/744
f 745/745/745 746/746/746 744/744/744
f 749/749/749 748/748/748 747/747/747
f 748/748/748 750/750/750 747/747/747
f 753/753/753 752/752/752 751/751/751
f 752/752/752 754/754/754 751/751/751
f 757/757/757 756/756/756 755/755/755
f 756/756/756 758/758/758 755/755/755
f 761/761/761 760/760/760 759/759/759
f 760/760/760 762/762/762 759/759/759
f 765/765/765 764/764/764 763/763/763
f 764/764/764 766/766/766 763/763/763
f 769/769/769 768/768/768 767/767/767
f 768/768/768 770/770/770 767/767/767
f 773/773/773 772/772/772 771/771/771
f 772/772/772 774/774/774 771/771/771
f 777/777/777 776/776/776 775/775/775
f 776/776/776 778/778/778 775/775/775
f 781/781/781 780/780/780 779/779/779
f 780/780/780 782/782/782 779/779/779
f 785/785/785 784/784/784 783/783/783
f 784/784/784 786/786/786 783/783/783
f 789/789/789 788/788/788 787/787/787
f 788/788/788 790/790/790 787/787/787
f 793/793/793 792/792/792 791/791/791
f 792/792/792 794/794/794 791/791/791
f 797/797/797 796/796/796 795/795/795
f 796/796/796 798/798/798 795/795/795
f 801/801/801 800/800/800 799/799/799
f 800/800/800 802/802/802 799/799/799
f 805/805/805 804/804/804 803/803/803
f 804/804/804 806/806/806 803/803/803
f 809/809/809 808/808/808 807/807/807
f 808/808/808 810/810/810 807/807/807
f 813/813/813 812/812/812 811/811/811
f 812/812/812 814/814/814 811/811/811
f 817/817/817 816/816/816 815/815/815
f 816/816/816 818/818/818 815/815/815
f 821/821/821 820/820/820 819/819/819
f 820/820/820 822/822/822 819/819/819
f 825/825/825 824/824/824 823/823/823
f 824/824/824 826/826/826 823/823/823
f 829/829/829 828/828/828 827/827/827
f 828/828/828 830/830/830 827/827/827
f 833/833/833 832/832/832 831/831/831
f 832/832/832 834/834/834 831/831/831
f 837/837/837 836/836/836 835/835/835
f 836/836/836 838/838/838 835/835/835
f 841/841/841 840/840/840 839/839/839
f 840/840/840 842/842/842 839/839/839
f 845/845/845 844/844/844 843/843/843
f 844/844/844 846/846/846 843/843/843
f 849/849/849 848/848/848 847/847/847
f 848/848/848 850/850/850 847/847/847
f 853/853/853 852/852/852 851/851/851
f 852/852/852 854/854/854 851/851/851
f 857/857/857 856/856/856 855/855/855
f 856/856/856 858/858/858 855/855/855
f 861/861/861 860/860/860 859/859/859
f 860/860/860 862/862/862 859/859/859
f 865/865/865 864/864/864 863/863/863
f 864/864/864 866/866/866 863/863/863
f 869/869/869 868/868/868 867/867/867
f 868/868/868 870/870/870 867/867/867
f 873/873/873 872/872/872 871/871/871
f 872/872/872 874/874/874 871/871/871
f 877/877/877 876/876/876 875/875/875
f 876/876/876 878/878/878 875/875/875
f 881/881/881 880/880/880 879/879/879
f 880/880/880 882/882/882 879/879/879
f 885/885/885 884/884/884 883/883/883
f 884/884/884 886/886/886 883/883/883
f 889/889/889 888/888/888 887/887/887
f 888/888/888 890/890/890 887/887/887
f 893/893/893 892/892/892 891/891/891
f 892/892/892 894/894/894 891/891/891
f 897/897/897 896/896/896 895/895/895
f 896/896/896 898/898/898 895/895/895
f 901/901/901 900/900/900 899/899/899
f 900/900/900 902/902/902 899/899/899
f 905/905/905 904/904/904 903/903/903
f 904/904/904 906/906/906 903/903/903
f 909/909/909 908/908/908 907/907/907
f 908/908/908 910/910/910 907/907/907
f 913/913/913 912/912/912 911/911/911
f 912/912/912 914/914/914 911/911/911
f 917/917/917 916/916/916 915/915/915
f 916/916/916 918/918/918 915/915/915
f 921/921/921 920/920/920 919/919/919
f 920/920/920 922/922/922 919/919/919
f 925/925/925 924/924/924 923/923/923
f 924/924/924 926/926/926 923/923/923
f 929/929/929 928/928/928 927/927/927
f 928/928/928 930/930/930 927/927/927
f 933/933/933 932/932/932 931/931/931
f 932/932/932 934/934/934 931/931/931
f 937/937/937 936/936/936 935/935/935
f 936/936/936 938/938/938 935/935/935
f 941/941/941 940/940/940 939/939/939
f 940/940/940 942/942/942 939/939/939
f 945/945/945 944/944/944 943/943/943
f 944/944/944 946/946/946 943/943/943
f 949/949/949 948/948/948 947/947/947
f 948/948/948 950/950/950 947/947/947
f 953/953/953 952/952/952 951/951/951
f 952/952/952 954/954/954 951/951/951
f 957/957/957 956/956/956 955/955/955
f 956/956/956 958/958/958 955/955/955
f 961/961/961 960/960/960 959/959/959
f 960/960/960 962/962/962 959/959/959
f 965/965/965 964/964/964 963/963/963
f 964/964/964 966/966/966 963/963/963
f 969/969/969 968/968/968 967/967/967
f 968/968/968 970/970/970 967/967/967
f 973/973/973 972/972/972 971/971/971
f 972/972/972 974/974/974 971/971/971
f 977/977/977 976/976/976 975/975/975
f 976/976/976 978/978/978 975/975/975
f 981/981/981 980/980/980 979/979/979
f 980/980/980 982/982/982 979/979/979
f 985/985/985 984/984/984 983/983/983
f 984/984/984 986/986/986 983/983/983
f 989/989/989 988/988/988 987/987/987
f 988/988/988 990/990/990 987/987/987
f 993/993/993 992/992/992 991/991/991
f 992/992/992 994/994/994 991/991/991
f 997/997/997 996/996/996 995/995/995
f 996/996/996 998/998/998 995/995/995
f 1001/1001/1001 1000/1000/1000 999/999/999
f 1000/1000/1000 1002/1002/1002 999/999/999
f 999/999/999 1002/1002/1002 1003/1003/1003
f 999/999/999 1003/1003/1003 1004/1004/1004
f 1004/1004/1004 1005/1005/1005 999/999/999
f 1006/1006/1006 1000/1000/1000 1001/1001/1001
f 1007/1007/1007 1006/1006/1006 1001/1001/1001
f 1008/1008/1008 1006/1006/1006 1007/1007/1007
f 1008/1008/1008 1007/1007/1007 1009/1009/1009
f 1009/1009/1009 1010/1010/1010 1008/1008/1008
f 1013/1013/1013 1012/1012/1012 1011/1011/1011
f 1011/1011/1011 1014/1014/1014 1013/1013/1013
f 1011/1011/1011 1015/1015/1015 1014/1014/1014
f 1014/1014/1014 1015/1015/1015 1016/1016/1016
f 1015/1015/1015 1017/1017/1017 1016/1016/1016
f 1016/1016/1016 1017/1017/1017 1018/1018/1018
f 1017/1017/1017 1019/1019/1019 1018/1018/1018
f 1018/1018/1018 1019/1019/1019 1020/1020/1020
f 1018/1018/1018 1020/1020/1020 1021/1021/1021
f 1021/1021/1021 1022/1022/1022 1018/1018/1018
f 1025/1025/1025 1024/1024/1024 1023/1023/1023
f 1024/1024/1024 1026/1026/1026 1023/1023/1023
f 1029/1029/1029 1028/1028/1028 1027/1027/1027
f 1028/1028/1028 1030/1030/1030 1027/1027/1027
f 1033/1033/1033 1032/1032/1032 1031/1031/1031
f 1032/1032/1032 1034/1034/1034 1031/1031/1031
f 1037/1037/1037 1036/1036/1036 1035/1035/1035
f 1036/1036/1036 1038/1038/1038 1035/1035/1035
f 1041/1041/1041 1040/1040/1040 1039/1039/1039
f 1040/1040/1040 1042/1042/1042 1039/1039/1039
f 1045/1045/1045 1044/1044/1044 1043/1043/1043
f 1044/1044/1044 1046/1046/1046 1043/1043/1043
f 1049/1049/1049 1048/1048/1048 1047/1047/1047
f 1048/1048/1048 1050/1050/1050 1047/1047/1047
f 1053/1053/1053 1052/1052/1052 1051/1051/1051
f 1052/1052/1052 1054/1054/1054 1051/1051/1051
f 1057/1057/1057 1056/1056/1056 1055/1055/1055
f 1056/1056/1056 1058/1058/1058 1055/1055/1055
f 1061/1061/1061 1060/1060/1060 1059/1059/1059
f 1060/1060/1060 1062/1062/1062 1059/1059/1059
f 1065/1065/1065 1064/1064/1064 1063/1063/1063
f 1064/1064/1064 1066/1066/1066 1063/1063/1063
f 1069/1069/1069 1068/1068/1068 1067/1067/1067
f 1068/1068/1068 1070/1070/1070 1067/1067/1067
f 1073/1073/1073 1072/1072/1072 1071/1071/1071
f 1072/1072/1072 1074/1074/1074 1071/1071/1071
f 1077/1077/1077 1076/1076/1076 1075/1075/1075
f 1076/1076/1076 1078/1078/1078 1075/1075/1075
f 1081/1081/1081 1080/1080/1080 1079/1079/1079
f 1080/1080/1080 1082/1082/1082 1079/1079/1079
f 1085/1085/1085 1084/1084/1084 1083/1083/1083
f 1084/1084/1084 1086/1086/1086 1083/1083/1083
f 1089/1089/1089 1088/1088/1088 1087/1087/1087
f 1088/1088/1088 1090/1090/1090 1087/1087/1087
f 1093/1093/1093 1092/1092/1092 1091/1091/1091
f 1092/1092/1092 1094/1094/1094 1091/1091/1091
f 1097/1097/1097 1096/1096/1096 1095/1095/1095
f 1096/1096/1096 1098/1098/1098 1095/1095/1095
f 1101/1101/1101 1100/1100/1100 1099/1099/1099
f 1100/1100/1100 1102/1102/1102 1099/1099/1099
f 1105/1105/1105 1104/1104/1104 1103/1103/1103
f 1104/1104/1104 1106/1106/1106 1103/1103/1103
f 1109/1109/1109 1108/1108/1108 1107/1107/1107
f 1108/1108/1108 1110/1110/1110 1107/1107/1107
f 1113/1113/1113 1112/1112/1112 1111/1111/1111
f 1112/1112/1112 1114/1114/1114 1111/1111/1111
f 1117/1117/1117 1116/1116/1116 1115/1115/1115
f 1116/1116/1116 1118/1118/1118 1115/1115/1115
f 1121/1121/1121 1120/1120/1120 1119/1119/1119
f 1120/1120/1120 1122/1122/1122 1119/1119/1119
f 1119/1119/1119 1122/1122/1122 1123/1123/1123
f 1122/1122/1122 1125/1125/1125 1124/1124/1124
f 1127/1127/1127 1125/1125/1125 1126/1126/1126
f 1125/1125/1125 1128/1128/1128 1126/1126/1126
f 1129/1129/1129 1126/1126/1126 1128/1128/1128
f 1130/1130/1130 1129/1129/1129 1128/1128/1128
f 1130/1130/1130 1131/1131/1131 1129/1129/1129
f 1131/1131/1131 1132/1132/1132 1129/1129/1129
f 1131/1131/1131 1133/1133/1133 1132/1132/1132
f 1133/1133/1133 1135/1135/1135 1134/1134/1134
f 1135/1135/1135 1136/1136/1136 1134/1134/1134
f 1133/1133/1133 1134/1134/1134 1137/1137/1137
f 1140/1140/1140 1139/1139/1139 1138/1138/1138
f 1139/1139/1139 1141/1141/1141 1138/1138/1138
f 1138/1138/1138 1142/1142/1142 1140/1140/1140
f 1145/1145/1145 1144/1144/1144 1143/1143/1143
f 1144/1144/1144 1147/1147/1147 1146/1146/1146
f 1146/1146/1146 1147/1147/1147 1148/1148/1148
f 1150/1150/1150 1146/1146/1146 1149/1149/1149
f 1144/1144/1144 1152/1152/1152 1151/1151/1151
f 1152/1152/1152 1154/1154/1154 1153/1153/1153
f 1157/1157/1157 1156/1156/1156 1155/1155/1155
f 1160/1160/1160 1159/1159/1159 1158/1158/1158
f 1159/1159/1159 1161/1161/1161 1158/1158/1158
f 1162/1162/1162 1158/1158/1158 1161/1161/1161
f 1164/1164/1164 1162/1162/1162 1163/1163/1163
f 1167/1167/1167 1166/1166/1166 1165/1165/1165
f 1169/1169/1169 1168/1168/1168 1165/1165/1165
f 1172/1172/1172 1171/1171/1171 1170/1170/1170
f 1170/1170/1170 1173/1173/1173 1172/1172/1172
f 1173/1173/1173 1174/1174/1174 1172/1172/1172
f 1177/1177/1177 1176/1176/1176 1175/1175/1175
f 1176/1176/1176 1178/1178/1178 1175/1175/1175
f 1179/1179/1179 1177/1177/1177 1175/1175/1175
f 1180/1180/1180 1179/1179/1179 1175/1175/1175
f 1183/1183/1183 1182/1182/1182 1181/1181/1181
f 1181/1181/1181 1184/1184/1184 1183/1183/1183
f 1181/1181/1181 1185/1185/1185 1184/1184/1184
f 1188/1188/1188 1187/1187/1187 1186/1186/1186
f 1191/1191/1191 1190/1190/1190 1189/1189/1189
f 1194/1194/1194 1193/1193/1193 1192/1192/1192
f 1197/1197/1197 1196/1196/1196 1195/1195/1195
f 1200/1200/1200 1199/1199/1199 1198/1198/1198
f 1199/1199/1199 1201/1201/1201 1198/1198/1198
f 1199/1199/1199 1202/1202/1202 1201/1201/1201
f 1202/1202/1202 1203/1203/1203 1201/1201/1201
f 1198/1198/1198 1204/1204/1204 1200/1200/1200
f 1204/1204/1204 1205/1205/1205 1200/1200/1200
f 1206/1206/1206 1205/1205/1205 1204/1204/1204
f 1207/1207/1207 1206/1206/1206 1204/1204/1204
f 1208/1208/1208 1206/1206/1206 1207/1207/1207
f 1209/1209/1209 1208/1208/1208 1207/1207/1207
f 1210/1210/1210 1208/1208/1208 1209/1209/1209
f 1211/1211/1211 1210/1210/1210 1209/1209/1209
f 1214/1214/1214 1213/1213/1213 1212/1212/1212
f 1213/1213/1213 1215/1215/1215 1212/1212/1212
f 1214/1214/1214 1212/1212/1212 1216/1216/1216
f 1215/1215/1215 1213/1213/1213 1217/1217/1217
f 1219/1219/1219 1215/1215/1215 1218/1218/1218
f 1219/1219/1219 1221/1221/1221 1220/1220/1220
f 1220/1220/1220 1223/1223/1223 1222/1222/1222
f 1225/1225/1225 1224/1224/1224 1222/1222/1222
f 1227/1227/1227 1226/1226/1226 1220/1220/1220
f 1230/1230/1230 1229/1229/1229 1228/1228/1228
f 1233/1233/1233 1232/1232/1232 1231/1231/1231
f 1232/1232/1232 1234/1234/1234 1231/1231/1231
f 1237/1237/1237 1236/1236/1236 1235/1235/1235
f 1239/1239/1239 1238/1238/1238 1235/1235/1235
f 1242/1242/1242 1241/1241/1241 1240/1240/1240
f 1240/1240/1240 1243/1243/1243 1242/1242/1242
f 1240/1240/1240 1244/1244/1244 1243/1243/1243
f 1247/1247/1247 1246/1246/1246 1245/1245/1245
f 1246/1246/1246 1248/1248/1248 1245/1245/1245
f 1248/1248/1248 1249/1249/1249 1245/1245/1245
f 1249/1249/1249 1250/1250/1250 1245/1245/1245
f 1253/1253/1253 1252/1252/1252 1251/1251/1251
f 1251/1251/1251 1254/1254/1254 1253/1253/1253
f 1254/1254/1254 1255/1255/1255 1253/1253/1253
f 1258/1258/1258 1257/1257/1257 1256/1256/1256
f 1257/1257/1257 1259/1259/1259 1256/1256/1256
f 1262/1262/1262 1261/1261/1261 1260/1260/1260
f 1261/1261/1261 1263/1263/1263 1260/1260/1260
f 1266/1266/1266 1265/1265/1265 1264/1264/1264
f 1265/1265/1265 1267/1267/1267 1264/1264/1264
g mesh 23_1
f 1270/1270/1270 1269/1269/1269 1268/1268/1268
f 1269/1269/1269 1271/1271/1271 1268/1268/1268
