g Combined Mesh (root: scene)
v -1.5015118 5.011888 -3.9910758
v 1.4949658 5.011888 -3.9962826
v 1.4917221 4.9535704 -3.9910758
v -1.5015117 4.951934 -3.9910758
v 1.4970472 5.011888 0.025172995
v 1.4970472 4.952178 0.025172995
v 1.4917221 4.9535704 -3.9910758
v 1.4949658 5.011888 -3.9962826
v -1.5015115 4.951993 0.029386967
v -1.5015115 5.011888 0.029347496
v -1.5015118 5.011888 -3.9910758
v -1.5015117 4.951934 -3.9910758
v -1.5015118 4.502116 -3.9910758
v 1.4949658 4.502116 -3.9962826
v 1.4917221 4.4437995 -3.9910758
v -1.5015117 4.442163 -3.9910758
v 1.4970472 4.502116 0.025172995
v 1.4970472 4.442407 0.025172995
v 1.4917221 4.4437995 -3.9910758
v 1.4949658 4.502116 -3.9962826
v -1.5015115 4.4422216 0.029386967
v -1.5015115 4.502116 0.029347496
v -1.5015118 4.502116 -3.9910758
v -1.5015117 4.442163 -3.9910758
v -0.74674636 5.8793054 -0.7960535
v -0.74674636 5.831158 -0.7960535
v -0.69510907 5.831158 -0.80271244
v -0.74674636 5.8793054 -1.6994987
v -0.74674636 5.831158 -1.6994987
v -0.69510907 5.831158 -1.7061576
v -0.74674636 5.8793054 -2.6769042
v -0.74674636 5.831158 -2.6769042
v -0.69510907 5.831158 -2.6835632
v -0.0017622376 5.8793054 -0.7960535
v -0.0017622376 5.831158 -0.7960535
v 0.049875032 5.831158 -0.80271244
v -0.0017622376 5.8793054 -1.6994987
v -0.0017622376 5.831158 -1.6994987
v 0.049875032 5.831158 -1.7061576
v -0.0017622376 5.8793054 -2.6769042
v -0.0017622376 5.831158 -2.6769042
v 0.049875032 5.831158 -2.6835632
v 0.74524444 5.8793054 -0.7960535
v 0.74524444 5.831158 -0.7960535
v 0.7968817 5.831158 -0.80271244
v 0.74524444 5.8793054 -1.6994987
v 0.74524444 5.831158 -1.6994987
v 0.7968817 5.831158 -1.7061576
v 0.74524444 5.8793054 -2.6769042
v 0.74524444 5.831158 -2.6769042
v 0.7968817 5.831158 -2.6835632
v -0.74674577 5.88448 -0.7319459
v -0.6745586 5.828858 -0.74183226
v -0.74674577 5.828858 -0.7319459
v -0.6745586 5.88448 -0.74183226
v -0.61971086 5.828858 -0.77052367
v -0.61971086 5.88448 -0.77052367
v -0.57618666 5.828858 -0.8152118
v -0.57618666 5.88448 -0.8152118
v -0.57618666 5.88448 -0.8152118
v -0.54824084 5.828858 -0.8715229
v -0.57618666 5.828858 -0.8152118
v -0.54824084 5.88448 -0.8715229
v -0.53860945 5.828858 -0.9339432
v -0.53860945 5.88448 -0.9339432
v -0.54824084 5.828858 -0.9963642
v -0.54824084 5.88448 -0.9963642
v -0.57618666 5.828858 -1.0526745
v -0.57618666 5.88448 -1.0526745
v -0.61971116 5.828858 -1.097363
v -0.61971116 5.88448 -1.097363
v -0.6745586 5.828858 -1.1260538
v -0.6745586 5.88448 -1.1260538
v -0.6745586 5.88448 -1.1260538
v -0.74674577 5.88448 -1.1360481
v -0.74674577 5.828858 -1.1360481
v -0.6745586 5.828858 -1.1260538
v -0.74674577 5.828858 -0.7319459
v -0.69510907 5.831158 -0.80271244
v -0.74674636 5.831158 -0.7960535
v -0.6745586 5.828858 -0.74183226
v -0.65745497 5.831158 -0.8223133
v -0.61971086 5.828858 -0.77052367
v -0.6275725 5.831158 -0.85284126
v -0.57618666 5.828858 -0.8152118
v -0.6083879 5.831158 -0.8913086
v -0.54824084 5.828858 -0.8715229
v -0.6017778 5.831158 -0.9339496
v -0.53860945 5.828858 -0.9339432
v -0.6083879 5.831158 -0.9765912
v -0.54824084 5.828858 -0.9963642
v -0.6275725 5.831158 -1.0150588
v -0.57618666 5.828858 -1.0526745
v -0.65745497 5.831158 -1.0455482
v -0.61971116 5.828858 -1.097363
v -0.69510907 5.831158 -1.0651867
v -0.6745586 5.828858 -1.1260538
v -0.74674636 5.831158 -1.0719404
v -0.74674577 5.828858 -1.1360481
v -0.74674636 5.8793054 -0.7960535
v -0.69510907 5.831158 -0.80271244
v -0.69510907 5.8793054 -0.80271244
v -0.65745497 5.831158 -0.8223133
v -0.65745497 5.8793054 -0.8223133
v -0.6275725 5.831158 -0.85284126
v -0.6275725 5.8793054 -0.85284126
v -0.6083879 5.831158 -0.8913086
v -0.6083879 5.8793054 -0.8913086
v -0.6017778 5.831158 -0.9339496
v -0.6083879 5.8793054 -0.8913086
v -0.6017778 5.831158 -0.9339496
v -0.6017778 5.8793054 -0.9339496
v -0.6083879 5.831158 -0.9765912
v -0.6083879 5.8793054 -0.9765912
v -0.6275725 5.831158 -1.0150588
v -0.6275725 5.8793054 -1.0150588
v -0.65745497 5.831158 -1.0455482
v -0.65745497 5.8793054 -1.0455109
v -0.65745497 5.8793054 -1.0455109
v -0.65745497 5.831158 -1.0455482
v -0.69510907 5.831158 -1.0651867
v -0.69510907 5.8793054 -1.0651867
v -0.74674636 5.831158 -1.0719404
v -0.74674636 5.8793054 -1.0719404
v -0.74674577 5.88448 -0.7319459
v -0.74674577 5.828858 -0.7319459
v -0.81897473 5.828858 -0.74183226
v -0.81897473 5.88448 -0.74183226
v -0.87382245 5.828858 -0.77052367
v -0.87382245 5.88448 -0.77052367
v -0.91734725 5.828858 -0.8152118
v -0.91734725 5.88448 -0.8152118
v -0.9452931 5.828858 -0.8715229
v -0.9452931 5.88448 -0.8715229
v -0.9549235 5.828858 -0.9339432
v -0.9549235 5.88448 -0.9339432
v -0.9549235 5.88448 -0.9339432
v -0.9549235 5.828858 -0.9339432
v -0.9452931 5.828858 -0.9963642
v -0.9452931 5.88448 -0.9963642
v -0.91734725 5.828858 -1.0526745
v -0.91734725 5.88448 -1.0526745
v -0.87382245 5.828858 -1.097363
v -0.87382245 5.88448 -1.097363
v -0.81897473 5.828858 -1.1260538
v -0.81897473 5.88448 -1.1260538
v -0.74674577 5.828858 -1.1360481
v -0.74674577 5.88448 -1.1360481
v -0.74674577 5.828858 -0.7319459
v -0.74674636 5.831158 -0.7960535
v -0.79842484 5.831158 -0.80271244
v -0.81897473 5.828858 -0.74183226
v -0.836078 5.831158 -0.8223133
v -0.87382245 5.828858 -0.77052367
v -0.86596084 5.831158 -0.85284126
v -0.91734725 5.828858 -0.8152118
v -0.8851454 5.831158 -0.8913086
v -0.9452931 5.828858 -0.8715229
v -0.891757 5.831158 -0.9339496
v -0.9549235 5.828858 -0.9339432
v -0.8851454 5.831158 -0.9765912
v -0.9452931 5.828858 -0.9963642
v -0.86596084 5.831158 -1.0150588
v -0.91734725 5.828858 -1.0526745
v -0.836078 5.831158 -1.0455482
v -0.87382245 5.828858 -1.097363
v -0.79842484 5.831158 -1.0651867
v -0.81897473 5.828858 -1.1260538
v -0.74674636 5.831158 -1.0719404
v -0.74674577 5.828858 -1.1360481
v -0.74674636 5.8793054 -0.7960535
v -0.79842484 5.831158 -0.80271244
v -0.74674636 5.831158 -0.7960535
v -0.79842484 5.8793054 -0.80271244
v -0.836078 5.831158 -0.8223133
v -0.836078 5.8793054 -0.8223133
v -0.86596084 5.831158 -0.85284126
v -0.86596084 5.8793054 -0.85284126
v -0.86596084 5.8793054 -0.85284126
v -0.8851454 5.831158 -0.8913086
v -0.86596084 5.831158 -0.85284126
v -0.8851454 5.8793054 -0.8913086
v -0.891757 5.831158 -0.9339496
v -0.891757 5.8793054 -0.9339496
v -0.8851454 5.831158 -0.9765912
v -0.8851454 5.8793054 -0.9765912
v -0.86596084 5.831158 -1.0150588
v -0.86596084 5.8793054 -1.0150588
v -0.86596084 5.8793054 -1.0150588
v -0.836078 5.831158 -1.0455482
v -0.86596084 5.831158 -1.0150588
v -0.836078 5.8793054 -1.0455109
v -0.79842484 5.831158 -1.0651867
v -0.79842484 5.8793054 -1.0651867
v -0.74674636 5.831158 -1.0719404
v -0.74674636 5.8793054 -1.0719404
v -0.74674577 5.88448 -1.635391
v -0.6745586 5.828858 -1.6452774
v -0.74674577 5.828858 -1.635391
v -0.6745586 5.88448 -1.6452774
v -0.61971086 5.828858 -1.6739688
v -0.61971086 5.88448 -1.6739688
v -0.57618666 5.828858 -1.7186569
v -0.57618666 5.88448 -1.7186569
v -0.57618666 5.88448 -1.7186569
v -0.54824084 5.828858 -1.7749679
v -0.57618666 5.828858 -1.7186569
v -0.54824084 5.88448 -1.7749679
v -0.53860945 5.828858 -1.8373883
v -0.53860945 5.88448 -1.8373883
v -0.54824084 5.828858 -1.8998092
v -0.54824084 5.88448 -1.8998092
v -0.57618666 5.828858 -1.9561197
v -0.57618666 5.88448 -1.9561197
v -0.61971116 5.828858 -2.000808
v -0.61971116 5.88448 -2.000808
v -0.6745586 5.828858 -2.0294988
v -0.6745586 5.88448 -2.0294988
v -0.6745586 5.88448 -2.0294988
v -0.74674577 5.88448 -2.039493
v -0.74674577 5.828858 -2.039493
v -0.6745586 5.828858 -2.0294988
v -0.74674577 5.828858 -1.635391
v -0.69510907 5.831158 -1.7061576
v -0.74674636 5.831158 -1.6994987
v -0.6745586 5.828858 -1.6452774
v -0.65745497 5.831158 -1.7257583
v -0.61971086 5.828858 -1.6739688
v -0.6275725 5.831158 -1.7562864
v -0.57618666 5.828858 -1.7186569
v -0.6083879 5.831158 -1.7947538
v -0.54824084 5.828858 -1.7749679
v -0.6017778 5.831158 -1.8373947
v -0.53860945 5.828858 -1.8373883
v -0.6083879 5.831158 -1.8800364
v -0.54824084 5.828858 -1.8998092
v -0.6275725 5.831158 -1.9185038
v -0.57618666 5.828858 -1.9561197
v -0.65745497 5.831158 -1.9489932
v -0.61971116 5.828858 -2.000808
v -0.69510907 5.831158 -1.9686319
v -0.6745586 5.828858 -2.0294988
v -0.74674636 5.831158 -1.9753854
v -0.74674577 5.828858 -2.039493
v -0.74674636 5.8793054 -1.6994987
v -0.69510907 5.831158 -1.7061576
v -0.69510907 5.8793054 -1.7061576
v -0.65745497 5.831158 -1.7257583
v -0.65745497 5.8793054 -1.7257583
v -0.6275725 5.831158 -1.7562864
v -0.6275725 5.8793054 -1.7562864
v -0.6083879 5.831158 -1.7947538
v -0.6083879 5.8793054 -1.7947538
v -0.6017778 5.831158 -1.8373947
v -0.6083879 5.8793054 -1.7947538
v -0.6017778 5.831158 -1.8373947
v -0.6017778 5.8793054 -1.8373947
v -0.6083879 5.831158 -1.8800364
v -0.6083879 5.8793054 -1.8800364
v -0.6275725 5.831158 -1.9185038
v -0.6275725 5.8793054 -1.9185038
v -0.65745497 5.831158 -1.9489932
v -0.65745497 5.8793054 -1.948956
v -0.65745497 5.8793054 -1.948956
v -0.65745497 5.831158 -1.9489932
v -0.69510907 5.831158 -1.9686319
v -0.69510907 5.8793054 -1.9686319
v -0.74674636 5.831158 -1.9753854
v -0.74674636 5.8793054 -1.9753854
v -0.74674577 5.88448 -1.635391
v -0.74674577 5.828858 -1.635391
v -0.81897473 5.828858 -1.6452774
v -0.81897473 5.88448 -1.6452774
v -0.87382245 5.828858 -1.6739688
v -0.87382245 5.88448 -1.6739688
v -0.91734725 5.828858 -1.7186569
v -0.91734725 5.88448 -1.7186569
v -0.9452931 5.828858 -1.7749679
v -0.9452931 5.88448 -1.7749679
v -0.9549235 5.828858 -1.8373883
v -0.9549235 5.88448 -1.8373883
v -0.9549235 5.88448 -1.8373883
v -0.9549235 5.828858 -1.8373883
v -0.9452931 5.828858 -1.8998092
v -0.9452931 5.88448 -1.8998092
v -0.91734725 5.828858 -1.9561197
v -0.91734725 5.88448 -1.9561197
v -0.87382245 5.828858 -2.000808
v -0.87382245 5.88448 -2.000808
v -0.81897473 5.828858 -2.0294988
v -0.81897473 5.88448 -2.0294988
v -0.74674577 5.828858 -2.039493
v -0.74674577 5.88448 -2.039493
v -0.74674577 5.828858 -1.635391
v -0.74674636 5.831158 -1.6994987
v -0.79842484 5.831158 -1.7061576
v -0.81897473 5.828858 -1.6452774
v -0.836078 5.831158 -1.7257583
v -0.87382245 5.828858 -1.6739688
v -0.86596084 5.831158 -1.7562864
v -0.91734725 5.828858 -1.7186569
v -0.8851454 5.831158 -1.7947538
v -0.9452931 5.828858 -1.7749679
v -0.891757 5.831158 -1.8373947
v -0.9549235 5.828858 -1.8373883
v -0.8851454 5.831158 -1.8800364
v -0.9452931 5.828858 -1.8998092
v -0.86596084 5.831158 -1.9185038
v -0.91734725 5.828858 -1.9561197
v -0.836078 5.831158 -1.9489932
v -0.87382245 5.828858 -2.000808
v -0.79842484 5.831158 -1.9686319
v -0.81897473 5.828858 -2.0294988
v -0.74674636 5.831158 -1.9753854
v -0.74674577 5.828858 -2.039493
v -0.74674636 5.8793054 -1.6994987
v -0.79842484 5.831158 -1.7061576
v -0.74674636 5.831158 -1.6994987
v -0.79842484 5.8793054 -1.7061576
v -0.836078 5.831158 -1.7257583
v -0.836078 5.8793054 -1.7257583
v -0.86596084 5.831158 -1.7562864
v -0.86596084 5.8793054 -1.7562864
v -0.86596084 5.8793054 -1.7562864
v -0.8851454 5.831158 -1.7947538
v -0.86596084 5.831158 -1.7562864
v -0.8851454 5.8793054 -1.7947538
v -0.891757 5.831158 -1.8373947
v -0.891757 5.8793054 -1.8373947
v -0.8851454 5.831158 -1.8800364
v -0.8851454 5.8793054 -1.8800364
v -0.86596084 5.831158 -1.9185038
v -0.86596084 5.8793054 -1.9185038
v -0.86596084 5.8793054 -1.9185038
v -0.836078 5.831158 -1.9489932
v -0.86596084 5.831158 -1.9185038
v -0.836078 5.8793054 -1.948956
v -0.79842484 5.831158 -1.9686319
v -0.79842484 5.8793054 -1.9686319
v -0.74674636 5.831158 -1.9753854
v -0.74674636 5.8793054 -1.9753854
v -0.74674577 5.88448 -2.6127965
v -0.6745586 5.828858 -2.622683
v -0.74674577 5.828858 -2.6127965
v -0.6745586 5.88448 -2.622683
v -0.61971086 5.828858 -2.6513746
v -0.61971086 5.88448 -2.6513746
v -0.57618666 5.828858 -2.6960626
v -0.57618666 5.88448 -2.6960626
v -0.57618666 5.88448 -2.6960626
v -0.54824084 5.828858 -2.7523737
v -0.57618666 5.828858 -2.6960626
v -0.54824084 5.88448 -2.7523737
v -0.53860945 5.828858 -2.8147936
v -0.53860945 5.88448 -2.8147936
v -0.54824084 5.828858 -2.877215
v -0.54824084 5.88448 -2.877215
v -0.57618666 5.828858 -2.9335253
v -0.57618666 5.88448 -2.9335253
v -0.61971116 5.828858 -2.9782133
v -0.61971116 5.88448 -2.9782133
v -0.6745586 5.828858 -3.0069041
v -0.6745586 5.88448 -3.0069041
v -0.6745586 5.88448 -3.0069041
v -0.74674577 5.88448 -3.0168986
v -0.74674577 5.828858 -3.0168986
v -0.6745586 5.828858 -3.0069041
v -0.74674577 5.828858 -2.6127965
v -0.69510907 5.831158 -2.6835632
v -0.74674636 5.831158 -2.6769042
v -0.6745586 5.828858 -2.622683
v -0.65745497 5.831158 -2.703164
v -0.61971086 5.828858 -2.6513746
v -0.6275725 5.831158 -2.733692
v -0.57618666 5.828858 -2.6960626
v -0.6083879 5.831158 -2.7721593
v -0.54824084 5.828858 -2.7523737
v -0.6017778 5.831158 -2.8148003
v -0.53860945 5.828858 -2.8147936
v -0.6083879 5.831158 -2.857442
v -0.54824084 5.828858 -2.877215
v -0.6275725 5.831158 -2.8959093
v -0.57618666 5.828858 -2.9335253
v -0.65745497 5.831158 -2.9263988
v -0.61971116 5.828858 -2.9782133
v -0.69510907 5.831158 -2.9460375
v -0.6745586 5.828858 -3.0069041
v -0.74674636 5.831158 -2.9527912
v -0.74674577 5.828858 -3.0168986
v -0.74674636 5.8793054 -2.6769042
v -0.69510907 5.831158 -2.6835632
v -0.69510907 5.8793054 -2.6835632
v -0.65745497 5.831158 -2.703164
v -0.65745497 5.8793054 -2.703164
v -0.6275725 5.831158 -2.733692
v -0.6275725 5.8793054 -2.733692
v -0.6083879 5.831158 -2.7721593
v -0.6083879 5.8793054 -2.7721593
v -0.6017778 5.831158 -2.8148003
v -0.6083879 5.8793054 -2.7721593
v -0.6017778 5.831158 -2.8148003
v -0.6017778 5.8793054 -2.8148003
v -0.6083879 5.831158 -2.857442
v -0.6083879 5.8793054 -2.857442
v -0.6275725 5.831158 -2.8959093
v -0.6275725 5.8793054 -2.8959093
v -0.65745497 5.831158 -2.9263988
v -0.65745497 5.8793054 -2.9263616
v -0.65745497 5.8793054 -2.9263616
v -0.65745497 5.831158 -2.9263988
v -0.69510907 5.831158 -2.9460375
v -0.69510907 5.8793054 -2.9460375
v -0.74674636 5.831158 -2.9527912
v -0.74674636 5.8793054 -2.9527912
v -0.74674577 5.88448 -2.6127965
v -0.74674577 5.828858 -2.6127965
v -0.81897473 5.828858 -2.622683
v -0.81897473 5.88448 -2.622683
v -0.87382245 5.828858 -2.6513746
v -0.87382245 5.88448 -2.6513746
v -0.91734725 5.828858 -2.6960626
v -0.91734725 5.88448 -2.6960626
v -0.9452931 5.828858 -2.7523737
v -0.9452931 5.88448 -2.7523737
v -0.9549235 5.828858 -2.8147936
v -0.9549235 5.88448 -2.8147936
v -0.9549235 5.88448 -2.8147936
v -0.9549235 5.828858 -2.8147936
v -0.9452931 5.828858 -2.877215
v -0.9452931 5.88448 -2.877215
v -0.91734725 5.828858 -2.9335253
v -0.91734725 5.88448 -2.9335253
v -0.87382245 5.828858 -2.9782133
v -0.87382245 5.88448 -2.9782133
v -0.81897473 5.828858 -3.0069041
v -0.81897473 5.88448 -3.0069041
v -0.74674577 5.828858 -3.0168986
v -0.74674577 5.88448 -3.0168986
v -0.74674577 5.828858 -2.6127965
v -0.74674636 5.831158 -2.6769042
v -0.79842484 5.831158 -2.6835632
v -0.81897473 5.828858 -2.622683
v -0.836078 5.831158 -2.703164
v -0.87382245 5.828858 -2.6513746
v -0.86596084 5.831158 -2.733692
v -0.91734725 5.828858 -2.6960626
v -0.8851454 5.831158 -2.7721593
v -0.9452931 5.828858 -2.7523737
v -0.891757 5.831158 -2.8148003
v -0.9549235 5.828858 -2.8147936
v -0.8851454 5.831158 -2.857442
v -0.9452931 5.828858 -2.877215
v -0.86596084 5.831158 -2.8959093
v -0.91734725 5.828858 -2.9335253
v -0.836078 5.831158 -2.9263988
v -0.87382245 5.828858 -2.9782133
v -0.79842484 5.831158 -2.9460375
v -0.81897473 5.828858 -3.0069041
v -0.74674636 5.831158 -2.9527912
v -0.74674577 5.828858 -3.0168986
v -0.74674636 5.8793054 -2.6769042
v -0.79842484 5.831158 -2.6835632
v -0.74674636 5.831158 -2.6769042
v -0.79842484 5.8793054 -2.6835632
v -0.836078 5.831158 -2.703164
v -0.836078 5.8793054 -2.703164
v -0.86596084 5.831158 -2.733692
v -0.86596084 5.8793054 -2.733692
v -0.86596084 5.8793054 -2.733692
v -0.8851454 5.831158 -2.7721593
v -0.86596084 5.831158 -2.733692
v -0.8851454 5.8793054 -2.7721593
v -0.891757 5.831158 -2.8148003
v -0.891757 5.8793054 -2.8148003
v -0.8851454 5.831158 -2.857442
v -0.8851454 5.8793054 -2.857442
v -0.86596084 5.831158 -2.8959093
v -0.86596084 5.8793054 -2.8959093
v -0.86596084 5.8793054 -2.8959093
v -0.836078 5.831158 -2.9263988
v -0.86596084 5.831158 -2.8959093
v -0.836078 5.8793054 -2.9263616
v -0.79842484 5.831158 -2.9460375
v -0.79842484 5.8793054 -2.9460375
v -0.74674636 5.831158 -2.9527912
v -0.74674636 5.8793054 -2.9527912
v -0.0017616272 5.88448 -0.7319459
v 0.07042556 5.828858 -0.74183226
v -0.0017616272 5.828858 -0.7319459
v 0.07042556 5.88448 -0.74183226
v 0.12527329 5.828858 -0.77052367
v 0.12527329 5.88448 -0.77052367
v 0.16879745 5.828858 -0.8152118
v 0.16879745 5.88448 -0.8152118
v 0.16879745 5.88448 -0.8152118
v 0.19674326 5.828858 -0.8715229
v 0.16879745 5.828858 -0.8152118
v 0.19674326 5.88448 -0.8715229
v 0.20637466 5.828858 -0.9339432
v 0.20637466 5.88448 -0.9339432
v 0.19674326 5.828858 -0.9963642
v 0.19674326 5.88448 -0.9963642
v 0.16879745 5.828858 -1.0526745
v 0.16879745 5.88448 -1.0526745
v 0.12527296 5.828858 -1.097363
v 0.12527296 5.88448 -1.097363
v 0.07042556 5.828858 -1.1260538
v 0.07042556 5.88448 -1.1260538
v 0.07042556 5.88448 -1.1260538
v -0.0017616272 5.88448 -1.1360481
v -0.0017616272 5.828858 -1.1360481
v 0.07042556 5.828858 -1.1260538
v -0.0017616272 5.828858 -0.7319459
v 0.049875032 5.831158 -0.80271244
v -0.0017622376 5.831158 -0.7960535
v 0.07042556 5.828858 -0.74183226
v 0.08752914 5.831158 -0.8223133
v 0.12527329 5.828858 -0.77052367
v 0.11741164 5.831158 -0.85284126
v 0.16879745 5.828858 -0.8152118
v 0.13659622 5.831158 -0.8913086
v 0.19674326 5.828858 -0.8715229
v 0.14320633 5.831158 -0.9339496
v 0.20637466 5.828858 -0.9339432
v 0.13659622 5.831158 -0.9765912
v 0.19674326 5.828858 -0.9963642
v 0.11741164 5.831158 -1.0150588
v 0.16879745 5.828858 -1.0526745
v 0.08752914 5.831158 -1.0455482
v 0.12527296 5.828858 -1.097363
v 0.049875032 5.831158 -1.0651867
v 0.07042556 5.828858 -1.1260538
v -0.0017622376 5.831158 -1.0719404
v -0.0017616272 5.828858 -1.1360481
v -0.0017622376 5.8793054 -0.7960535
v 0.049875032 5.831158 -0.80271244
v 0.049875032 5.8793054 -0.80271244
v 0.08752914 5.831158 -0.8223133
v 0.08752914 5.8793054 -0.8223133
v 0.11741164 5.831158 -0.85284126
v 0.11741164 5.8793054 -0.85284126
v 0.13659622 5.831158 -0.8913086
v 0.13659622 5.8793054 -0.8913086
v 0.14320633 5.831158 -0.9339496
v 0.13659622 5.8793054 -0.8913086
v 0.14320633 5.831158 -0.9339496
v 0.14320633 5.8793054 -0.9339496
v 0.13659622 5.831158 -0.9765912
v 0.13659622 5.8793054 -0.9765912
v 0.11741164 5.831158 -1.0150588
v 0.11741164 5.8793054 -1.0150588
v 0.08752914 5.831158 -1.0455482
v 0.08752914 5.8793054 -1.0455109
v 0.08752914 5.8793054 -1.0455109
v 0.08752914 5.831158 -1.0455482
v 0.049875032 5.831158 -1.0651867
v 0.049875032 5.8793054 -1.0651867
v -0.0017622376 5.831158 -1.0719404
v -0.0017622376 5.8793054 -1.0719404
v -0.0017616272 5.88448 -0.7319459
v -0.0017616272 5.828858 -0.7319459
v -0.07399063 5.828858 -0.74183226
v -0.07399063 5.88448 -0.74183226
v -0.12883835 5.828858 -0.77052367
v -0.12883835 5.88448 -0.77052367
v -0.17236313 5.828858 -0.8152118
v -0.17236313 5.88448 -0.8152118
v -0.200309 5.828858 -0.8715229
v -0.200309 5.88448 -0.8715229
v -0.20993942 5.828858 -0.9339432
v -0.20993942 5.88448 -0.9339432
v -0.20993942 5.88448 -0.9339432
v -0.20993942 5.828858 -0.9339432
v -0.200309 5.828858 -0.9963642
v -0.200309 5.88448 -0.9963642
v -0.17236313 5.828858 -1.0526745
v -0.17236313 5.88448 -1.0526745
v -0.12883835 5.828858 -1.097363
v -0.12883835 5.88448 -1.097363
v -0.07399063 5.828858 -1.1260538
v -0.07399063 5.88448 -1.1260538
v -0.0017616272 5.828858 -1.1360481
v -0.0017616272 5.88448 -1.1360481
v -0.0017616272 5.828858 -0.7319459
v -0.0017622376 5.831158 -0.7960535
v -0.0534407 5.831158 -0.80271244
v -0.07399063 5.828858 -0.74183226
v -0.091093905 5.831158 -0.8223133
v -0.12883835 5.828858 -0.77052367
v -0.120976724 5.831158 -0.85284126
v -0.17236313 5.828858 -0.8152118
v -0.14016129 5.831158 -0.8913086
v -0.200309 5.828858 -0.8715229
v -0.14677292 5.831158 -0.9339496
v -0.20993942 5.828858 -0.9339432
v -0.14016129 5.831158 -0.9765912
v -0.200309 5.828858 -0.9963642
v -0.120976724 5.831158 -1.0150588
v -0.17236313 5.828858 -1.0526745
v -0.091093905 5.831158 -1.0455482
v -0.12883835 5.828858 -1.097363
v -0.0534407 5.831158 -1.0651867
v -0.07399063 5.828858 -1.1260538
v -0.0017622376 5.831158 -1.0719404
v -0.0017616272 5.828858 -1.1360481
v -0.0017622376 5.8793054 -0.7960535
v -0.0534407 5.831158 -0.80271244
v -0.0017622376 5.831158 -0.7960535
v -0.0534407 5.8793054 -0.80271244
v -0.091093905 5.831158 -0.8223133
v -0.091093905 5.8793054 -0.8223133
v -0.120976724 5.831158 -0.85284126
v -0.120976724 5.8793054 -0.85284126
v -0.120976724 5.8793054 -0.85284126
v -0.14016129 5.831158 -0.8913086
v -0.120976724 5.831158 -0.85284126
v -0.14016129 5.8793054 -0.8913086
v -0.14677292 5.831158 -0.9339496
v -0.14677292 5.8793054 -0.9339496
v -0.14016129 5.831158 -0.9765912
v -0.14016129 5.8793054 -0.9765912
v -0.120976724 5.831158 -1.0150588
v -0.120976724 5.8793054 -1.0150588
v -0.120976724 5.8793054 -1.0150588
v -0.091093905 5.831158 -1.0455482
v -0.120976724 5.831158 -1.0150588
v -0.091093905 5.8793054 -1.0455109
v -0.0534407 5.831158 -1.0651867
v -0.0534407 5.8793054 -1.0651867
v -0.0017622376 5.831158 -1.0719404
v -0.0017622376 5.8793054 -1.0719404
v -0.0017616272 5.88448 -1.635391
v 0.07042556 5.828858 -1.6452774
v -0.0017616272 5.828858 -1.635391
v 0.07042556 5.88448 -1.6452774
v 0.12527329 5.828858 -1.6739688
v 0.12527329 5.88448 -1.6739688
v 0.16879745 5.828858 -1.7186569
v 0.16879745 5.88448 -1.7186569
v 0.16879745 5.88448 -1.7186569
v 0.19674326 5.828858 -1.7749679
v 0.16879745 5.828858 -1.7186569
v 0.19674326 5.88448 -1.7749679
v 0.20637466 5.828858 -1.8373883
v 0.20637466 5.88448 -1.8373883
v 0.19674326 5.828858 -1.8998092
v 0.19674326 5.88448 -1.8998092
v 0.16879745 5.828858 -1.9561197
v 0.16879745 5.88448 -1.9561197
v 0.12527296 5.828858 -2.000808
v 0.12527296 5.88448 -2.000808
v 0.07042556 5.828858 -2.0294988
v 0.07042556 5.88448 -2.0294988
v 0.07042556 5.88448 -2.0294988
v -0.0017616272 5.88448 -2.039493
v -0.0017616272 5.828858 -2.039493
v 0.07042556 5.828858 -2.0294988
v -0.0017616272 5.828858 -1.635391
v 0.049875032 5.831158 -1.7061576
v -0.0017622376 5.831158 -1.6994987
v 0.07042556 5.828858 -1.6452774
v 0.08752914 5.831158 -1.7257583
v 0.12527329 5.828858 -1.6739688
v 0.11741164 5.831158 -1.7562864
v 0.16879745 5.828858 -1.7186569
v 0.13659622 5.831158 -1.7947538
v 0.19674326 5.828858 -1.7749679
v 0.14320633 5.831158 -1.8373947
v 0.20637466 5.828858 -1.8373883
v 0.13659622 5.831158 -1.8800364
v 0.19674326 5.828858 -1.8998092
v 0.11741164 5.831158 -1.9185038
v 0.16879745 5.828858 -1.9561197
v 0.08752914 5.831158 -1.9489932
v 0.12527296 5.828858 -2.000808
v 0.049875032 5.831158 -1.9686319
v 0.07042556 5.828858 -2.0294988
v -0.0017622376 5.831158 -1.9753854
v -0.0017616272 5.828858 -2.039493
v -0.0017622376 5.8793054 -1.6994987
v 0.049875032 5.831158 -1.7061576
v 0.049875032 5.8793054 -1.7061576
v 0.08752914 5.831158 -1.7257583
v 0.08752914 5.8793054 -1.7257583
v 0.11741164 5.831158 -1.7562864
v 0.11741164 5.8793054 -1.7562864
v 0.13659622 5.831158 -1.7947538
v 0.13659622 5.8793054 -1.7947538
v 0.14320633 5.831158 -1.8373947
v 0.13659622 5.8793054 -1.7947538
v 0.14320633 5.831158 -1.8373947
v 0.14320633 5.8793054 -1.8373947
v 0.13659622 5.831158 -1.8800364
v 0.13659622 5.8793054 -1.8800364
v 0.11741164 5.831158 -1.9185038
v 0.11741164 5.8793054 -1.9185038
v 0.08752914 5.831158 -1.9489932
v 0.08752914 5.8793054 -1.948956
v 0.08752914 5.8793054 -1.948956
v 0.08752914 5.831158 -1.9489932
v 0.049875032 5.831158 -1.9686319
v 0.049875032 5.8793054 -1.9686319
v -0.0017622376 5.831158 -1.9753854
v -0.0017622376 5.8793054 -1.9753854
v -0.0017616272 5.88448 -1.635391
v -0.0017616272 5.828858 -1.635391
v -0.07399063 5.828858 -1.6452774
v -0.07399063 5.88448 -1.6452774
v -0.12883835 5.828858 -1.6739688
v -0.12883835 5.88448 -1.6739688
v -0.17236313 5.828858 -1.7186569
v -0.17236313 5.88448 -1.7186569
v -0.200309 5.828858 -1.7749679
v -0.200309 5.88448 -1.7749679
v -0.20993942 5.828858 -1.8373883
v -0.20993942 5.88448 -1.8373883
v -0.20993942 5.88448 -1.8373883
v -0.20993942 5.828858 -1.8373883
v -0.200309 5.828858 -1.8998092
v -0.200309 5.88448 -1.8998092
v -0.17236313 5.828858 -1.9561197
v -0.17236313 5.88448 -1.9561197
v -0.12883835 5.828858 -2.000808
v -0.12883835 5.88448 -2.000808
v -0.07399063 5.828858 -2.0294988
v -0.07399063 5.88448 -2.0294988
v -0.0017616272 5.828858 -2.039493
v -0.0017616272 5.88448 -2.039493
v -0.0017616272 5.828858 -1.635391
v -0.0017622376 5.831158 -1.6994987
v -0.0534407 5.831158 -1.7061576
v -0.07399063 5.828858 -1.6452774
v -0.091093905 5.831158 -1.7257583
v -0.12883835 5.828858 -1.6739688
v -0.120976724 5.831158 -1.7562864
v -0.17236313 5.828858 -1.7186569
v -0.14016129 5.831158 -1.7947538
v -0.200309 5.828858 -1.7749679
v -0.14677292 5.831158 -1.8373947
v -0.20993942 5.828858 -1.8373883
v -0.14016129 5.831158 -1.8800364
v -0.200309 5.828858 -1.8998092
v -0.120976724 5.831158 -1.9185038
v -0.17236313 5.828858 -1.9561197
v -0.091093905 5.831158 -1.9489932
v -0.12883835 5.828858 -2.000808
v -0.0534407 5.831158 -1.9686319
v -0.07399063 5.828858 -2.0294988
v -0.0017622376 5.831158 -1.9753854
v -0.0017616272 5.828858 -2.039493
v -0.0017622376 5.8793054 -1.6994987
v -0.0534407 5.831158 -1.7061576
v -0.0017622376 5.831158 -1.6994987
v -0.0534407 5.8793054 -1.7061576
v -0.091093905 5.831158 -1.7257583
v -0.091093905 5.8793054 -1.7257583
v -0.120976724 5.831158 -1.7562864
v -0.120976724 5.8793054 -1.7562864
v -0.120976724 5.8793054 -1.7562864
v -0.14016129 5.831158 -1.7947538
v -0.120976724 5.831158 -1.7562864
v -0.14016129 5.8793054 -1.7947538
v -0.14677292 5.831158 -1.8373947
v -0.14677292 5.8793054 -1.8373947
v -0.14016129 5.831158 -1.8800364
v -0.14016129 5.8793054 -1.8800364
v -0.120976724 5.831158 -1.9185038
v -0.120976724 5.8793054 -1.9185038
v -0.120976724 5.8793054 -1.9185038
v -0.091093905 5.831158 -1.9489932
v -0.120976724 5.831158 -1.9185038
v -0.091093905 5.8793054 -1.948956
v -0.0534407 5.831158 -1.9686319
v -0.0534407 5.8793054 -1.9686319
v -0.0017622376 5.831158 -1.9753854
v -0.0017622376 5.8793054 -1.9753854
v -0.0017616272 5.88448 -2.6127965
v 0.07042556 5.828858 -2.622683
v -0.0017616272 5.828858 -2.6127965
v 0.07042556 5.88448 -2.622683
v 0.12527329 5.828858 -2.6513746
v 0.12527329 5.88448 -2.6513746
v 0.16879745 5.828858 -2.6960626
v 0.16879745 5.88448 -2.6960626
v 0.16879745 5.88448 -2.6960626
v 0.19674326 5.828858 -2.7523737
v 0.16879745 5.828858 -2.6960626
v 0.19674326 5.88448 -2.7523737
v 0.20637466 5.828858 -2.8147936
v 0.20637466 5.88448 -2.8147936
v 0.19674326 5.828858 -2.877215
v 0.19674326 5.88448 -2.877215
v 0.16879745 5.828858 -2.9335253
v 0.16879745 5.88448 -2.9335253
v 0.12527296 5.828858 -2.9782133
v 0.12527296 5.88448 -2.9782133
v 0.07042556 5.828858 -3.0069041
v 0.07042556 5.88448 -3.0069041
v 0.07042556 5.88448 -3.0069041
v -0.0017616272 5.88448 -3.0168986
v -0.0017616272 5.828858 -3.0168986
v 0.07042556 5.828858 -3.0069041
v -0.0017616272 5.828858 -2.6127965
v 0.049875032 5.831158 -2.6835632
v -0.0017622376 5.831158 -2.6769042
v 0.07042556 5.828858 -2.622683
v 0.08752914 5.831158 -2.703164
v 0.12527329 5.828858 -2.6513746
v 0.11741164 5.831158 -2.733692
v 0.16879745 5.828858 -2.6960626
v 0.13659622 5.831158 -2.7721593
v 0.19674326 5.828858 -2.7523737
v 0.14320633 5.831158 -2.8148003
v 0.20637466 5.828858 -2.8147936
v 0.13659622 5.831158 -2.857442
v 0.19674326 5.828858 -2.877215
v 0.11741164 5.831158 -2.8959093
v 0.16879745 5.828858 -2.9335253
v 0.08752914 5.831158 -2.9263988
v 0.12527296 5.828858 -2.9782133
v 0.049875032 5.831158 -2.9460375
v 0.07042556 5.828858 -3.0069041
v -0.0017622376 5.831158 -2.9527912
v -0.0017616272 5.828858 -3.0168986
v -0.0017622376 5.8793054 -2.6769042
v 0.049875032 5.831158 -2.6835632
v 0.049875032 5.8793054 -2.6835632
v 0.08752914 5.831158 -2.703164
v 0.08752914 5.8793054 -2.703164
v 0.11741164 5.831158 -2.733692
v 0.11741164 5.8793054 -2.733692
v 0.13659622 5.831158 -2.7721593
v 0.13659622 5.8793054 -2.7721593
v 0.14320633 5.831158 -2.8148003
v 0.13659622 5.8793054 -2.7721593
v 0.14320633 5.831158 -2.8148003
v 0.14320633 5.8793054 -2.8148003
v 0.13659622 5.831158 -2.857442
v 0.13659622 5.8793054 -2.857442
v 0.11741164 5.831158 -2.8959093
v 0.11741164 5.8793054 -2.8959093
v 0.08752914 5.831158 -2.9263988
v 0.08752914 5.8793054 -2.9263616
v 0.08752914 5.8793054 -2.9263616
v 0.08752914 5.831158 -2.9263988
v 0.049875032 5.831158 -2.9460375
v 0.049875032 5.8793054 -2.9460375
v -0.0017622376 5.831158 -2.9527912
v -0.0017622376 5.8793054 -2.9527912
v -0.0017616272 5.88448 -2.6127965
v -0.0017616272 5.828858 -2.6127965
v -0.07399063 5.828858 -2.622683
v -0.07399063 5.88448 -2.622683
v -0.12883835 5.828858 -2.6513746
v -0.12883835 5.88448 -2.6513746
v -0.17236313 5.828858 -2.6960626
v -0.17236313 5.88448 -2.6960626
v -0.200309 5.828858 -2.7523737
v -0.200309 5.88448 -2.7523737
v -0.20993942 5.828858 -2.8147936
v -0.20993942 5.88448 -2.8147936
v -0.20993942 5.88448 -2.8147936
v -0.20993942 5.828858 -2.8147936
v -0.200309 5.828858 -2.877215
v -0.200309 5.88448 -2.877215
v -0.17236313 5.828858 -2.9335253
v -0.17236313 5.88448 -2.9335253
v -0.12883835 5.828858 -2.9782133
v -0.12883835 5.88448 -2.9782133
v -0.07399063 5.828858 -3.0069041
v -0.07399063 5.88448 -3.0069041
v -0.0017616272 5.828858 -3.0168986
v -0.0017616272 5.88448 -3.0168986
v -0.0017616272 5.828858 -2.6127965
v -0.0017622376 5.831158 -2.6769042
v -0.0534407 5.831158 -2.6835632
v -0.07399063 5.828858 -2.622683
v -0.091093905 5.831158 -2.703164
v -0.12883835 5.828858 -2.6513746
v -0.120976724 5.831158 -2.733692
v -0.17236313 5.828858 -2.6960626
v -0.14016129 5.831158 -2.7721593
v -0.200309 5.828858 -2.7523737
v -0.14677292 5.831158 -2.8148003
v -0.20993942 5.828858 -2.8147936
v -0.14016129 5.831158 -2.857442
v -0.200309 5.828858 -2.877215
v -0.120976724 5.831158 -2.8959093
v -0.17236313 5.828858 -2.9335253
v -0.091093905 5.831158 -2.9263988
v -0.12883835 5.828858 -2.9782133
v -0.0534407 5.831158 -2.9460375
v -0.07399063 5.828858 -3.0069041
v -0.0017622376 5.831158 -2.9527912
v -0.0017616272 5.828858 -3.0168986
v -0.0017622376 5.8793054 -2.6769042
v -0.0534407 5.831158 -2.6835632
v -0.0017622376 5.831158 -2.6769042
v -0.0534407 5.8793054 -2.6835632
v -0.091093905 5.831158 -2.703164
v -0.091093905 5.8793054 -2.703164
v -0.120976724 5.831158 -2.733692
v -0.120976724 5.8793054 -2.733692
v -0.120976724 5.8793054 -2.733692
v -0.14016129 5.831158 -2.7721593
v -0.120976724 5.831158 -2.733692
v -0.14016129 5.8793054 -2.7721593
v -0.14677292 5.831158 -2.8148003
v -0.14677292 5.8793054 -2.8148003
v -0.14016129 5.831158 -2.857442
v -0.14016129 5.8793054 -2.857442
v -0.120976724 5.831158 -2.8959093
v -0.120976724 5.8793054 -2.8959093
v -0.120976724 5.8793054 -2.8959093
v -0.091093905 5.831158 -2.9263988
v -0.120976724 5.831158 -2.8959093
v -0.091093905 5.8793054 -2.9263616
v -0.0534407 5.831158 -2.9460375
v -0.0534407 5.8793054 -2.9460375
v -0.0017622376 5.831158 -2.9527912
v -0.0017622376 5.8793054 -2.9527912
v 0.74524504 5.88448 -0.7319459
v 0.8174322 5.828858 -0.74183226
v 0.74524504 5.828858 -0.7319459
v 0.8174322 5.88448 -0.74183226
v 0.87227994 5.828858 -0.77052367
v 0.87227994 5.88448 -0.77052367
v 0.9158041 5.828858 -0.8152118
v 0.9158041 5.88448 -0.8152118
v 0.9158041 5.88448 -0.8152118
v 0.94374996 5.828858 -0.8715229
v 0.9158041 5.828858 -0.8152118
v 0.94374996 5.88448 -0.8715229
v 0.9533813 5.828858 -0.9339432
v 0.9533813 5.88448 -0.9339432
v 0.94374996 5.828858 -0.9963642
v 0.94374996 5.88448 -0.9963642
v 0.9158041 5.828858 -1.0526745
v 0.9158041 5.88448 -1.0526745
v 0.87227964 5.828858 -1.097363
v 0.87227964 5.88448 -1.097363
v 0.8174322 5.828858 -1.1260538
v 0.8174322 5.88448 -1.1260538
v 0.8174322 5.88448 -1.1260538
v 0.74524504 5.88448 -1.1360481
v 0.74524504 5.828858 -1.1360481
v 0.8174322 5.828858 -1.1260538
v 0.74524504 5.828858 -0.7319459
v 0.7968817 5.831158 -0.80271244
v 0.74524444 5.831158 -0.7960535
v 0.8174322 5.828858 -0.74183226
v 0.8345358 5.831158 -0.8223133
v 0.87227994 5.828858 -0.77052367
v 0.8644183 5.831158 -0.85284126
v 0.9158041 5.828858 -0.8152118
v 0.88360286 5.831158 -0.8913086
v 0.94374996 5.828858 -0.8715229
v 0.890213 5.831158 -0.9339496
v 0.9533813 5.828858 -0.9339432
v 0.88360286 5.831158 -0.9765912
v 0.94374996 5.828858 -0.9963642
v 0.8644183 5.831158 -1.0150588
v 0.9158041 5.828858 -1.0526745
v 0.8345358 5.831158 -1.0455482
v 0.87227964 5.828858 -1.097363
v 0.7968817 5.831158 -1.0651867
v 0.8174322 5.828858 -1.1260538
v 0.74524444 5.831158 -1.0719404
v 0.74524504 5.828858 -1.1360481
v 0.74524444 5.8793054 -0.7960535
v 0.7968817 5.831158 -0.80271244
v 0.7968817 5.8793054 -0.80271244
v 0.8345358 5.831158 -0.8223133
v 0.8345358 5.8793054 -0.8223133
v 0.8644183 5.831158 -0.85284126
v 0.8644183 5.8793054 -0.85284126
v 0.88360286 5.831158 -0.8913086
v 0.88360286 5.8793054 -0.8913086
v 0.890213 5.831158 -0.9339496
v 0.88360286 5.8793054 -0.8913086
v 0.890213 5.831158 -0.9339496
v 0.890213 5.8793054 -0.9339496
v 0.88360286 5.831158 -0.9765912
v 0.88360286 5.8793054 -0.9765912
v 0.8644183 5.831158 -1.0150588
v 0.8644183 5.8793054 -1.0150588
v 0.8345358 5.831158 -1.0455482
v 0.8345358 5.8793054 -1.0455109
v 0.8345358 5.8793054 -1.0455109
v 0.8345358 5.831158 -1.0455482
v 0.7968817 5.831158 -1.0651867
v 0.7968817 5.8793054 -1.0651867
v 0.74524444 5.831158 -1.0719404
v 0.74524444 5.8793054 -1.0719404
v 0.74524504 5.88448 -0.7319459
v 0.74524504 5.828858 -0.7319459
v 0.673016 5.828858 -0.74183226
v 0.673016 5.88448 -0.74183226
v 0.6181683 5.828858 -0.77052367
v 0.6181683 5.88448 -0.77052367
v 0.57464355 5.828858 -0.8152118
v 0.57464355 5.88448 -0.8152118
v 0.5466977 5.828858 -0.8715229
v 0.5466977 5.88448 -0.8715229
v 0.53706723 5.828858 -0.9339432
v 0.53706723 5.88448 -0.9339432
v 0.53706723 5.88448 -0.9339432
v 0.53706723 5.828858 -0.9339432
v 0.5466977 5.828858 -0.9963642
v 0.5466977 5.88448 -0.9963642
v 0.57464355 5.828858 -1.0526745
v 0.57464355 5.88448 -1.0526745
v 0.6181683 5.828858 -1.097363
v 0.6181683 5.88448 -1.097363
v 0.673016 5.828858 -1.1260538
v 0.673016 5.88448 -1.1260538
v 0.74524504 5.828858 -1.1360481
v 0.74524504 5.88448 -1.1360481
v 0.74524504 5.828858 -0.7319459
v 0.74524444 5.831158 -0.7960535
v 0.69356596 5.831158 -0.80271244
v 0.673016 5.828858 -0.74183226
v 0.65591276 5.831158 -0.8223133
v 0.6181683 5.828858 -0.77052367
v 0.62602997 5.831158 -0.85284126
v 0.57464355 5.828858 -0.8152118
v 0.6068454 5.831158 -0.8913086
v 0.5466977 5.828858 -0.8715229
v 0.6002338 5.831158 -0.9339496
v 0.53706723 5.828858 -0.9339432
v 0.6068454 5.831158 -0.9765912
v 0.5466977 5.828858 -0.9963642
v 0.62602997 5.831158 -1.0150588
v 0.57464355 5.828858 -1.0526745
v 0.65591276 5.831158 -1.0455482
v 0.6181683 5.828858 -1.097363
v 0.69356596 5.831158 -1.0651867
v 0.673016 5.828858 -1.1260538
v 0.74524444 5.831158 -1.0719404
v 0.74524504 5.828858 -1.1360481
v 0.74524444 5.8793054 -0.7960535
v 0.69356596 5.831158 -0.80271244
v 0.74524444 5.831158 -0.7960535
v 0.69356596 5.8793054 -0.80271244
v 0.65591276 5.831158 -0.8223133
v 0.65591276 5.8793054 -0.8223133
v 0.62602997 5.831158 -0.85284126
v 0.62602997 5.8793054 -0.85284126
v 0.62602997 5.8793054 -0.85284126
v 0.6068454 5.831158 -0.8913086
v 0.62602997 5.831158 -0.85284126
v 0.6068454 5.8793054 -0.8913086
v 0.6002338 5.831158 -0.9339496
v 0.6002338 5.8793054 -0.9339496
v 0.6068454 5.831158 -0.9765912
v 0.6068454 5.8793054 -0.9765912
v 0.62602997 5.831158 -1.0150588
v 0.62602997 5.8793054 -1.0150588
v 0.62602997 5.8793054 -1.0150588
v 0.65591276 5.831158 -1.0455482
v 0.62602997 5.831158 -1.0150588
v 0.65591276 5.8793054 -1.0455109
v 0.69356596 5.831158 -1.0651867
v 0.69356596 5.8793054 -1.0651867
v 0.74524444 5.831158 -1.0719404
v 0.74524444 5.8793054 -1.0719404
v 0.74524504 5.88448 -1.635391
v 0.8174322 5.828858 -1.6452774
v 0.74524504 5.828858 -1.635391
v 0.8174322 5.88448 -1.6452774
v 0.87227994 5.828858 -1.6739688
v 0.87227994 5.88448 -1.6739688
v 0.9158041 5.828858 -1.7186569
v 0.9158041 5.88448 -1.7186569
v 0.9158041 5.88448 -1.7186569
v 0.94374996 5.828858 -1.7749679
v 0.9158041 5.828858 -1.7186569
v 0.94374996 5.88448 -1.7749679
v 0.9533813 5.828858 -1.8373883
v 0.9533813 5.88448 -1.8373883
v 0.94374996 5.828858 -1.8998092
v 0.94374996 5.88448 -1.8998092
v 0.9158041 5.828858 -1.9561197
v 0.9158041 5.88448 -1.9561197
v 0.87227964 5.828858 -2.000808
v 0.87227964 5.88448 -2.000808
v 0.8174322 5.828858 -2.0294988
v 0.8174322 5.88448 -2.0294988
v 0.8174322 5.88448 -2.0294988
v 0.74524504 5.88448 -2.039493
v 0.74524504 5.828858 -2.039493
v 0.8174322 5.828858 -2.0294988
v 0.74524504 5.828858 -1.635391
v 0.7968817 5.831158 -1.7061576
v 0.74524444 5.831158 -1.6994987
v 0.8174322 5.828858 -1.6452774
v 0.8345358 5.831158 -1.7257583
v 0.87227994 5.828858 -1.6739688
v 0.8644183 5.831158 -1.7562864
v 0.9158041 5.828858 -1.7186569
v 0.88360286 5.831158 -1.7947538
v 0.94374996 5.828858 -1.7749679
v 0.890213 5.831158 -1.8373947
v 0.9533813 5.828858 -1.8373883
v 0.88360286 5.831158 -1.8800364
v 0.94374996 5.828858 -1.8998092
v 0.8644183 5.831158 -1.9185038
v 0.9158041 5.828858 -1.9561197
v 0.8345358 5.831158 -1.9489932
v 0.87227964 5.828858 -2.000808
v 0.7968817 5.831158 -1.9686319
v 0.8174322 5.828858 -2.0294988
v 0.74524444 5.831158 -1.9753854
v 0.74524504 5.828858 -2.039493
v 0.74524444 5.8793054 -1.6994987
v 0.7968817 5.831158 -1.7061576
v 0.7968817 5.8793054 -1.7061576
v 0.8345358 5.831158 -1.7257583
v 0.8345358 5.8793054 -1.7257583
v 0.8644183 5.831158 -1.7562864
v 0.8644183 5.8793054 -1.7562864
v 0.88360286 5.831158 -1.7947538
v 0.88360286 5.8793054 -1.7947538
v 0.890213 5.831158 -1.8373947
v 0.88360286 5.8793054 -1.7947538
v 0.890213 5.831158 -1.8373947
v 0.890213 5.8793054 -1.8373947
v 0.88360286 5.831158 -1.8800364
v 0.88360286 5.8793054 -1.8800364
v 0.8644183 5.831158 -1.9185038
v 0.8644183 5.8793054 -1.9185038
v 0.8345358 5.831158 -1.9489932
v 0.8345358 5.8793054 -1.948956
v 0.8345358 5.8793054 -1.948956
v 0.8345358 5.831158 -1.9489932
v 0.7968817 5.831158 -1.9686319
v 0.7968817 5.8793054 -1.9686319
v 0.74524444 5.831158 -1.9753854
v 0.74524444 5.8793054 -1.9753854
v 0.74524504 5.88448 -1.635391
v 0.74524504 5.828858 -1.635391
v 0.673016 5.828858 -1.6452774
v 0.673016 5.88448 -1.6452774
v 0.6181683 5.828858 -1.6739688
v 0.6181683 5.88448 -1.6739688
v 0.57464355 5.828858 -1.7186569
v 0.57464355 5.88448 -1.7186569
v 0.5466977 5.828858 -1.7749679
v 0.5466977 5.88448 -1.7749679
v 0.53706723 5.828858 -1.8373883
v 0.53706723 5.88448 -1.8373883
v 0.53706723 5.88448 -1.8373883
v 0.53706723 5.828858 -1.8373883
v 0.5466977 5.828858 -1.8998092
v 0.5466977 5.88448 -1.8998092
v 0.57464355 5.828858 -1.9561197
v 0.57464355 5.88448 -1.9561197
v 0.6181683 5.828858 -2.000808
v 0.6181683 5.88448 -2.000808
v 0.673016 5.828858 -2.0294988
v 0.673016 5.88448 -2.0294988
v 0.74524504 5.828858 -2.039493
v 0.74524504 5.88448 -2.039493
v 0.74524504 5.828858 -1.635391
v 0.74524444 5.831158 -1.6994987
v 0.69356596 5.831158 -1.7061576
v 0.673016 5.828858 -1.6452774
v 0.65591276 5.831158 -1.7257583
v 0.6181683 5.828858 -1.6739688
v 0.62602997 5.831158 -1.7562864
v 0.57464355 5.828858 -1.7186569
v 0.6068454 5.831158 -1.7947538
v 0.5466977 5.828858 -1.7749679
v 0.6002338 5.831158 -1.8373947
v 0.53706723 5.828858 -1.8373883
v 0.6068454 5.831158 -1.8800364
v 0.5466977 5.828858 -1.8998092
v 0.62602997 5.831158 -1.9185038
v 0.57464355 5.828858 -1.9561197
v 0.65591276 5.831158 -1.9489932
v 0.6181683 5.828858 -2.000808
v 0.69356596 5.831158 -1.9686319
v 0.673016 5.828858 -2.0294988
v 0.74524444 5.831158 -1.9753854
v 0.74524504 5.828858 -2.039493
v 0.74524444 5.8793054 -1.6994987
v 0.69356596 5.831158 -1.7061576
v 0.74524444 5.831158 -1.6994987
v 0.69356596 5.8793054 -1.7061576
v 0.65591276 5.831158 -1.7257583
v 0.65591276 5.8793054 -1.7257583
v 0.62602997 5.831158 -1.7562864
v 0.62602997 5.8793054 -1.7562864
v 0.62602997 5.8793054 -1.7562864
v 0.6068454 5.831158 -1.7947538
v 0.62602997 5.831158 -1.7562864
v 0.6068454 5.8793054 -1.7947538
v 0.6002338 5.831158 -1.8373947
v 0.6002338 5.8793054 -1.8373947
v 0.6068454 5.831158 -1.8800364
v 0.6068454 5.8793054 -1.8800364
v 0.62602997 5.831158 -1.9185038
v 0.62602997 5.8793054 -1.9185038
v 0.62602997 5.8793054 -1.9185038
v 0.65591276 5.831158 -1.9489932
v 0.62602997 5.831158 -1.9185038
v 0.65591276 5.8793054 -1.948956
v 0.69356596 5.831158 -1.9686319
v 0.69356596 5.8793054 -1.9686319
v 0.74524444 5.831158 -1.9753854
v 0.74524444 5.8793054 -1.9753854
v 0.74524504 5.88448 -2.6127965
v 0.8174322 5.828858 -2.622683
v 0.74524504 5.828858 -2.6127965
v 0.8174322 5.88448 -2.622683
v 0.87227994 5.828858 -2.6513746
v 0.87227994 5.88448 -2.6513746
v 0.9158041 5.828858 -2.6960626
v 0.9158041 5.88448 -2.6960626
v 0.9158041 5.88448 -2.6960626
v 0.94374996 5.828858 -2.7523737
v 0.9158041 5.828858 -2.6960626
v 0.94374996 5.88448 -2.7523737
v 0.9533813 5.828858 -2.8147936
v 0.9533813 5.88448 -2.8147936
v 0.94374996 5.828858 -2.877215
v 0.94374996 5.88448 -2.877215
v 0.9158041 5.828858 -2.9335253
v 0.9158041 5.88448 -2.9335253
v 0.87227964 5.828858 -2.9782133
v 0.87227964 5.88448 -2.9782133
v 0.8174322 5.828858 -3.0069041
v 0.8174322 5.88448 -3.0069041
v 0.8174322 5.88448 -3.0069041
v 0.74524504 5.88448 -3.0168986
v 0.74524504 5.828858 -3.0168986
v 0.8174322 5.828858 -3.0069041
v 0.74524504 5.828858 -2.6127965
v 0.7968817 5.831158 -2.6835632
v 0.74524444 5.831158 -2.6769042
v 0.8174322 5.828858 -2.622683
v 0.8345358 5.831158 -2.703164
v 0.87227994 5.828858 -2.6513746
v 0.8644183 5.831158 -2.733692
v 0.9158041 5.828858 -2.6960626
v 0.88360286 5.831158 -2.7721593
v 0.94374996 5.828858 -2.7523737
v 0.890213 5.831158 -2.8148003
v 0.9533813 5.828858 -2.8147936
v 0.88360286 5.831158 -2.857442
v 0.94374996 5.828858 -2.877215
v 0.8644183 5.831158 -2.8959093
v 0.9158041 5.828858 -2.9335253
v 0.8345358 5.831158 -2.9263988
v 0.87227964 5.828858 -2.9782133
v 0.7968817 5.831158 -2.9460375
v 0.8174322 5.828858 -3.0069041
v 0.74524444 5.831158 -2.9527912
v 0.74524504 5.828858 -3.0168986
v 0.74524444 5.8793054 -2.6769042
v 0.7968817 5.831158 -2.6835632
v 0.7968817 5.8793054 -2.6835632
v 0.8345358 5.831158 -2.703164
v 0.8345358 5.8793054 -2.703164
v 0.8644183 5.831158 -2.733692
v 0.8644183 5.8793054 -2.733692
v 0.88360286 5.831158 -2.7721593
v 0.88360286 5.8793054 -2.7721593
v 0.890213 5.831158 -2.8148003
v 0.88360286 5.8793054 -2.7721593
v 0.890213 5.831158 -2.8148003
v 0.890213 5.8793054 -2.8148003
v 0.88360286 5.831158 -2.857442
v 0.88360286 5.8793054 -2.857442
v 0.8644183 5.831158 -2.8959093
v 0.8644183 5.8793054 -2.8959093
v 0.8345358 5.831158 -2.9263988
v 0.8345358 5.8793054 -2.9263616
v 0.8345358 5.8793054 -2.9263616
v 0.8345358 5.831158 -2.9263988
v 0.7968817 5.831158 -2.9460375
v 0.7968817 5.8793054 -2.9460375
v 0.74524444 5.831158 -2.9527912
v 0.74524444 5.8793054 -2.9527912
v 0.74524504 5.88448 -2.6127965
v 0.74524504 5.828858 -2.6127965
v 0.673016 5.828858 -2.622683
v 0.673016 5.88448 -2.622683
v 0.6181683 5.828858 -2.6513746
v 0.6181683 5.88448 -2.6513746
v 0.57464355 5.828858 -2.6960626
v 0.57464355 5.88448 -2.6960626
v 0.5466977 5.828858 -2.7523737
v 0.5466977 5.88448 -2.7523737
v 0.53706723 5.828858 -2.8147936
v 0.53706723 5.88448 -2.8147936
v 0.53706723 5.88448 -2.8147936
v 0.53706723 5.828858 -2.8147936
v 0.5466977 5.828858 -2.877215
v 0.5466977 5.88448 -2.877215
v 0.57464355 5.828858 -2.9335253
v 0.57464355 5.88448 -2.9335253
v 0.6181683 5.828858 -2.9782133
v 0.6181683 5.88448 -2.9782133
v 0.673016 5.828858 -3.0069041
v 0.673016 5.88448 -3.0069041
v 0.74524504 5.828858 -3.0168986
v 0.74524504 5.88448 -3.0168986
v 0.74524504 5.828858 -2.6127965
v 0.74524444 5.831158 -2.6769042
v 0.69356596 5.831158 -2.6835632
v 0.673016 5.828858 -2.622683
v 0.65591276 5.831158 -2.703164
v 0.6181683 5.828858 -2.6513746
v 0.62602997 5.831158 -2.733692
v 0.57464355 5.828858 -2.6960626
v 0.6068454 5.831158 -2.7721593
v 0.5466977 5.828858 -2.7523737
v 0.6002338 5.831158 -2.8148003
v 0.53706723 5.828858 -2.8147936
v 0.6068454 5.831158 -2.857442
v 0.5466977 5.828858 -2.877215
v 0.62602997 5.831158 -2.8959093
v 0.57464355 5.828858 -2.9335253
v 0.65591276 5.831158 -2.9263988
v 0.6181683 5.828858 -2.9782133
v 0.69356596 5.831158 -2.9460375
v 0.673016 5.828858 -3.0069041
v 0.74524444 5.831158 -2.9527912
v 0.74524504 5.828858 -3.0168986
v 0.74524444 5.8793054 -2.6769042
v 0.69356596 5.831158 -2.6835632
v 0.74524444 5.831158 -2.6769042
v 0.69356596 5.8793054 -2.6835632
v 0.65591276 5.831158 -2.703164
v 0.65591276 5.8793054 -2.703164
v 0.62602997 5.831158 -2.733692
v 0.62602997 5.8793054 -2.733692
v 0.62602997 5.8793054 -2.733692
v 0.6068454 5.831158 -2.7721593
v 0.62602997 5.831158 -2.733692
v 0.6068454 5.8793054 -2.7721593
v 0.6002338 5.831158 -2.8148003
v 0.6002338 5.8793054 -2.8148003
v 0.6068454 5.831158 -2.857442
v 0.6068454 5.8793054 -2.857442
v 0.62602997 5.831158 -2.8959093
v 0.62602997 5.8793054 -2.8959093
v 0.62602997 5.8793054 -2.8959093
v 0.65591276 5.831158 -2.9263988
v 0.62602997 5.831158 -2.8959093
v 0.65591276 5.8793054 -2.9263616
v 0.69356596 5.831158 -2.9460375
v 0.69356596 5.8793054 -2.9460375
v 0.74524444 5.831158 -2.9527912
v 0.74524444 5.8793054 -2.9527912
v 0.87906194 5.8307595 -2.8558605
v 0.8595121 5.879096 -2.8942285
v 0.8595121 5.8307595 -2.8942285
v 0.87906194 5.879096 -2.8558605
v 0.8857983 5.8307595 -2.8133283
v 0.8857983 5.879096 -2.8133283
v 0.8790619 5.8307595 -2.7707963
v 0.8790619 5.879096 -2.7707963
v 0.859512 5.8307595 -2.7324274
v 0.859512 5.879096 -2.7324274
v 0.8290624 5.8307595 -2.7019782
v 0.8290624 5.879096 -2.7019782
v 0.61726207 5.8307595 -2.8558605
v 0.61726207 5.879096 -2.8558605
v 0.6105257 5.879096 -2.8133283
v 0.6105257 5.8307595 -2.8133283
v 0.61726207 5.879096 -2.7707963
v 0.61726207 5.8307595 -2.7707963
v 0.63681185 5.879096 -2.7324274
v 0.63681185 5.8307595 -2.7324274
v 0.6672614 5.879096 -2.7019782
v 0.6672614 5.8307595 -2.7019782
v 0.7056301 5.879096 -2.682428
v 0.7056301 5.8307595 -2.682428
v 0.7056301 5.8307595 -2.682428
v 0.7056301 5.879096 -2.682428
v 0.7481621 5.879096 -2.6756916
v 0.7481621 5.8307595 -2.6756916
v 0.790694 5.879096 -2.682428
v 0.790694 5.8307595 -2.682428
v 0.8290624 5.879096 -2.7019782
v 0.8290624 5.8307595 -2.7019782
v 0.87906194 5.8307595 -1.8799605
v 0.8595121 5.879096 -1.9183288
v 0.8595121 5.8307595 -1.9183288
v 0.87906194 5.879096 -1.8799605
v 0.8857983 5.8307595 -1.8374286
v 0.8857983 5.879096 -1.8374286
v 0.8790619 5.8307595 -1.7948965
v 0.8790619 5.879096 -1.7948965
v 0.859512 5.8307595 -1.7565277
v 0.859512 5.879096 -1.7565277
v 0.8290624 5.8307595 -1.7260785
v 0.8290624 5.879096 -1.7260785
v 0.61726207 5.8307595 -1.8799605
v 0.61726207 5.879096 -1.8799605
v 0.6105257 5.879096 -1.8374286
v 0.6105257 5.8307595 -1.8374286
v 0.61726207 5.879096 -1.7948965
v 0.61726207 5.8307595 -1.7948965
v 0.63681185 5.879096 -1.7565277
v 0.63681185 5.8307595 -1.7565277
v 0.6672614 5.879096 -1.7260785
v 0.6672614 5.8307595 -1.7260785
v 0.7056301 5.879096 -1.7065283
v 0.7056301 5.8307595 -1.7065283
v 0.7056301 5.8307595 -1.7065283
v 0.7056301 5.879096 -1.7065283
v 0.7481621 5.879096 -1.6997918
v 0.7481621 5.8307595 -1.6997918
v 0.790694 5.879096 -1.7065283
v 0.790694 5.8307595 -1.7065283
v 0.8290624 5.879096 -1.7260785
v 0.8290624 5.8307595 -1.7260785
v 0.87906194 5.8307595 -0.97500974
v 0.8595121 5.879096 -1.0133779
v 0.8595121 5.8307595 -1.0133779
v 0.87906194 5.879096 -0.97500974
v 0.8857983 5.8307595 -0.9324777
v 0.8857983 5.879096 -0.9324777
v 0.8790619 5.8307595 -0.8899456
v 0.8790619 5.879096 -0.8899456
v 0.859512 5.8307595 -0.8515768
v 0.859512 5.879096 -0.8515768
v 0.8290624 5.8307595 -0.82112765
v 0.8290624 5.879096 -0.82112765
v 0.61726207 5.8307595 -0.97500974
v 0.61726207 5.879096 -0.97500974
v 0.6105257 5.879096 -0.9324777
v 0.6105257 5.8307595 -0.9324777
v 0.61726207 5.879096 -0.8899456
v 0.61726207 5.8307595 -0.8899456
v 0.63681185 5.879096 -0.8515768
v 0.63681185 5.8307595 -0.8515768
v 0.6672614 5.879096 -0.82112765
v 0.6672614 5.8307595 -0.82112765
v 0.7056301 5.879096 -0.80157745
v 0.7056301 5.8307595 -0.80157745
v 0.7056301 5.8307595 -0.80157745
v 0.7056301 5.879096 -0.80157745
v 0.7481621 5.879096 -0.79484093
v 0.7481621 5.8307595 -0.79484093
v 0.790694 5.879096 -0.80157745
v 0.790694 5.8307595 -0.80157745
v 0.8290624 5.879096 -0.82112765
v 0.8290624 5.8307595 -0.82112765
v 0.13021857 5.8307595 -2.8558605
v 0.11066871 5.879096 -2.8942285
v 0.11066871 5.8307595 -2.8942285
v 0.13021857 5.879096 -2.8558605
v 0.13695483 5.8307595 -2.8133283
v 0.13695483 5.879096 -2.8133283
v 0.13021849 5.8307595 -2.7707963
v 0.13021849 5.879096 -2.7707963
v 0.110668674 5.8307595 -2.7324274
v 0.110668674 5.879096 -2.7324274
v 0.08021911 5.8307595 -2.7019782
v 0.08021911 5.879096 -2.7019782
v -0.13158126 5.8307595 -2.8558605
v -0.13158126 5.879096 -2.8558605
v -0.13831764 5.879096 -2.8133283
v -0.13831764 5.8307595 -2.8133283
v -0.13158126 5.879096 -2.7707963
v -0.13158126 5.8307595 -2.7707963
v -0.112031475 5.879096 -2.7324274
v -0.112031475 5.8307595 -2.7324274
v -0.08158195 5.879096 -2.7019782
v -0.08158195 5.8307595 -2.7019782
v -0.04321327 5.879096 -2.682428
v -0.04321327 5.8307595 -2.682428
v -0.04321327 5.8307595 -2.682428
v -0.04321327 5.879096 -2.682428
v -0.00068130484 5.879096 -2.6756916
v -0.00068130484 5.8307595 -2.6756916
v 0.04185051 5.879096 -2.682428
v 0.04185051 5.8307595 -2.682428
v 0.08021911 5.879096 -2.7019782
v 0.08021911 5.8307595 -2.7019782
v 0.13021857 5.8307595 -1.8799605
v 0.11066871 5.879096 -1.9183288
v 0.11066871 5.8307595 -1.9183288
v 0.13021857 5.879096 -1.8799605
v 0.13695483 5.8307595 -1.8374286
v 0.13695483 5.879096 -1.8374286
v 0.13021849 5.8307595 -1.7948965
v 0.13021849 5.879096 -1.7948965
v 0.110668674 5.8307595 -1.7565277
v 0.110668674 5.879096 -1.7565277
v 0.08021911 5.8307595 -1.7260785
v 0.08021911 5.879096 -1.7260785
v -0.13158126 5.8307595 -1.8799605
v -0.13158126 5.879096 -1.8799605
v -0.13831764 5.879096 -1.8374286
v -0.13831764 5.8307595 -1.8374286
v -0.13158126 5.879096 -1.7948965
v -0.13158126 5.8307595 -1.7948965
v -0.112031475 5.879096 -1.7565277
v -0.112031475 5.8307595 -1.7565277
v -0.08158195 5.879096 -1.7260785
v -0.08158195 5.8307595 -1.7260785
v -0.04321327 5.879096 -1.7065283
v -0.04321327 5.8307595 -1.7065283
v -0.04321327 5.8307595 -1.7065283
v -0.04321327 5.879096 -1.7065283
v -0.00068130484 5.879096 -1.6997918
v -0.00068130484 5.8307595 -1.6997918
v 0.04185051 5.879096 -1.7065283
v 0.04185051 5.8307595 -1.7065283
v 0.08021911 5.879096 -1.7260785
v 0.08021911 5.8307595 -1.7260785
v 0.13021857 5.8307595 -0.97500974
v 0.11066871 5.879096 -1.0133779
v 0.11066871 5.8307595 -1.0133779
v 0.13021857 5.879096 -0.97500974
v 0.13695483 5.8307595 -0.9324777
v 0.13695483 5.879096 -0.9324777
v 0.13021849 5.8307595 -0.8899456
v 0.13021849 5.879096 -0.8899456
v 0.110668674 5.8307595 -0.8515768
v 0.110668674 5.879096 -0.8515768
v 0.08021911 5.8307595 -0.82112765
v 0.08021911 5.879096 -0.82112765
v -0.13158126 5.8307595 -0.97500974
v -0.13158126 5.879096 -0.97500974
v -0.13831764 5.879096 -0.9324777
v -0.13831764 5.8307595 -0.9324777
v -0.13158126 5.879096 -0.8899456
v -0.13158126 5.8307595 -0.8899456
v -0.112031475 5.879096 -0.8515768
v -0.112031475 5.8307595 -0.8515768
v -0.08158195 5.879096 -0.82112765
v -0.08158195 5.8307595 -0.82112765
v -0.04321327 5.879096 -0.80157745
v -0.04321327 5.8307595 -0.80157745
v -0.04321327 5.8307595 -0.80157745
v -0.04321327 5.879096 -0.80157745
v -0.00068130484 5.879096 -0.79484093
v -0.00068130484 5.8307595 -0.79484093
v 0.04185051 5.879096 -0.80157745
v 0.04185051 5.8307595 -0.80157745
v 0.08021911 5.879096 -0.82112765
v 0.08021911 5.8307595 -0.82112765
v -0.6129286 5.8307595 -2.8558605
v -0.6324785 5.879096 -2.8942285
v -0.6324785 5.8307595 -2.8942285
v -0.6129286 5.879096 -2.8558605
v -0.60619235 5.8307595 -2.8133283
v -0.60619235 5.879096 -2.8133283
v -0.6129287 5.8307595 -2.7707963
v -0.6129287 5.879096 -2.7707963
v -0.63247854 5.8307595 -2.7324274
v -0.63247854 5.879096 -2.7324274
v -0.66292804 5.8307595 -2.7019782
v -0.66292804 5.879096 -2.7019782
v -0.8747285 5.8307595 -2.8558605
v -0.8747285 5.879096 -2.8558605
v -0.8814649 5.879096 -2.8133283
v -0.8814649 5.8307595 -2.8133283
v -0.8747285 5.879096 -2.7707963
v -0.8747285 5.8307595 -2.7707963
v -0.8551787 5.879096 -2.7324274
v -0.8551787 5.8307595 -2.7324274
v -0.8247292 5.879096 -2.7019782
v -0.8247292 5.8307595 -2.7019782
v -0.7863605 5.879096 -2.682428
v -0.7863605 5.8307595 -2.682428
v -0.7863605 5.8307595 -2.682428
v -0.7863605 5.879096 -2.682428
v -0.74382854 5.879096 -2.6756916
v -0.74382854 5.8307595 -2.6756916
v -0.7012967 5.879096 -2.682428
v -0.7012967 5.8307595 -2.682428
v -0.66292804 5.879096 -2.7019782
v -0.66292804 5.8307595 -2.7019782
v -0.6129286 5.8307595 -1.8799605
v -0.6324785 5.879096 -1.9183288
v -0.6324785 5.8307595 -1.9183288
v -0.6129286 5.879096 -1.8799605
v -0.60619235 5.8307595 -1.8374286
v -0.60619235 5.879096 -1.8374286
v -0.6129287 5.8307595 -1.7948965
v -0.6129287 5.879096 -1.7948965
v -0.63247854 5.8307595 -1.7565277
v -0.63247854 5.879096 -1.7565277
v -0.66292804 5.8307595 -1.7260785
v -0.66292804 5.879096 -1.7260785
v -0.8747285 5.8307595 -1.8799605
v -0.8747285 5.879096 -1.8799605
v -0.8814649 5.879096 -1.8374286
v -0.8814649 5.8307595 -1.8374286
v -0.8747285 5.879096 -1.7948965
v -0.8747285 5.8307595 -1.7948965
v -0.8551787 5.879096 -1.7565277
v -0.8551787 5.8307595 -1.7565277
v -0.8247292 5.879096 -1.7260785
v -0.8247292 5.8307595 -1.7260785
v -0.7863605 5.879096 -1.7065283
v -0.7863605 5.8307595 -1.7065283
v -0.7863605 5.8307595 -1.7065283
v -0.7863605 5.879096 -1.7065283
v -0.74382854 5.879096 -1.6997918
v -0.74382854 5.8307595 -1.6997918
v -0.7012967 5.879096 -1.7065283
v -0.7012967 5.8307595 -1.7065283
v -0.66292804 5.879096 -1.7260785
v -0.66292804 5.8307595 -1.7260785
v -0.6129286 5.8307595 -0.97500974
v -0.6324785 5.879096 -1.0133779
v -0.6324785 5.8307595 -1.0133779
v -0.6129286 5.879096 -0.97500974
v -0.60619235 5.8307595 -0.9324777
v -0.60619235 5.879096 -0.9324777
v -0.6129287 5.8307595 -0.8899456
v -0.6129287 5.879096 -0.8899456
v -0.63247854 5.8307595 -0.8515768
v -0.63247854 5.879096 -0.8515768
v -0.66292804 5.8307595 -0.82112765
v -0.66292804 5.879096 -0.82112765
v -0.8747285 5.8307595 -0.97500974
v -0.8747285 5.879096 -0.97500974
v -0.8814649 5.879096 -0.9324777
v -0.8814649 5.8307595 -0.9324777
v -0.8747285 5.879096 -0.8899456
v -0.8747285 5.8307595 -0.8899456
v -0.8551787 5.879096 -0.8515768
v -0.8551787 5.8307595 -0.8515768
v -0.8247292 5.879096 -0.82112765
v -0.8247292 5.8307595 -0.82112765
v -0.7863605 5.879096 -0.80157745
v -0.7863605 5.8307595 -0.80157745
v -0.7863605 5.8307595 -0.80157745
v -0.7863605 5.879096 -0.80157745
v -0.74382854 5.879096 -0.79484093
v -0.74382854 5.8307595 -0.79484093
v -0.7012967 5.879096 -0.80157745
v -0.7012967 5.8307595 -0.80157745
v -0.66292804 5.879096 -0.82112765
v -0.66292804 5.8307595 -0.82112765
v -0.60619235 5.8307595 -0.9324777
v -0.74382854 5.8307595 -0.9324777
v -0.6129287 5.8307595 -0.8899456
v -0.6129286 5.8307595 -0.97500974
v -0.63247854 5.8307595 -0.8515768
v -0.6324785 5.8307595 -1.0133779
v -0.66292804 5.8307595 -0.82112765
v -0.662928 5.8307595 -1.0438278
v -0.7012967 5.8307595 -0.80157745
v -0.7012967 5.8307595 -1.0633774
v -0.74382854 5.8307595 -0.79484093
v -0.74382854 5.8307595 -1.0701137
v -0.7863605 5.8307595 -0.80157745
v -0.7863605 5.8307595 -1.0633774
v -0.8247292 5.8307595 -0.82112765
v -0.8247292 5.8307595 -1.0438278
v -0.8551787 5.8307595 -0.8515768
v -0.8551787 5.8307595 -1.0133779
v -0.8747285 5.8307595 -0.8899456
v -0.8747285 5.8307595 -0.97500974
v -0.8814649 5.8307595 -0.9324777
v -0.60619235 5.8307595 -1.8374286
v -0.74382854 5.8307595 -1.8374286
v -0.6129287 5.8307595 -1.7948965
v -0.6129286 5.8307595 -1.8799605
v -0.63247854 5.8307595 -1.7565277
v -0.6324785 5.8307595 -1.9183288
v -0.66292804 5.8307595 -1.7260785
v -0.662928 5.8307595 -1.9487786
v -0.7012967 5.8307595 -1.7065283
v -0.7012967 5.8307595 -1.9683282
v -0.74382854 5.8307595 -1.6997918
v -0.74382854 5.8307595 -1.9750646
v -0.7863605 5.8307595 -1.7065283
v -0.7863605 5.8307595 -1.9683282
v -0.8247292 5.8307595 -1.7260785
v -0.8247292 5.8307595 -1.9487786
v -0.8551787 5.8307595 -1.7565277
v -0.8551787 5.8307595 -1.9183288
v -0.8747285 5.8307595 -1.7948965
v -0.8747285 5.8307595 -1.8799605
v -0.8814649 5.8307595 -1.8374286
v -0.60619235 5.8307595 -2.8133283
v -0.74382854 5.8307595 -2.8133283
v -0.6129287 5.8307595 -2.7707963
v -0.6129286 5.8307595 -2.8558605
v -0.63247854 5.8307595 -2.7324274
v -0.6324785 5.8307595 -2.8942285
v -0.66292804 5.8307595 -2.7019782
v -0.662928 5.8307595 -2.9246783
v -0.7012967 5.8307595 -2.682428
v -0.7012967 5.8307595 -2.9442277
v -0.74382854 5.8307595 -2.6756916
v -0.74382854 5.8307595 -2.9509645
v -0.7863605 5.8307595 -2.682428
v -0.7863605 5.8307595 -2.9442277
v -0.8247292 5.8307595 -2.7019782
v -0.8247292 5.8307595 -2.9246783
v -0.8551787 5.8307595 -2.7324274
v -0.8551787 5.8307595 -2.8942285
v -0.8747285 5.8307595 -2.7707963
v -0.8747285 5.8307595 -2.8558605
v -0.8814649 5.8307595 -2.8133283
v 0.13695483 5.8307595 -0.9324777
v -0.00068130484 5.8307595 -0.9324777
v 0.13021849 5.8307595 -0.8899456
v 0.13021857 5.8307595 -0.97500974
v 0.110668674 5.8307595 -0.8515768
v 0.11066871 5.8307595 -1.0133779
v 0.08021911 5.8307595 -0.82112765
v 0.080219194 5.8307595 -1.0438278
v 0.04185051 5.8307595 -0.80157745
v 0.04185051 5.8307595 -1.0633774
v -0.00068130484 5.8307595 -0.79484093
v -0.00068130484 5.8307595 -1.0701137
v -0.04321327 5.8307595 -0.80157745
v -0.04321327 5.8307595 -1.0633774
v -0.08158195 5.8307595 -0.82112765
v -0.08158195 5.8307595 -1.0438278
v -0.112031475 5.8307595 -0.8515768
v -0.112031475 5.8307595 -1.0133779
v -0.13158126 5.8307595 -0.8899456
v -0.13158126 5.8307595 -0.97500974
v -0.13831764 5.8307595 -0.9324777
v 0.13695483 5.8307595 -1.8374286
v -0.00068130484 5.8307595 -1.8374286
v 0.13021849 5.8307595 -1.7948965
v 0.13021857 5.8307595 -1.8799605
v 0.110668674 5.8307595 -1.7565277
v 0.11066871 5.8307595 -1.9183288
v 0.08021911 5.8307595 -1.7260785
v 0.080219194 5.8307595 -1.9487786
v 0.04185051 5.8307595 -1.7065283
v 0.04185051 5.8307595 -1.9683282
v -0.00068130484 5.8307595 -1.6997918
v -0.00068130484 5.8307595 -1.9750646
v -0.04321327 5.8307595 -1.7065283
v -0.04321327 5.8307595 -1.9683282
v -0.08158195 5.8307595 -1.7260785
v -0.08158195 5.8307595 -1.9487786
v -0.112031475 5.8307595 -1.7565277
v -0.112031475 5.8307595 -1.9183288
v -0.13158126 5.8307595 -1.7948965
v -0.13158126 5.8307595 -1.8799605
v -0.13831764 5.8307595 -1.8374286
v 0.13695483 5.8307595 -2.8133283
v -0.00068130484 5.8307595 -2.8133283
v 0.13021849 5.8307595 -2.7707963
v 0.13021857 5.8307595 -2.8558605
v 0.110668674 5.8307595 -2.7324274
v 0.11066871 5.8307595 -2.8942285
v 0.08021911 5.8307595 -2.7019782
v 0.080219194 5.8307595 -2.9246783
v 0.04185051 5.8307595 -2.682428
v 0.04185051 5.8307595 -2.9442277
v -0.00068130484 5.8307595 -2.6756916
v -0.00068130484 5.8307595 -2.9509645
v -0.04321327 5.8307595 -2.682428
v -0.04321327 5.8307595 -2.9442277
v -0.08158195 5.8307595 -2.7019782
v -0.08158195 5.8307595 -2.9246783
v -0.112031475 5.8307595 -2.7324274
v -0.112031475 5.8307595 -2.8942285
v -0.13158126 5.8307595 -2.7707963
v -0.13158126 5.8307595 -2.8558605
v -0.13831764 5.8307595 -2.8133283
v 0.8857983 5.8307595 -0.9324777
v 0.7481621 5.8307595 -0.9324777
v 0.8790619 5.8307595 -0.8899456
v 0.87906194 5.8307595 -0.97500974
v 0.859512 5.8307595 -0.8515768
v 0.8595121 5.8307595 -1.0133779
v 0.8290624 5.8307595 -0.82112765
v 0.8290625 5.8307595 -1.0438278
v 0.790694 5.8307595 -0.80157745
v 0.790694 5.8307595 -1.0633774
v 0.7481621 5.8307595 -0.79484093
v 0.7481621 5.8307595 -1.0701137
v 0.7056301 5.8307595 -0.80157745
v 0.7056301 5.8307595 -1.0633774
v 0.6672614 5.8307595 -0.82112765
v 0.6672614 5.8307595 -1.0438278
v 0.63681185 5.8307595 -0.8515768
v 0.63681185 5.8307595 -1.0133779
v 0.61726207 5.8307595 -0.8899456
v 0.61726207 5.8307595 -0.97500974
v 0.6105257 5.8307595 -0.9324777
v 0.8857983 5.8307595 -1.8374286
v 0.7481621 5.8307595 -1.8374286
v 0.8790619 5.8307595 -1.7948965
v 0.87906194 5.8307595 -1.8799605
v 0.859512 5.8307595 -1.7565277
v 0.8595121 5.8307595 -1.9183288
v 0.8290624 5.8307595 -1.7260785
v 0.8290625 5.8307595 -1.9487786
v 0.790694 5.8307595 -1.7065283
v 0.790694 5.8307595 -1.9683282
v 0.7481621 5.8307595 -1.6997918
v 0.7481621 5.8307595 -1.9750646
v 0.7056301 5.8307595 -1.7065283
v 0.7056301 5.8307595 -1.9683282
v 0.6672614 5.8307595 -1.7260785
v 0.6672614 5.8307595 -1.9487786
v 0.63681185 5.8307595 -1.7565277
v 0.63681185 5.8307595 -1.9183288
v 0.61726207 5.8307595 -1.7948965
v 0.61726207 5.8307595 -1.8799605
v 0.6105257 5.8307595 -1.8374286
v 0.8857983 5.8307595 -2.8133283
v 0.7481621 5.8307595 -2.8133283
v 0.8790619 5.8307595 -2.7707963
v 0.87906194 5.8307595 -2.8558605
v 0.859512 5.8307595 -2.7324274
v 0.8595121 5.8307595 -2.8942285
v 0.8290624 5.8307595 -2.7019782
v 0.8290625 5.8307595 -2.9246783
v 0.790694 5.8307595 -2.682428
v 0.790694 5.8307595 -2.9442277
v 0.7481621 5.8307595 -2.6756916
v 0.7481621 5.8307595 -2.9509645
v 0.7056301 5.8307595 -2.682428
v 0.7056301 5.8307595 -2.9442277
v 0.6672614 5.8307595 -2.7019782
v 0.6672614 5.8307595 -2.9246783
v 0.63681185 5.8307595 -2.7324274
v 0.63681185 5.8307595 -2.8942285
v 0.61726207 5.8307595 -2.7707963
v 0.61726207 5.8307595 -2.8558605
v 0.6105257 5.8307595 -2.8133283
v 0.6935659 5.8793054 -1.692137
v 0.7452444 5.8793054 -1.6988904
v 0.7452444 5.831158 -1.6988904
v 0.6935659 5.831158 -1.692137
v 1.7170862 6.359214 0
v 1.5185215 5.8658853 0
v -1.5185211 5.8658853 0
v 1.7170862 -0.50912595 0
v -1.7170855 6.359214 0
v 1.5185215 0 0
v -1.5185211 0 0
v -1.7170855 -0.50912595 0
v 1.5185217 5.8658853 -4.0162487
v -1.5185211 5.865886 -4.0162487
v -1.5185211 5.865886 -1.6281105E-16
v 1.5185217 5.8658853 -2.9233164E-16
v 1.7170862 3.165705 -1.6361243
v 1.4073157 3.0694475 -1.5023692
v 1.7170862 3.0694475 -1.5023692
v 1.4073157 3.165705 -1.6361243
v 1.4073157 3.165705 -2.6830626
v 1.7170862 3.165705 -2.6830626
v 1.4073157 3.0694475 -2.8168178
v 1.7170862 3.0694475 -2.8168178
v 1.7170862 3.0694475 -1.5023692
v 1.4073157 3.0694475 -1.5023692
v 1.4073157 2.9135637 -1.4276145
v 1.7170862 2.9135637 -1.4276145
v 1.4073157 0.44934022 -1.4276145
v 1.7170862 0.44934022 -1.4276145
v 1.7170862 3.0694475 -2.8168178
v 1.4073157 2.9135637 -2.891572
v 1.4073157 3.0694475 -2.8168178
v 1.7170862 2.9135637 -2.891572
v 1.4073157 0.44934022 -2.891572
v 1.7170862 0.44934022 -2.891572
v 1.7170862 0.45325136 -1.4490991
v 1.3862512 0.45325136 -1.4490991
v 1.3862512 -3.0994415E-06 -1.4490991
v 1.7170862 -3.0994415E-06 -1.4490992
v 1.7170862 0.45325136 -2.870088
v 1.7170862 -3.0994415E-06 -2.870088
v 1.3862512 -3.0994415E-06 -2.870088
v 1.3862512 0.45325136 -2.870088
v 1.7170862 -3.0994415E-06 -2.870088
v 1.7170862 -3.0994415E-06 -1.4490992
v 1.5185313 -3.0994415E-06 -1.4490993
v 1.5185313 -3.0994415E-06 -2.870088
v -1.7170855 3.165705 -1.6414952
v -1.7170855 3.0694475 -1.50774
v -1.4073044 3.0694475 -1.50774
v -1.4073044 3.165705 -1.6414952
v -1.4073044 3.165705 -2.6884336
v -1.7170855 3.165705 -2.6884336
v -1.4073044 3.0694475 -2.8221886
v -1.7170855 3.0694475 -2.8221886
v -1.7170855 3.0694475 -1.50774
v -1.4073044 2.9135637 -1.4329854
v -1.4073044 3.0694475 -1.50774
v -1.7170855 2.9135637 -1.4329854
v -1.4073044 0.44934022 -1.4329854
v -1.7170855 0.44934022 -1.4329854
v -1.7170855 3.0694475 -2.8221886
v -1.4073044 3.0694475 -2.8221886
v -1.4073044 2.9135637 -2.891572
v -1.7170855 2.9135637 -2.896943
v -1.4073044 0.44934022 -2.896943
v -1.7170855 0.44934022 -2.896943
v -1.7170855 0.45325136 -1.4544698
v -1.7170855 -3.0994415E-06 -1.4544702
v -1.3862401 -3.0994415E-06 -1.4544698
v -1.3862401 0.45325136 -1.4544698
v -1.7170855 0.45325136 -2.8754587
v -1.3862401 0.45325136 -2.8754587
v -1.3862401 -3.0994415E-06 -2.8754587
v -1.7170855 -3.0994415E-06 -2.8754587
v -1.7170855 -3.0994415E-06 -2.8754587
v -1.5185205 -3.0994415E-06 -2.8754587
v -1.5185205 -3.0994415E-06 -1.4544702
v -1.7170855 -3.0994415E-06 -1.4544702
v -1.6105199 5.432161E-15 -6.4622455
v 1.6105205 5.4321608E-15 -6.4622455
v 1.6105205 2.6840441E-15 -5.327513
v -1.6105199 2.6840443E-15 -5.327513
v -1.6105199 2.6840443E-15 -5.327513
v 1.6105205 2.6840441E-15 -5.327513
v 1.6105205 1.3099856E-15 -4.1616116
v -1.6105199 1.3099859E-15 -4.1616116
v -0.92459285 3.7685473 -4.612106
v -1.0955085 3.6475863 -4.612106
v -1.0955085 3.6475863 -4.4335017
v -0.92459285 3.7685473 -4.4335017
v 0.0005014801 3.7685473 -4.4335017
v 0.0005014801 3.7685473 -4.612106
v -1.0955085 3.6475863 -4.612106
v -1.1841701 3.4516919 -4.4335017
v -1.0955085 3.6475863 -4.4335017
v -1.1841701 3.4516919 -4.612106
v -1.1841701 2.0409207 -4.433501
v -1.1841701 2.0409207 -4.612105
v -1.1841701 1.9876171 -4.433501
v -1.1841701 1.9876171 -4.612105
v -1.1841701 0.4512966 -4.433501
v -1.1841701 0.4512966 -4.612105
v -1.1841701 0.4512966 -4.612105
v -1.1841701 -6.324767E-05 -4.612105
v -1.1841701 -6.324767E-05 -4.433501
v -1.1841701 0.4512966 -4.433501
v 0.76150143 3.7685473 -4.612106
v 0.9324168 3.6475863 -4.4335017
v 0.9324168 3.6475863 -4.612106
v 0.76150143 3.7685473 -4.4335017
v 0.0005014038 3.7685473 -4.4335017
v 0.0005014038 3.7685473 -4.612106
v 0.9324168 3.6475863 -4.612106
v 0.9324168 3.6475863 -4.4335017
v 1.0210782 3.4516919 -4.4335017
v 1.0210782 3.4516919 -4.612106
v 1.0210782 2.0409207 -4.433501
v 1.0210782 2.0409207 -4.612105
v 1.0210782 1.9876171 -4.612105
v 1.0210782 1.9876171 -4.433501
v 1.0210782 0.4512966 -4.612105
v 1.0210782 0.4512966 -4.433501
v 1.0210782 0.4512966 -4.612105
v 1.0210782 0.4512966 -4.433501
v 1.0210782 -6.324767E-05 -4.433501
v 1.0210782 -6.324767E-05 -4.612105
v -1.5193799 1.2733209 -4.0162487
v -1.5193799 1.3759271 -4.0162487
v -1.5193799 1.3759271 -6.2986975
v -1.5193799 1.2733209 -6.2986975
v -1.5193799 1.2733209 -6.2986975
v -1.5193799 1.3759271 -6.2986975
v 1.5193805 1.3759271 -6.2986975
v 1.5193805 1.2733209 -6.2986975
v 1.5193805 1.2733209 -6.2986975
v 1.5193805 1.3759271 -6.2986975
v 1.5193805 1.3759271 -4.0162487
v 1.5193805 1.2733209 -4.0162487
v -1.6105199 1.2442573 -4.0162487
v -1.5193799 1.2733209 -4.0162487
v -1.5193799 1.2733209 -6.2986975
v -1.6105199 1.2442573 -6.4622455
v -1.6105199 1.4049908 -6.4622455
v -1.5193799 1.3759271 -6.2986975
v -1.5193799 1.3759271 -4.0162487
v -1.6105199 1.4049908 -4.0162487
v -1.6105199 1.2442573 -6.4622455
v -1.5193799 1.2733209 -6.2986975
v 1.5193805 1.2733209 -6.2986975
v 1.6105205 1.2442573 -6.4622455
v 1.6105205 1.4049908 -6.4622455
v 1.5193805 1.3759271 -6.2986975
v -1.5193799 1.3759271 -6.2986975
v -1.6105199 1.4049908 -6.4622455
v 1.6105205 1.2442573 -6.4622455
v 1.5193805 1.2733209 -6.2986975
v 1.5193805 1.2733209 -4.0162487
v 1.6105205 1.2442573 -4.0162487
v 1.6105205 1.4049908 -4.0162487
v 1.5193805 1.3759271 -4.0162487
v 1.5193805 1.3759271 -6.2986975
v 1.6105205 1.4049908 -6.4622455
v -1.6105199 3.2295241 -4.0162487
v -1.6105199 5.054058 -4.0162487
v -1.6105199 5.0540576 -6.4622455
v -1.6105199 3.2295241 -6.4622455
v -1.6105199 2.0409207 -4.0162487
v -1.6105199 2.0409207 -6.4622455
v 1.6105205 3.2295241 -6.4622455
v 1.6105205 5.0540576 -6.4622455
v 1.6105205 5.0540576 -4.0162487
v 1.6105205 3.2295241 -4.0162487
v 0.80526036 3.2295241 -6.4622455
v 0.80526036 5.0540576 -6.4622455
v 1.6105205 5.0540576 -6.4622455
v 1.6105205 3.2295241 -6.4622455
v -1.6105199 0.43332168 -4.0162487
v -1.6105199 1.2442573 -4.0162487
v -1.6105199 1.2442573 -6.4622455
v -1.6105199 0.43332168 -6.4622455
v 0.80526036 0.43332168 -6.4622455
v 0.80526036 1.2442573 -6.4622455
v 1.6105205 1.2442573 -6.4622455
v 1.6105205 0.43332168 -6.4622455
v 1.6105205 0.43332168 -6.4622455
v 1.6105205 1.2442573 -6.4622455
v 1.6105205 1.2442573 -4.0162487
v 1.6105205 0.43332168 -4.0162487
v -1.6105199 1.4049908 -4.0162487
v -1.6105199 1.9876171 -4.0162487
v -1.6105199 1.9876171 -6.4622455
v -1.6105199 1.4049908 -6.4622455
v 0.80526036 1.4049908 -6.4622455
v 0.80526036 1.9876171 -6.4622455
v 1.6105206 1.9876171 -6.4622455
v 1.6105205 1.4049908 -6.4622455
v 1.6105205 1.4049908 -6.4622455
v 1.6105206 1.9876171 -6.4622455
v 1.6105206 1.9876171 -4.0162487
v 1.6105205 1.4049908 -4.0162487
v -0.80525976 3.2295241 -6.4622455
v -0.80525976 5.0540576 -6.4622455
v 3.0517575E-07 5.0540576 -6.4622455
v 3.0517575E-07 3.2295241 -6.4622455
v -0.80525976 1.4049908 -6.4622455
v -0.80525976 1.9876171 -6.4622455
v 3.0517575E-07 1.9876171 -6.4622455
v 3.0517575E-07 1.4049908 -6.4622455
v -0.80525976 0.43332168 -6.4622455
v -0.80525976 1.2442573 -6.4622455
v 3.0517575E-07 1.2442573 -6.4622455
v 3.0517575E-07 0.43332168 -6.4622455
v -1.6105199 3.2295241 -6.4622455
v -1.6105199 5.0540576 -6.4622455
v -0.80525976 5.0540576 -6.4622455
v -0.80525976 3.2295241 -6.4622455
v -1.6105199 1.4049908 -6.4622455
v -1.6105199 1.9876171 -6.4622455
v -0.80525976 1.9876171 -6.4622455
v -0.80525976 1.4049908 -6.4622455
v -1.6105199 0.43332168 -6.4622455
v -1.6105199 1.2442573 -6.4622455
v -0.80525976 1.2442573 -6.4622455
v -0.80525976 0.43332168 -6.4622455
v 3.0517575E-07 3.2295241 -6.4622455
v 3.0517575E-07 5.0540576 -6.4622455
v 0.80526036 5.0540576 -6.4622455
v 0.80526036 3.2295241 -6.4622455
v 3.0517575E-07 1.4049908 -6.4622455
v 3.0517575E-07 1.9876171 -6.4622455
v 0.80526036 1.9876171 -6.4622455
v 0.80526036 1.4049908 -6.4622455
v 3.0517575E-07 0.43332168 -6.4622455
v 3.0517575E-07 1.2442573 -6.4622455
v 0.80526036 1.2442573 -6.4622455
v 0.80526036 0.43332168 -6.4622455
v 0.80526036 2.0409207 -6.4622455
v 0.80526036 3.2295241 -6.4622455
v 1.6105205 3.2295241 -6.4622455
v 1.6105205 2.0409207 -6.4622455
v 1.6105205 2.0409207 -6.4622455
v 1.6105205 3.2295241 -6.4622455
v 1.6105205 3.2295241 -4.0162487
v 1.6105205 2.0409207 -4.0162487
v -0.80525976 2.0409207 -6.4622455
v -0.80525976 3.2295241 -6.4622455
v 3.0517575E-07 3.2295241 -6.4622455
v 3.0517575E-07 2.0409207 -6.4622455
v -1.6105199 2.0409207 -6.4622455
v -1.6105199 3.2295241 -6.4622455
v -0.80525976 3.2295241 -6.4622455
v -0.80525976 2.0409207 -6.4622455
v 3.0517575E-07 2.0409207 -6.4622455
v 3.0517575E-07 3.2295241 -6.4622455
v 0.80526036 3.2295241 -6.4622455
v 0.80526036 2.0409207 -6.4622455
v -1.6105199 1.9876171 -4.0162487
v -1.6105199 2.0409207 -4.0162487
v -1.6105199 2.0409207 -6.4622455
v -1.6105199 1.9876171 -6.4622455
v 0.80526036 1.9876171 -6.4622455
v 0.80526036 2.0409207 -6.4622455
v 1.6105205 2.0409207 -6.4622455
v 1.6105206 1.9876171 -6.4622455
v 1.6105206 1.9876171 -6.4622455
v 1.6105205 2.0409207 -6.4622455
v 1.6105205 2.0409207 -4.0162487
v 1.6105206 1.9876171 -4.0162487
v -0.80525976 1.9876171 -6.4622455
v -0.80525976 2.0409207 -6.4622455
v 3.0517575E-07 2.0409207 -6.4622455
v 3.0517575E-07 1.9876171 -6.4622455
v -1.6105199 1.9876171 -6.4622455
v -1.6105199 2.0409207 -6.4622455
v -0.80525976 2.0409207 -6.4622455
v -0.80525976 1.9876171 -6.4622455
v 3.0517575E-07 1.9876171 -6.4622455
v 3.0517575E-07 2.0409207 -6.4622455
v 0.80526036 2.0409207 -6.4622455
v 0.80526036 1.9876171 -6.4622455
v -1.6105199 2.2888183E-07 -4.0162487
v -1.6105199 0.43332168 -4.0162487
v -1.6105199 0.43332168 -6.4622455
v -1.6105199 2.2888183E-07 -6.4622455
v -1.6105199 2.2888183E-07 -6.4622455
v -1.6105199 0.43332168 -6.4622455
v -0.80525976 0.43332168 -6.4622455
v -0.80525976 2.2888183E-07 -6.4622455
v -0.80525976 2.2888183E-07 -6.4622455
v -0.80525976 0.43332168 -6.4622455
v 3.0517575E-07 0.43332168 -6.4622455
v 3.0517575E-07 2.2888183E-07 -6.4622455
v 3.0517575E-07 2.2888183E-07 -6.4622455
v 3.0517575E-07 0.43332168 -6.4622455
v 0.80526036 0.43332168 -6.4622455
v 0.80526036 2.2888183E-07 -6.4622455
v 0.80526036 2.2888183E-07 -6.4622455
v 0.80526036 0.43332168 -6.4622455
v 1.6105205 0.43332168 -6.4622455
v 1.6105205 2.2888183E-07 -6.4622455
v 1.6105205 2.2888183E-07 -6.4622455
v 1.6105205 0.43332168 -6.4622455
v 1.6105205 0.43332168 -4.0162487
v 1.6105205 2.2888183E-07 -4.0162487
v -1.25314 3.5115304 -3.8602645
v -0.92562366 0.4512966 -3.8602645
v -1.25314 0.4512966 -3.8602645
v -0.92562366 3.4516919 -3.8602645
v -1.0867096 3.833229 -3.8602645
v -0.8369623 3.6475863 -3.8602645
v -0.7868239 4.0260596 -3.8602645
v -0.6660469 3.7685473 -3.8602645
v -0.0005014038 4.0260596 -3.8602645
v -0.0005014038 3.7685473 -3.8602645
v -0.7868239 4.0260596 -3.8602645
v -0.0005014038 4.0260596 -4.016249
v -0.0005014038 4.0260596 -3.8602645
v -0.7868239 4.0260596 -4.016249
v -1.0867096 3.833229 -3.8602645
v -1.0867096 3.833229 -4.016249
v -1.25314 3.5115304 -3.8602645
v -1.25314 3.5115304 -4.016249
v -0.0005014038 3.7685473 -3.8602645
v -0.0005014038 3.7685473 -4.1393166
v -0.6660469 3.7685473 -4.1393166
v -0.6660469 3.7685473 -3.8602645
v -0.8369623 3.6475863 -3.8602645
v -0.8369623 3.6475863 -4.1393166
v -0.8369623 3.6475863 -4.1393166
v -0.92562366 3.4516919 -3.8602645
v -0.8369623 3.6475863 -3.8602645
v -0.92562366 3.4516919 -4.1393166
v -0.92562366 0.4512966 -4.1393166
v -0.92562366 0.4512966 -3.8602645
v -0.92562366 0.4512966 -3.8602645
v -0.92562366 -6.324767E-05 -3.8602645
v -1.25314 -6.324767E-05 -3.8602645
v -1.25314 0.4512966 -3.8602645
v -0.92562366 0.4512966 -4.1393166
v -0.92562366 -6.324767E-05 -4.1393166
v -0.92562366 -6.324767E-05 -3.8602645
v -0.92562366 0.4512966 -3.8602645
v 1.25314 3.5115304 -3.8602645
v 1.25314 0.4512966 -3.8602645
v 0.92562366 0.4512966 -3.8602645
v 0.92562366 3.4516919 -3.8602645
v 1.0867096 3.833229 -3.8602645
v 0.8369623 3.6475863 -3.8602645
v 0.7868239 4.0260596 -3.8602645
v 0.6660469 3.7685473 -3.8602645
v -0.0005014038 4.0260596 -3.8602645
v -0.0005014038 3.7685473 -3.8602645
v 0.7868239 4.0260596 -3.8602645
v -0.0005014038 4.0260596 -3.8602645
v -0.0005014038 4.0260596 -4.016249
v 0.7868239 4.0260596 -4.016249
v 1.0867096 3.833229 -3.8602645
v 0.7868239 4.0260596 -3.8602645
v 0.7868239 4.0260596 -4.016249
v 1.0867096 3.833229 -4.016249
v 1.25314 3.5115304 -3.8602645
v 1.25314 3.5115304 -4.016249
v -0.0005014038 3.7685473 -3.8602645
v 0.6660469 3.7685473 -4.1393166
v -0.0005014038 3.7685473 -4.1393166
v 0.6660469 3.7685473 -3.8602645
v 0.8369623 3.6475863 -3.8602645
v 0.8369623 3.6475863 -4.1393166
v 0.8369623 3.6475863 -4.1393166
v 0.8369623 3.6475863 -3.8602645
v 0.92562366 3.4516919 -3.8602645
v 0.92562366 3.4516919 -4.1393166
v 0.92562366 0.4512966 -4.1393166
v 0.92562366 0.4512966 -3.8602645
v 0.92562366 0.4512966 -3.8602645
v 1.25314 0.4512966 -3.8602645
v 1.25314 -6.324767E-05 -3.8602645
v 0.92562366 -6.324767E-05 -3.8602645
v 0.92562366 0.4512966 -4.1393166
v 0.92562366 0.4512966 -3.8602645
v 0.92562366 -6.324767E-05 -3.8602645
v 0.92562366 -6.324767E-05 -4.1393166
v 0.6747186 3.7965703 -4.4335017
v -0.002000122 3.8000515 -4.4335017
v -0.002000122 3.8000515 -4.1393166
v 0.6747186 3.7965703 -4.1393166
v 0.8616772 3.66537 -4.1393166
v 0.8616772 3.66537 -4.4335017
v 0.9561581 3.4570098 -4.1393166
v 0.8616772 3.66537 -4.4335017
v 0.8616772 3.66537 -4.1393166
v 0.9561581 3.4570098 -4.4335017
v 0.95710725 0.45110178 -4.1393166
v 0.95710725 0.45110178 -4.433501
v 0.95710725 -6.324767E-05 -4.1393166
v 0.95710725 -6.324767E-05 -4.433501
v 0.6660469 3.7685473 -4.4335017
v 0.0005014038 3.7685473 -4.4335017
v -0.002000122 3.8000515 -4.4335017
v 0.6747186 3.7965703 -4.4335017
v 0.8369623 3.6475863 -4.4335017
v 0.8616772 3.66537 -4.4335017
v 0.92562366 3.4516919 -4.4335017
v 0.9561581 3.4570098 -4.4335017
v 0.92562366 0.4512966 -4.433501
v 0.95710725 0.45110178 -4.433501
v 0.92562366 0.4512966 -4.433501
v 0.95710725 0.45110178 -4.433501
v 0.95710725 -6.324767E-05 -4.433501
v 0.92562366 -6.324767E-05 -4.433501
v -0.93326473 3.7965703 -4.4335017
v 0.0030028436 3.8000515 -4.1393166
v 0.0030028436 3.8000515 -4.4335017
v -0.93326473 3.7965703 -4.1393166
v -1.1202233 3.66537 -4.1393166
v -1.1202233 3.66537 -4.4335017
v -1.2147043 3.4570098 -4.1393166
v -1.1202233 3.66537 -4.1393166
v -1.1202233 3.66537 -4.4335017
v -1.2147043 3.4570098 -4.4335017
v -1.2156534 0.45110178 -4.1393166
v -1.2156534 0.45110178 -4.433501
v -1.2156532 -6.324767E-05 -4.1393166
v -1.2156532 -6.324767E-05 -4.433501
v -0.92459285 3.7685473 -4.4335017
v 0.0030028436 3.8000515 -4.4335017
v 0.0005014801 3.7685473 -4.4335017
v -0.93326473 3.7965703 -4.4335017
v -1.0955085 3.6475863 -4.4335017
v -1.1202233 3.66537 -4.4335017
v -1.1841701 3.4516919 -4.4335017
v -1.2147043 3.4570098 -4.4335017
v -1.1841701 0.4512966 -4.433501
v -1.2156534 0.45110178 -4.433501
v -1.1841701 0.4512966 -4.433501
v -1.1841701 -6.324767E-05 -4.433501
v -1.2156532 -6.324767E-05 -4.433501
v -1.2156534 0.45110178 -4.433501
v -1.7170855 0.4512964 -3.1998165
v -1.3862506 0.4512964 -3.1998165
v -1.3862506 0.4512964 -2.8690875
v -1.7170855 0.4512964 -2.875459
v -1.3862628 0.09655517 -3.290281
v -1.3862628 -6.347655E-05 -3.290281
v -1.3862506 -2.4414062E-06 -2.875459
v -1.3862506 0.4512964 -2.8690875
v -1.3862506 0.4512964 -3.1998165
v 1.7170862 0.4512964 -3.1998162
v 1.7170862 0.45325133 -2.870088
v 1.3862512 0.45325133 -2.870088
v 1.3862414 0.4512964 -3.1998162
v 1.3862512 -3.0541419E-06 -2.870088
v 1.386253 -6.347655E-05 -3.1998162
v 1.386253 0.09655517 -3.1998162
v 1.3862512 0.45325133 -2.870088
v 1.3862414 0.4512964 -3.1998162
v -1.7170855 0.4512964 -1.1237408
v -1.7170855 0.4512964 -1.4437277
v -1.3862408 0.4512964 -1.4544699
v -1.3862408 0.4512964 -1.1237408
v -1.3862408 -2.4414062E-06 -1.4544699
v -1.3862524 -6.347655E-05 -1.0332763
v -1.3862524 0.09655517 -1.0332763
v -1.3862408 0.4512964 -1.4544699
v -1.3862408 0.4512964 -1.1237408
v -1.5185107 0.0966748 -1.0333011
v -1.5185107 0.4512964 -1.1237408
v -1.3862408 0.4512964 -1.1237408
v -1.3862524 0.09655517 -1.0332763
v -1.5185107 0.0966748 -1.0333011
v -1.3862524 0.09655517 -1.0332763
v -1.3862524 -6.347655E-05 -1.0332763
v -1.5185107 5.615234E-05 -1.0333011
v -1.4073045 2.961181 -1.1874003
v -1.4073045 0.4512964 -1.4329855
v -1.4073045 0.4512964 -1.1874003
v -1.4073045 2.9135637 -1.4329855
v -1.4073045 3.2171764 -1.3122952
v -1.4073045 3.0694492 -1.50774
v -1.4073045 3.3862984 -1.5469781
v -1.4073045 3.1657052 -1.6414952
v -1.4073045 3.3862984 -2.7829504
v -1.4073045 3.1657052 -2.6884334
v -1.4073045 3.0694492 -2.8221886
v -1.4073045 3.2042248 -3.030099
v -1.4073045 2.9135637 -2.8915722
v -1.4073045 2.961181 -3.142528
v -1.4073045 0.4512964 -2.8915722
v -1.4073045 0.4512964 -3.142528
v -1.4073045 2.961181 -1.1874003
v -1.4073045 0.4512964 -1.1874003
v -1.5185107 0.4512964 -1.1874003
v -1.5185107 2.961181 -1.1874003
v -1.4073045 3.2171764 -1.3122952
v -1.5185107 3.2171764 -1.3122952
v -1.5185107 3.2171764 -1.3122952
v -1.4073045 3.3862984 -1.5469781
v -1.4073045 3.2171764 -1.3122952
v -1.5185107 3.3862984 -1.5469781
v -1.5185107 3.3862984 -2.7829504
v -1.4073045 3.3862984 -2.7829504
v -1.5185107 3.2042248 -3.030099
v -1.4073045 3.2042248 -3.030099
v 1.7170862 0.4512964 -1.1237408
v 1.3862512 0.4512964 -1.1237408
v 1.3862512 0.45325133 -1.4490991
v 1.7170862 0.45325133 -1.4490991
v 1.3862634 0.09655517 -1.1237408
v 1.3862634 -6.347655E-05 -1.1237408
v 1.3862512 -3.0541419E-06 -1.4490991
v 1.3862512 0.45325133 -1.4490991
v 1.3862512 0.4512964 -1.1237408
v 1.5185217 0.0966748 -1.1237408
v 1.3862634 0.09655517 -1.1237408
v 1.3862512 0.4512964 -1.1237408
v 1.5185217 0.4512964 -1.1237408
v 1.5185217 5.615234E-05 -1.1237408
v 1.3862634 -6.347655E-05 -1.1237408
v 1.3862634 0.09655517 -1.1237408
v 1.4073156 2.961181 -1.1874003
v 1.4073156 0.4512964 -1.1874003
v 1.4073156 0.4512964 -1.4329855
v 1.4073156 2.9135637 -1.4329855
v 1.4073156 3.2171764 -1.3122952
v 1.4073156 3.0694492 -1.50774
v 1.4073156 3.3862984 -1.5469781
v 1.4073156 3.1657052 -1.6414952
v 1.4073156 3.3862984 -2.7829504
v 1.4073156 3.165705 -2.6830628
v 1.4073156 3.0694475 -2.8168178
v 1.4073156 3.2042248 -3.030099
v 1.4073156 2.9135637 -2.8915722
v 1.4073156 2.961181 -3.142528
v 1.4073156 0.4512964 -2.8915722
v 1.4073156 0.4512964 -3.142528
v 1.4073156 2.961181 -1.1874003
v 1.5185217 0.4512964 -1.1874003
v 1.4073156 0.4512964 -1.1874003
v 1.5185217 2.961181 -1.1874003
v 1.4073156 3.2171764 -1.3122952
v 1.5185217 3.2171762 -1.3122952
v 1.5185217 3.2171762 -1.3122952
v 1.4073156 3.2171764 -1.3122952
v 1.4073156 3.3862984 -1.5469781
v 1.5185217 3.3862984 -1.5469781
v 1.5185217 3.3862984 -2.7829504
v 1.4073156 3.3862984 -2.7829504
v 1.5185217 3.2042248 -3.030099
v 1.4073156 3.2042248 -3.030099
v -1.6105199 1.3099859E-15 -4.1616116
v 1.6105205 1.3099856E-15 -4.1616116
v 1.6105205 -6.407269E-17 -4.0162487
v -1.6105199 -6.407269E-17 -4.0162487
v -1.5185205 5.432161E-15 -4.0162487
v 0.07935205 5.4321608E-15 -4.0162487
v 0.07935205 2.6840441E-15 -2.0081244
v -1.5185205 2.6840443E-15 -2.0081244
v 0.07935205 -6.407269E-17 0
v -1.5185205 -6.407269E-17 0
v 0.07935205 2.6840441E-15 -2.0081244
v 1.5185314 -6.407269E-17 0
v 0.07935205 -6.407269E-17 0
v 1.5185314 2.6840441E-15 -2.0081244
v 0.07935205 5.4321608E-15 -4.0162487
v 1.5185314 5.4321608E-15 -4.0162487
v -0.99938583 0.01447813 -2.899069
v -0.99938583 0.01447813 -3.2646098
v 1.0414728 0.01447813 -3.2646098
v 1.0414728 0.01447813 -2.899069
v -0.99938583 0.01447813 -2.3602319
v -0.99938583 0.01447813 -2.7257726
v 1.0414728 0.01447813 -2.7257726
v 1.0414728 0.01447813 -2.3602319
v -0.99938583 0.01447813 -1.8213943
v -0.99938583 0.01447813 -2.1869352
v 1.0414728 0.01447813 -2.1869352
v 1.0414728 0.01447813 -1.8213943
v -0.99938583 0.01447813 -1.2825569
v -0.99938583 0.01447813 -1.6480976
v 1.0414728 0.01447813 -1.6480976
v 1.0414728 0.01447813 -1.2825569
v -0.99938583 0.01447813 -0.74371946
v -0.99938583 0.01447813 -1.1092602
v 1.0414728 0.01447813 -1.1092602
v 1.0414728 0.01447813 -0.74371946
v 1.5185217 2.0480876 -4.0162487
v 1.5185217 1.9982147 -4.0162487
v 1.0253413 1.9965779 -4.0162487
v 1.5185217 2.0480876 -4.0162487
v 1.0253413 1.9965779 -4.0162487
v 1.0243145 2.0480876 -4.0162487
v 1.5185217 2.0480876 -4.0162487
v 1.5185217 1.9982147 -4.0162487
v 1.0253413 1.9965779 -4.0162487
v 1.5185217 2.0480876 -4.0162487
v 1.0253413 1.9965779 -4.0162487
v 1.0243145 2.0480876 -4.0162487
v 1.5185217 1.9982147 -4.0162487
v 1.5185263 0.442576 -4.0162487
v 1.0563179 0.442576 -4.0162487
v 1.5185217 1.9982147 -4.0162487
v 1.0563179 0.442576 -4.0162487
v 1.0253413 1.9965779 -4.0162487
v 1.5185217 1.9982147 -4.0162487
v 1.5185263 0.442576 -4.0162487
v 1.0563179 0.442576 -4.0162487
v 1.5185217 1.9982147 -4.0162487
v 1.0563179 0.442576 -4.0162487
v 1.0253413 1.9965779 -4.0162487
v 1.5185217 2.0480876 -4.0162487
v 1.0243145 2.0480876 -4.0162487
v 0.9895126 3.8847408 -4.0162487
v 1.5185217 5.6873846 -4.0162487
v -1.5185211 5.686873 -4.0162487
v -1.0190946 3.9018571 -4.0162487
v -1.0243145 2.0480876 -4.0162487
v -1.5185214 2.0480876 -4.0162487
v -1.5185214 2.0480876 -4.0162487
v -1.0243145 2.0480876 -4.0162487
v -1.0254769 1.9897707 -4.0162487
v -1.5185212 1.9881341 -4.0162487
v 1.518522 5.687384 -1.4047021E-16
v 1.5185217 2.0480876 -1.4831377E-16
v 1.5185217 2.0480878 -1.3080384
v 1.5185217 3.200276 -1.29367
v 1.5185217 3.2042248 -3.0040238
v 1.5185217 5.6873846 -4.0162487
v 1.5185217 2.0480878 -3.0186138
v 1.5185217 2.0480876 -4.0162487
v -1.5185205 0.4425759 -4.0162487
v -1.5185205 0.4425759 -3.0039358
v -1.5185211 1.988193 -3.00083
v -1.5185212 1.9881341 -4.0162487
v -1.5185211 5.686873 -4.0162487
v -1.5185214 2.0480876 -4.0162487
v -1.5185211 2.0480878 -3.0026443
v -1.5185211 3.2042248 -3.0040238
v -1.5185211 5.687384 -7.7214815E-17
v -1.5185211 3.202276 -1.29367
v -1.5185211 2.0480878 -1.2929116
v -1.5185211 2.0480876 -5.684585E-17
v 1.5185217 2.0480876 -1.4831377E-16
v 1.5185217 1.9984474 -1.4644122E-16
v 1.5185217 1.9983717 -1.3078573
v 1.5185217 2.0480878 -1.3080384
v 1.5185217 2.0480878 -3.0186138
v 1.5185217 1.9982727 -3.018119
v 1.5185217 1.9982147 -4.0162487
v 1.5185217 2.0480876 -4.0162487
v -1.5185211 2.0480878 -1.2929116
v -1.5185211 1.9882919 -1.2916468
v -1.5185211 1.9883668 -5.4731335E-17
v -1.5185211 2.0480876 -5.684585E-17
v -1.0254769 1.9897707 -4.0162487
v -1.0563179 0.442576 -4.0162487
v -1.5185205 0.4425759 -4.0162487
v -1.5185212 1.9881341 -4.0162487
v -1.5185211 1.988193 -3.00083
v -1.5185211 2.0480878 -3.0026443
v -1.5185214 2.0480876 -4.0162487
v -1.5185212 1.9881341 -4.0162487
v 1.5185217 1.9984474 -1.4644122E-16
v 1.5185263 0.4425759 1.5258789E-07
v 1.5185263 0.44262508 -1.3021923
v 1.5185217 1.9983717 -1.3078573
v 1.5185217 1.9982727 -3.018119
v 1.5185263 0.4425759 -3.0026648
v 1.5185263 0.442576 -4.0162487
v 1.5185217 1.9982147 -4.0162487
v -1.5185211 1.9882919 -1.2916468
v -1.5185205 0.4425759 -1.2978467
v -1.5185205 0.4425759 1.5258789E-07
v -1.5185211 1.9883668 -5.4731335E-17
v 1.5185308 -1.9213844E-06 -4.0162487
v 1.1851727 -2.618804E-06 -4.0162487
v 1.1851727 0.4425759 -4.0162487
v 1.5185263 0.442576 -4.0162487
v 1.5185308 -2.3771042E-06 -1.3021923
v 1.5185263 0.44262508 -1.3021923
v 1.5185263 0.4425759 1.5258789E-07
v 1.5185308 -2.618804E-06 3.0517575E-07
v 1.5185308 -1.9213844E-06 -4.0162487
v 1.5185263 0.442576 -4.0162487
v 1.5185263 0.4425759 -3.0026648
v 1.5185308 -2.0793202E-06 -3.0026648
v -1.5185199 -1.9213844E-06 -4.0162487
v -1.5185205 0.4425759 -4.0162487
v -1.2795361 0.4425759 -4.0162487
v -1.2795361 -2.618804E-06 -4.0162487
v -1.5185199 -2.3771042E-06 -1.3021923
v -1.5185199 -2.618804E-06 3.0517575E-07
v -1.5185205 0.4425759 1.5258789E-07
v -1.5185205 0.4425759 -1.2978467
v -1.5185199 -1.9213844E-06 -4.0162487
v -1.5185199 -2.0793202E-06 -3.0026648
v -1.5185205 0.4425759 -3.0039358
v -1.5185205 0.4425759 -4.0162487
v 1.5185217 5.6873846 -4.0162487
v -1.5185211 5.686873 -4.0162487
v -1.5185211 5.8658853 -4.0162487
v 1.5185217 5.8658853 -4.0162487
v 1.518522 5.687384 -1.4047021E-16
v 1.5185217 5.6873846 -4.0162487
v 1.5185217 5.8658853 -4.0162487
v 1.5185217 5.8658853 0
v -1.5185211 5.687384 -7.7214815E-17
v -1.5185211 5.8658853 0
v -1.5185211 5.8658853 -4.0162487
v -1.5185211 5.686873 -4.0162487
vt 0 0.4670653
vt 1 0.5209453
vt 1 0.538346
vt 0 0.48696628
vt 0 0.34915233
vt 0 0.3406898
vt 0.27916262 0.282255
vt 0.27916262 0.289277
vt 0.63187855 0.27961093
vt 0.63187855 0.29044622
vt 1 0.3491523
vt 1 0.33611414
vt 0 0.4670653
vt 1 0.5209453
vt 1 0.538346
vt 0 0.48696628
vt 0 0.34915233
vt 0 0.3406898
vt 0.27916262 0.282255
vt 0.27916262 0.289277
vt 0.63187855 0.27961093
vt 0.63187855 0.29044622
vt 1 0.3491523
vt 1 0.33611414
vt 0.73314804 0.68305063
vt 0.73314804 0.7257263
vt 0.73741674 0.7257263
vt 0.73314804 0.68305063
vt 0.73314804 0.7257263
vt 0.73741674 0.7257263
vt 0.73314804 0.68305063
vt 0.73314804 0.7257263
vt 0.73741674 0.7257263
vt 0.73314804 0.68305063
vt 0.73314804 0.7257263
vt 0.73741674 0.7257263
vt 0.73314804 0.68305063
vt 0.73314804 0.7257263
vt 0.73741674 0.7257263
vt 0.73314804 0.68305063
vt 0.73314804 0.7257263
vt 0.73741674 0.7257263
vt 0.73314804 0.68305063
vt 0.73314804 0.7257263
vt 0.73741674 0.7257263
vt 0.73314804 0.68305063
vt 0.73314804 0.7257263
vt 0.73741674 0.7257263
vt 0.73314804 0.68305063
vt 0.73314804 0.7257263
vt 0.73741674 0.7257263
vt 0.73314804 0.5258256
vt 0.73741674 0.63988626
vt 0.73314804 0.63988626
vt 0.73741674 0.5258256
vt 0.7416854 0.63988626
vt 0.7416854 0.5258256
vt 0.74595416 0.63988626
vt 0.74595416 0.5258256
vt 0.74595416 0.5258256
vt 0.75022286 0.63988626
vt 0.74595416 0.63988626
vt 0.75022286 0.5258256
vt 0.75449157 0.63988626
vt 0.75449157 0.5258256
vt 0.75876033 0.63988626
vt 0.75876033 0.5258256
vt 0.763029 0.63988626
vt 0.763029 0.5258256
vt 0.7672977 0.63988626
vt 0.7672977 0.5258256
vt 0.7715664 0.63988626
vt 0.7715664 0.5258256
vt 0.7715664 0.5258256
vt 0.7758351 0.5258256
vt 0.7758351 0.63988626
vt 0.7715664 0.63988626
vt 0.41873765 0.4776169
vt 0.38563448 0.39862296
vt 0.4181714 0.39862296
vt 0.38607773 0.47761688
vt 0.35555798 0.39862296
vt 0.35560885 0.47761688
vt 0.3253979 0.39862296
vt 0.3253903 0.47761694
vt 0.29523245 0.39862296
vt 0.2952236 0.47761694
vt 0.26507792 0.39862296
vt 0.26509708 0.47761694
vt 0.23489402 0.39862293
vt 0.23491506 0.47761694
vt 0.20474562 0.39862296
vt 0.20475043 0.477617
vt 0.1745838 0.39862296
vt 0.1745063 0.47761694
vt 0.1446253 0.39862296
vt 0.14414465 0.47761694
vt 0.11250091 0.39862296
vt 0.11195362 0.47761694
vt 0.73314804 0.68305063
vt 0.73741674 0.7257263
vt 0.73741674 0.68305063
vt 0.7416854 0.7257263
vt 0.7416854 0.68305063
vt 0.74595416 0.7257263
vt 0.74595416 0.68305063
vt 0.75022286 0.7257263
vt 0.75022286 0.68305063
vt 0.75449157 0.7257263
vt 0.75022286 0.68305063
vt 0.75449157 0.7257263
vt 0.75449157 0.68305063
vt 0.75876033 0.7257263
vt 0.75876033 0.68305063
vt 0.763029 0.7257263
vt 0.763029 0.68305063
vt 0.7672977 0.7257263
vt 0.7672977 0.68305063
vt 0.7672977 0.68305063
vt 0.7672977 0.7257263
vt 0.7715664 0.7257263
vt 0.7715664 0.68305063
vt 0.7758351 0.7257263
vt 0.7758351 0.68305063
vt 0.73314804 0.5258256
vt 0.73314804 0.63988626
vt 0.73741674 0.63988626
vt 0.73741674 0.5258256
vt 0.7416854 0.63988626
vt 0.7416854 0.5258256
vt 0.74595416 0.63988626
vt 0.74595416 0.5258256
vt 0.75022286 0.63988626
vt 0.75022286 0.5258256
vt 0.75449157 0.63988626
vt 0.75449157 0.5258256
vt 0.75449157 0.5258256
vt 0.75449157 0.63988626
vt 0.75876033 0.63988626
vt 0.75876033 0.5258256
vt 0.763029 0.63988626
vt 0.763029 0.5258256
vt 0.7672977 0.63988626
vt 0.7672977 0.5258256
vt 0.7715664 0.63988626
vt 0.7715664 0.5258256
vt 0.7758351 0.63988626
vt 0.7758351 0.5258256
vt 0.41873765 0.4776169
vt 0.4181714 0.39862296
vt 0.38563448 0.39862296
vt 0.38607773 0.47761688
vt 0.35555798 0.39862296
vt 0.35560885 0.47761688
vt 0.3253979 0.39862296
vt 0.3253903 0.47761694
vt 0.29523245 0.39862296
vt 0.2952236 0.47761694
vt 0.26507792 0.39862296
vt 0.26509708 0.47761694
vt 0.23489402 0.39862293
vt 0.23491506 0.47761694
vt 0.20474562 0.39862296
vt 0.20475043 0.477617
vt 0.1745838 0.39862296
vt 0.1745063 0.47761694
vt 0.1446253 0.39862296
vt 0.14414465 0.47761694
vt 0.11250091 0.39862296
vt 0.11195362 0.47761694
vt 0.73314804 0.68305063
vt 0.73741674 0.7257263
vt 0.73314804 0.7257263
vt 0.73741674 0.68305063
vt 0.7416854 0.7257263
vt 0.7416854 0.68305063
vt 0.74595416 0.7257263
vt 0.74595416 0.68305063
vt 0.74595416 0.68305063
vt 0.75022286 0.7257263
vt 0.74595416 0.7257263
vt 0.75022286 0.68305063
vt 0.75449157 0.7257263
vt 0.75449157 0.68305063
vt 0.75876033 0.7257263
vt 0.75876033 0.68305063
vt 0.763029 0.7257263
vt 0.763029 0.68305063
vt 0.763029 0.68305063
vt 0.7672977 0.7257263
vt 0.763029 0.7257263
vt 0.7672977 0.68305063
vt 0.7715664 0.7257263
vt 0.7715664 0.68305063
vt 0.7758351 0.7257263
vt 0.7758351 0.68305063
vt 0.73314804 0.5258256
vt 0.73741674 0.63988626
vt 0.73314804 0.63988626
vt 0.73741674 0.5258256
vt 0.7416854 0.63988626
vt 0.7416854 0.5258256
vt 0.74595416 0.63988626
vt 0.74595416 0.5258256
vt 0.74595416 0.5258256
vt 0.75022286 0.63988626
vt 0.74595416 0.63988626
vt 0.75022286 0.5258256
vt 0.75449157 0.63988626
vt 0.75449157 0.5258256
vt 0.75876033 0.63988626
vt 0.75876033 0.5258256
vt 0.763029 0.63988626
vt 0.763029 0.5258256
vt 0.7672977 0.63988626
vt 0.7672977 0.5258256
vt 0.7715664 0.63988626
vt 0.7715664 0.5258256
vt 0.7715664 0.5258256
vt 0.7758351 0.5258256
vt 0.7758351 0.63988626
vt 0.7715664 0.63988626
vt 0.41873765 0.4776169
vt 0.38563448 0.39862296
vt 0.4181714 0.39862296
vt 0.38607773 0.47761688
vt 0.35555798 0.39862296
vt 0.35560885 0.47761688
vt 0.3253979 0.39862296
vt 0.3253903 0.47761694
vt 0.29523245 0.39862296
vt 0.2952236 0.47761694
vt 0.26507792 0.39862296
vt 0.26509708 0.47761694
vt 0.23489402 0.39862293
vt 0.23491506 0.47761694
vt 0.20474562 0.39862296
vt 0.20475043 0.477617
vt 0.1745838 0.39862296
vt 0.1745063 0.47761694
vt 0.1446253 0.39862296
vt 0.14414465 0.47761694
vt 0.11250091 0.39862296
vt 0.11195362 0.47761694
vt 0.73314804 0.68305063
vt 0.73741674 0.7257263
vt 0.73741674 0.68305063
vt 0.7416854 0.7257263
vt 0.7416854 0.68305063
vt 0.74595416 0.7257263
vt 0.74595416 0.68305063
vt 0.75022286 0.7257263
vt 0.75022286 0.68305063
vt 0.75449157 0.7257263
vt 0.75022286 0.68305063
vt 0.75449157 0.7257263
vt 0.75449157 0.68305063
vt 0.75876033 0.7257263
vt 0.75876033 0.68305063
vt 0.763029 0.7257263
vt 0.763029 0.68305063
vt 0.7672977 0.7257263
vt 0.7672977 0.68305063
vt 0.7672977 0.68305063
vt 0.7672977 0.7257263
vt 0.7715664 0.7257263
vt 0.7715664 0.68305063
vt 0.7758351 0.7257263
vt 0.7758351 0.68305063
vt 0.73314804 0.5258256
vt 0.73314804 0.63988626
vt 0.73741674 0.63988626
vt 0.73741674 0.5258256
vt 0.7416854 0.63988626
vt 0.7416854 0.5258256
vt 0.74595416 0.63988626
vt 0.74595416 0.5258256
vt 0.75022286 0.63988626
vt 0.75022286 0.5258256
vt 0.75449157 0.63988626
vt 0.75449157 0.5258256
vt 0.75449157 0.5258256
vt 0.75449157 0.63988626
vt 0.75876033 0.63988626
vt 0.75876033 0.5258256
vt 0.763029 0.63988626
vt 0.763029 0.5258256
vt 0.7672977 0.63988626
vt 0.7672977 0.5258256
vt 0.7715664 0.63988626
vt 0.7715664 0.5258256
vt 0.7758351 0.63988626
vt 0.7758351 0.5258256
vt 0.41873765 0.4776169
vt 0.4181714 0.39862296
vt 0.38563448 0.39862296
vt 0.38607773 0.47761688
vt 0.35555798 0.39862296
vt 0.35560885 0.47761688
vt 0.3253979 0.39862296
vt 0.3253903 0.47761694
vt 0.29523245 0.39862296
vt 0.2952236 0.47761694
vt 0.26507792 0.39862296
vt 0.26509708 0.47761694
vt 0.23489402 0.39862293
vt 0.23491506 0.47761694
vt 0.20474562 0.39862296
vt 0.20475043 0.477617
vt 0.1745838 0.39862296
vt 0.1745063 0.47761694
vt 0.1446253 0.39862296
vt 0.14414465 0.47761694
vt 0.11250091 0.39862296
vt 0.11195362 0.47761694
vt 0.73314804 0.68305063
vt 0.73741674 0.7257263
vt 0.73314804 0.7257263
vt 0.73741674 0.68305063
vt 0.7416854 0.7257263
vt 0.7416854 0.68305063
vt 0.74595416 0.7257263
vt 0.74595416 0.68305063
vt 0.74595416 0.68305063
vt 0.75022286 0.7257263
vt 0.74595416 0.7257263
vt 0.75022286 0.68305063
vt 0.75449157 0.7257263
vt 0.75449157 0.68305063
vt 0.75876033 0.7257263
vt 0.75876033 0.68305063
vt 0.763029 0.7257263
vt 0.763029 0.68305063
vt 0.763029 0.68305063
vt 0.7672977 0.7257263
vt 0.763029 0.7257263
vt 0.7672977 0.68305063
vt 0.7715664 0.7257263
vt 0.7715664 0.68305063
vt 0.7758351 0.7257263
vt 0.7758351 0.68305063
vt 0.73314804 0.5258256
vt 0.73741674 0.63988626
vt 0.73314804 0.63988626
vt 0.73741674 0.5258256
vt 0.7416854 0.63988626
vt 0.7416854 0.5258256
vt 0.74595416 0.63988626
vt 0.74595416 0.5258256
vt 0.74595416 0.5258256
vt 0.75022286 0.63988626
vt 0.74595416 0.63988626
vt 0.75022286 0.5258256
vt 0.75449157 0.63988626
vt 0.75449157 0.5258256
vt 0.75876033 0.63988626
vt 0.75876033 0.5258256
vt 0.763029 0.63988626
vt 0.763029 0.5258256
vt 0.7672977 0.63988626
vt 0.7672977 0.5258256
vt 0.7715664 0.63988626
vt 0.7715664 0.5258256
vt 0.7715664 0.5258256
vt 0.7758351 0.5258256
vt 0.7758351 0.63988626
vt 0.7715664 0.63988626
vt 0.41873765 0.4776169
vt 0.38563448 0.39862296
vt 0.4181714 0.39862296
vt 0.38607773 0.47761688
vt 0.35555798 0.39862296
vt 0.35560885 0.47761688
vt 0.3253979 0.39862296
vt 0.3253903 0.47761694
vt 0.29523245 0.39862296
vt 0.2952236 0.47761694
vt 0.26507792 0.39862296
vt 0.26509708 0.47761694
vt 0.23489402 0.39862293
vt 0.23491506 0.47761694
vt 0.20474562 0.39862296
vt 0.20475043 0.477617
vt 0.1745838 0.39862296
vt 0.1745063 0.47761694
vt 0.1446253 0.39862296
vt 0.14414465 0.47761694
vt 0.11250091 0.39862296
vt 0.11195362 0.47761694
vt 0.73314804 0.68305063
vt 0.73741674 0.7257263
vt 0.73741674 0.68305063
vt 0.7416854 0.7257263
vt 0.7416854 0.68305063
vt 0.74595416 0.7257263
vt 0.74595416 0.68305063
vt 0.75022286 0.7257263
vt 0.75022286 0.68305063
vt 0.75449157 0.7257263
vt 0.75022286 0.68305063
vt 0.75449157 0.7257263
vt 0.75449157 0.68305063
vt 0.75876033 0.7257263
vt 0.75876033 0.68305063
vt 0.763029 0.7257263
vt 0.763029 0.68305063
vt 0.7672977 0.7257263
vt 0.7672977 0.68305063
vt 0.7672977 0.68305063
vt 0.7672977 0.7257263
vt 0.7715664 0.7257263
vt 0.7715664 0.68305063
vt 0.7758351 0.7257263
vt 0.7758351 0.68305063
vt 0.73314804 0.5258256
vt 0.73314804 0.63988626
vt 0.73741674 0.63988626
vt 0.73741674 0.5258256
vt 0.7416854 0.63988626
vt 0.7416854 0.5258256
vt 0.74595416 0.63988626
vt 0.74595416 0.5258256
vt 0.75022286 0.63988626
vt 0.75022286 0.5258256
vt 0.75449157 0.63988626
vt 0.75449157 0.5258256
vt 0.75449157 0.5258256
vt 0.75449157 0.63988626
vt 0.75876033 0.63988626
vt 0.75876033 0.5258256
vt 0.763029 0.63988626
vt 0.763029 0.5258256
vt 0.7672977 0.63988626
vt 0.7672977 0.5258256
vt 0.7715664 0.63988626
vt 0.7715664 0.5258256
vt 0.7758351 0.63988626
vt 0.7758351 0.5258256
vt 0.41873765 0.4776169
vt 0.4181714 0.39862296
vt 0.38563448 0.39862296
vt 0.38607773 0.47761688
vt 0.35555798 0.39862296
vt 0.35560885 0.47761688
vt 0.3253979 0.39862296
vt 0.3253903 0.47761694
vt 0.29523245 0.39862296
vt 0.2952236 0.47761694
vt 0.26507792 0.39862296
vt 0.26509708 0.47761694
vt 0.23489402 0.39862293
vt 0.23491506 0.47761694
vt 0.20474562 0.39862296
vt 0.20475043 0.477617
vt 0.1745838 0.39862296
vt 0.1745063 0.47761694
vt 0.1446253 0.39862296
vt 0.14414465 0.47761694
vt 0.11250091 0.39862296
vt 0.11195362 0.47761694
vt 0.73314804 0.68305063
vt 0.73741674 0.7257263
vt 0.73314804 0.7257263
vt 0.73741674 0.68305063
vt 0.7416854 0.7257263
vt 0.7416854 0.68305063
vt 0.74595416 0.7257263
vt 0.74595416 0.68305063
vt 0.74595416 0.68305063
vt 0.75022286 0.7257263
vt 0.74595416 0.7257263
vt 0.75022286 0.68305063
vt 0.75449157 0.7257263
vt 0.75449157 0.68305063
vt 0.75876033 0.7257263
vt 0.75876033 0.68305063
vt 0.763029 0.7257263
vt 0.763029 0.68305063
vt 0.763029 0.68305063
vt 0.7672977 0.7257263
vt 0.763029 0.7257263
vt 0.7672977 0.68305063
vt 0.7715664 0.7257263
vt 0.7715664 0.68305063
vt 0.7758351 0.7257263
vt 0.7758351 0.68305063
vt 0.73314804 0.5258256
vt 0.73741674 0.63988626
vt 0.73314804 0.63988626
vt 0.73741674 0.5258256
vt 0.7416854 0.63988626
vt 0.7416854 0.5258256
vt 0.74595416 0.63988626
vt 0.74595416 0.5258256
vt 0.74595416 0.5258256
vt 0.75022286 0.63988626
vt 0.74595416 0.63988626
vt 0.75022286 0.5258256
vt 0.75449157 0.63988626
vt 0.75449157 0.5258256
vt 0.75876033 0.63988626
vt 0.75876033 0.5258256
vt 0.763029 0.63988626
vt 0.763029 0.5258256
vt 0.7672977 0.63988626
vt 0.7672977 0.5258256
vt 0.7715664 0.63988626
vt 0.7715664 0.5258256
vt 0.7715664 0.5258256
vt 0.7758351 0.5258256
vt 0.7758351 0.63988626
vt 0.7715664 0.63988626
vt 0.41873765 0.4776169
vt 0.38563448 0.39862296
vt 0.4181714 0.39862296
vt 0.38607773 0.47761688
vt 0.35555798 0.39862296
vt 0.35560885 0.47761688
vt 0.3253979 0.39862296
vt 0.3253903 0.47761694
vt 0.29523245 0.39862296
vt 0.2952236 0.47761694
vt 0.26507792 0.39862296
vt 0.26509708 0.47761694
vt 0.23489402 0.39862293
vt 0.23491506 0.47761694
vt 0.20474562 0.39862296
vt 0.20475043 0.477617
vt 0.1745838 0.39862296
vt 0.1745063 0.47761694
vt 0.1446253 0.39862296
vt 0.14414465 0.47761694
vt 0.11250091 0.39862296
vt 0.11195362 0.47761694
vt 0.73314804 0.68305063
vt 0.73741674 0.7257263
vt 0.73741674 0.68305063
vt 0.7416854 0.7257263
vt 0.7416854 0.68305063
vt 0.74595416 0.7257263
vt 0.74595416 0.68305063
vt 0.75022286 0.7257263
vt 0.75022286 0.68305063
vt 0.75449157 0.7257263
vt 0.75022286 0.68305063
vt 0.75449157 0.7257263
vt 0.75449157 0.68305063
vt 0.75876033 0.7257263
vt 0.75876033 0.68305063
vt 0.763029 0.7257263
vt 0.763029 0.68305063
vt 0.7672977 0.7257263
vt 0.7672977 0.68305063
vt 0.7672977 0.68305063
vt 0.7672977 0.7257263
vt 0.7715664 0.7257263
vt 0.7715664 0.68305063
vt 0.7758351 0.7257263
vt 0.7758351 0.68305063
vt 0.73314804 0.5258256
vt 0.73314804 0.63988626
vt 0.73741674 0.63988626
vt 0.73741674 0.5258256
vt 0.7416854 0.63988626
vt 0.7416854 0.5258256
vt 0.74595416 0.63988626
vt 0.74595416 0.5258256
vt 0.75022286 0.63988626
vt 0.75022286 0.5258256
vt 0.75449157 0.63988626
vt 0.75449157 0.5258256
vt 0.75449157 0.5258256
vt 0.75449157 0.63988626
vt 0.75876033 0.63988626
vt 0.75876033 0.5258256
vt 0.763029 0.63988626
vt 0.763029 0.5258256
vt 0.7672977 0.63988626
vt 0.7672977 0.5258256
vt 0.7715664 0.63988626
vt 0.7715664 0.5258256
vt 0.7758351 0.63988626
vt 0.7758351 0.5258256
vt 0.41873765 0.4776169
vt 0.4181714 0.39862296
vt 0.38563448 0.39862296
vt 0.38607773 0.47761688
vt 0.35555798 0.39862296
vt 0.35560885 0.47761688
vt 0.3253979 0.39862296
vt 0.3253903 0.47761694
vt 0.29523245 0.39862296
vt 0.2952236 0.47761694
vt 0.26507792 0.39862296
vt 0.26509708 0.47761694
vt 0.23489402 0.39862293
vt 0.23491506 0.47761694
vt 0.20474562 0.39862296
vt 0.20475043 0.477617
vt 0.1745838 0.39862296
vt 0.1745063 0.47761694
vt 0.1446253 0.39862296
vt 0.14414465 0.47761694
vt 0.11250091 0.39862296
vt 0.11195362 0.47761694
vt 0.73314804 0.68305063
vt 0.73741674 0.7257263
vt 0.73314804 0.7257263
vt 0.73741674 0.68305063
vt 0.7416854 0.7257263
vt 0.7416854 0.68305063
vt 0.74595416 0.7257263
vt 0.74595416 0.68305063
vt 0.74595416 0.68305063
vt 0.75022286 0.7257263
vt 0.74595416 0.7257263
vt 0.75022286 0.68305063
vt 0.75449157 0.7257263
vt 0.75449157 0.68305063
vt 0.75876033 0.7257263
vt 0.75876033 0.68305063
vt 0.763029 0.7257263
vt 0.763029 0.68305063
vt 0.763029 0.68305063
vt 0.7672977 0.7257263
vt 0.763029 0.7257263
vt 0.7672977 0.68305063
vt 0.7715664 0.7257263
vt 0.7715664 0.68305063
vt 0.7758351 0.7257263
vt 0.7758351 0.68305063
vt 0.73314804 0.5258256
vt 0.73741674 0.63988626
vt 0.73314804 0.63988626
vt 0.73741674 0.5258256
vt 0.7416854 0.63988626
vt 0.7416854 0.5258256
vt 0.74595416 0.63988626
vt 0.74595416 0.5258256
vt 0.74595416 0.5258256
vt 0.75022286 0.63988626
vt 0.74595416 0.63988626
vt 0.75022286 0.5258256
vt 0.75449157 0.63988626
vt 0.75449157 0.5258256
vt 0.75876033 0.63988626
vt 0.75876033 0.5258256
vt 0.763029 0.63988626
vt 0.763029 0.5258256
vt 0.7672977 0.63988626
vt 0.7672977 0.5258256
vt 0.7715664 0.63988626
vt 0.7715664 0.5258256
vt 0.7715664 0.5258256
vt 0.7758351 0.5258256
vt 0.7758351 0.63988626
vt 0.7715664 0.63988626
vt 0.41873765 0.4776169
vt 0.38563448 0.39862296
vt 0.4181714 0.39862296
vt 0.38607773 0.47761688
vt 0.35555798 0.39862296
vt 0.35560885 0.47761688
vt 0.3253979 0.39862296
vt 0.3253903 0.47761694
vt 0.29523245 0.39862296
vt 0.2952236 0.47761694
vt 0.26507792 0.39862296
vt 0.26509708 0.47761694
vt 0.23489402 0.39862293
vt 0.23491506 0.47761694
vt 0.20474562 0.39862296
vt 0.20475043 0.477617
vt 0.1745838 0.39862296
vt 0.1745063 0.47761694
vt 0.1446253 0.39862296
vt 0.14414465 0.47761694
vt 0.11250091 0.39862296
vt 0.11195362 0.47761694
vt 0.73314804 0.68305063
vt 0.73741674 0.7257263
vt 0.73741674 0.68305063
vt 0.7416854 0.7257263
vt 0.7416854 0.68305063
vt 0.74595416 0.7257263
vt 0.74595416 0.68305063
vt 0.75022286 0.7257263
vt 0.75022286 0.68305063
vt 0.75449157 0.7257263
vt 0.75022286 0.68305063
vt 0.75449157 0.7257263
vt 0.75449157 0.68305063
vt 0.75876033 0.7257263
vt 0.75876033 0.68305063
vt 0.763029 0.7257263
vt 0.763029 0.68305063
vt 0.7672977 0.7257263
vt 0.7672977 0.68305063
vt 0.7672977 0.68305063
vt 0.7672977 0.7257263
vt 0.7715664 0.7257263
vt 0.7715664 0.68305063
vt 0.7758351 0.7257263
vt 0.7758351 0.68305063
vt 0.73314804 0.5258256
vt 0.73314804 0.63988626
vt 0.73741674 0.63988626
vt 0.73741674 0.5258256
vt 0.7416854 0.63988626
vt 0.7416854 0.5258256
vt 0.74595416 0.63988626
vt 0.74595416 0.5258256
vt 0.75022286 0.63988626
vt 0.75022286 0.5258256
vt 0.75449157 0.63988626
vt 0.75449157 0.5258256
vt 0.75449157 0.5258256
vt 0.75449157 0.63988626
vt 0.75876033 0.63988626
vt 0.75876033 0.5258256
vt 0.763029 0.63988626
vt 0.763029 0.5258256
vt 0.7672977 0.63988626
vt 0.7672977 0.5258256
vt 0.7715664 0.63988626
vt 0.7715664 0.5258256
vt 0.7758351 0.63988626
vt 0.7758351 0.5258256
vt 0.41873765 0.4776169
vt 0.4181714 0.39862296
vt 0.38563448 0.39862296
vt 0.38607773 0.47761688
vt 0.35555798 0.39862296
vt 0.35560885 0.47761688
vt 0.3253979 0.39862296
vt 0.3253903 0.47761694
vt 0.29523245 0.39862296
vt 0.2952236 0.47761694
vt 0.26507792 0.39862296
vt 0.26509708 0.47761694
vt 0.23489402 0.39862293
vt 0.23491506 0.47761694
vt 0.20474562 0.39862296
vt 0.20475043 0.477617
vt 0.1745838 0.39862296
vt 0.1745063 0.47761694
vt 0.1446253 0.39862296
vt 0.14414465 0.47761694
vt 0.11250091 0.39862296
vt 0.11195362 0.47761694
vt 0.73314804 0.68305063
vt 0.73741674 0.7257263
vt 0.73314804 0.7257263
vt 0.73741674 0.68305063
vt 0.7416854 0.7257263
vt 0.7416854 0.68305063
vt 0.74595416 0.7257263
vt 0.74595416 0.68305063
vt 0.74595416 0.68305063
vt 0.75022286 0.7257263
vt 0.74595416 0.7257263
vt 0.75022286 0.68305063
vt 0.75449157 0.7257263
vt 0.75449157 0.68305063
vt 0.75876033 0.7257263
vt 0.75876033 0.68305063
vt 0.763029 0.7257263
vt 0.763029 0.68305063
vt 0.763029 0.68305063
vt 0.7672977 0.7257263
vt 0.763029 0.7257263
vt 0.7672977 0.68305063
vt 0.7715664 0.7257263
vt 0.7715664 0.68305063
vt 0.7758351 0.7257263
vt 0.7758351 0.68305063
vt 0.73314804 0.5258256
vt 0.73741674 0.63988626
vt 0.73314804 0.63988626
vt 0.73741674 0.5258256
vt 0.7416854 0.63988626
vt 0.7416854 0.5258256
vt 0.74595416 0.63988626
vt 0.74595416 0.5258256
vt 0.74595416 0.5258256
vt 0.75022286 0.63988626
vt 0.74595416 0.63988626
vt 0.75022286 0.5258256
vt 0.75449157 0.63988626
vt 0.75449157 0.5258256
vt 0.75876033 0.63988626
vt 0.75876033 0.5258256
vt 0.763029 0.63988626
vt 0.763029 0.5258256
vt 0.7672977 0.63988626
vt 0.7672977 0.5258256
vt 0.7715664 0.63988626
vt 0.7715664 0.5258256
vt 0.7715664 0.5258256
vt 0.7758351 0.5258256
vt 0.7758351 0.63988626
vt 0.7715664 0.63988626
vt 0.41873765 0.4776169
vt 0.38563448 0.39862296
vt 0.4181714 0.39862296
vt 0.38607773 0.47761688
vt 0.35555798 0.39862296
vt 0.35560885 0.47761688
vt 0.3253979 0.39862296
vt 0.3253903 0.47761694
vt 0.29523245 0.39862296
vt 0.2952236 0.47761694
vt 0.26507792 0.39862296
vt 0.26509708 0.47761694
vt 0.23489402 0.39862293
vt 0.23491506 0.47761694
vt 0.20474562 0.39862296
vt 0.20475043 0.477617
vt 0.1745838 0.39862296
vt 0.1745063 0.47761694
vt 0.1446253 0.39862296
vt 0.14414465 0.47761694
vt 0.11250091 0.39862296
vt 0.11195362 0.47761694
vt 0.73314804 0.68305063
vt 0.73741674 0.7257263
vt 0.73741674 0.68305063
vt 0.7416854 0.7257263
vt 0.7416854 0.68305063
vt 0.74595416 0.7257263
vt 0.74595416 0.68305063
vt 0.75022286 0.7257263
vt 0.75022286 0.68305063
vt 0.75449157 0.7257263
vt 0.75022286 0.68305063
vt 0.75449157 0.7257263
vt 0.75449157 0.68305063
vt 0.75876033 0.7257263
vt 0.75876033 0.68305063
vt 0.763029 0.7257263
vt 0.763029 0.68305063
vt 0.7672977 0.7257263
vt 0.7672977 0.68305063
vt 0.7672977 0.68305063
vt 0.7672977 0.7257263
vt 0.7715664 0.7257263
vt 0.7715664 0.68305063
vt 0.7758351 0.7257263
vt 0.7758351 0.68305063
vt 0.73314804 0.5258256
vt 0.73314804 0.63988626
vt 0.73741674 0.63988626
vt 0.73741674 0.5258256
vt 0.7416854 0.63988626
vt 0.7416854 0.5258256
vt 0.74595416 0.63988626
vt 0.74595416 0.5258256
vt 0.75022286 0.63988626
vt 0.75022286 0.5258256
vt 0.75449157 0.63988626
vt 0.75449157 0.5258256
vt 0.75449157 0.5258256
vt 0.75449157 0.63988626
vt 0.75876033 0.63988626
vt 0.75876033 0.5258256
vt 0.763029 0.63988626
vt 0.763029 0.5258256
vt 0.7672977 0.63988626
vt 0.7672977 0.5258256
vt 0.7715664 0.63988626
vt 0.7715664 0.5258256
vt 0.7758351 0.63988626
vt 0.7758351 0.5258256
vt 0.41873765 0.4776169
vt 0.4181714 0.39862296
vt 0.38563448 0.39862296
vt 0.38607773 0.47761688
vt 0.35555798 0.39862296
vt 0.35560885 0.47761688
vt 0.3253979 0.39862296
vt 0.3253903 0.47761694
vt 0.29523245 0.39862296
vt 0.2952236 0.47761694
vt 0.26507792 0.39862296
vt 0.26509708 0.47761694
vt 0.23489402 0.39862293
vt 0.23491506 0.47761694
vt 0.20474562 0.39862296
vt 0.20475043 0.477617
vt 0.1745838 0.39862296
vt 0.1745063 0.47761694
vt 0.1446253 0.39862296
vt 0.14414465 0.47761694
vt 0.11250091 0.39862296
vt 0.11195362 0.47761694
vt 0.73314804 0.68305063
vt 0.73741674 0.7257263
vt 0.73314804 0.7257263
vt 0.73741674 0.68305063
vt 0.7416854 0.7257263
vt 0.7416854 0.68305063
vt 0.74595416 0.7257263
vt 0.74595416 0.68305063
vt 0.74595416 0.68305063
vt 0.75022286 0.7257263
vt 0.74595416 0.7257263
vt 0.75022286 0.68305063
vt 0.75449157 0.7257263
vt 0.75449157 0.68305063
vt 0.75876033 0.7257263
vt 0.75876033 0.68305063
vt 0.763029 0.7257263
vt 0.763029 0.68305063
vt 0.763029 0.68305063
vt 0.7672977 0.7257263
vt 0.763029 0.7257263
vt 0.7672977 0.68305063
vt 0.7715664 0.7257263
vt 0.7715664 0.68305063
vt 0.7758351 0.7257263
vt 0.7758351 0.68305063
vt 0.73314804 0.5258256
vt 0.73741674 0.63988626
vt 0.73314804 0.63988626
vt 0.73741674 0.5258256
vt 0.7416854 0.63988626
vt 0.7416854 0.5258256
vt 0.74595416 0.63988626
vt 0.74595416 0.5258256
vt 0.74595416 0.5258256
vt 0.75022286 0.63988626
vt 0.74595416 0.63988626
vt 0.75022286 0.5258256
vt 0.75449157 0.63988626
vt 0.75449157 0.5258256
vt 0.75876033 0.63988626
vt 0.75876033 0.5258256
vt 0.763029 0.63988626
vt 0.763029 0.5258256
vt 0.7672977 0.63988626
vt 0.7672977 0.5258256
vt 0.7715664 0.63988626
vt 0.7715664 0.5258256
vt 0.7715664 0.5258256
vt 0.7758351 0.5258256
vt 0.7758351 0.63988626
vt 0.7715664 0.63988626
vt 0.41873765 0.4776169
vt 0.38563448 0.39862296
vt 0.4181714 0.39862296
vt 0.38607773 0.47761688
vt 0.35555798 0.39862296
vt 0.35560885 0.47761688
vt 0.3253979 0.39862296
vt 0.3253903 0.47761694
vt 0.29523245 0.39862296
vt 0.2952236 0.47761694
vt 0.26507792 0.39862296
vt 0.26509708 0.47761694
vt 0.23489402 0.39862293
vt 0.23491506 0.47761694
vt 0.20474562 0.39862296
vt 0.20475043 0.477617
vt 0.1745838 0.39862296
vt 0.1745063 0.47761694
vt 0.1446253 0.39862296
vt 0.14414465 0.47761694
vt 0.11250091 0.39862296
vt 0.11195362 0.47761694
vt 0.73314804 0.68305063
vt 0.73741674 0.7257263
vt 0.73741674 0.68305063
vt 0.7416854 0.7257263
vt 0.7416854 0.68305063
vt 0.74595416 0.7257263
vt 0.74595416 0.68305063
vt 0.75022286 0.7257263
vt 0.75022286 0.68305063
vt 0.75449157 0.7257263
vt 0.75022286 0.68305063
vt 0.75449157 0.7257263
vt 0.75449157 0.68305063
vt 0.75876033 0.7257263
vt 0.75876033 0.68305063
vt 0.763029 0.7257263
vt 0.763029 0.68305063
vt 0.7672977 0.7257263
vt 0.7672977 0.68305063
vt 0.7672977 0.68305063
vt 0.7672977 0.7257263
vt 0.7715664 0.7257263
vt 0.7715664 0.68305063
vt 0.7758351 0.7257263
vt 0.7758351 0.68305063
vt 0.73314804 0.5258256
vt 0.73314804 0.63988626
vt 0.73741674 0.63988626
vt 0.73741674 0.5258256
vt 0.7416854 0.63988626
vt 0.7416854 0.5258256
vt 0.74595416 0.63988626
vt 0.74595416 0.5258256
vt 0.75022286 0.63988626
vt 0.75022286 0.5258256
vt 0.75449157 0.63988626
vt 0.75449157 0.5258256
vt 0.75449157 0.5258256
vt 0.75449157 0.63988626
vt 0.75876033 0.63988626
vt 0.75876033 0.5258256
vt 0.763029 0.63988626
vt 0.763029 0.5258256
vt 0.7672977 0.63988626
vt 0.7672977 0.5258256
vt 0.7715664 0.63988626
vt 0.7715664 0.5258256
vt 0.7758351 0.63988626
vt 0.7758351 0.5258256
vt 0.41873765 0.4776169
vt 0.4181714 0.39862296
vt 0.38563448 0.39862296
vt 0.38607773 0.47761688
vt 0.35555798 0.39862296
vt 0.35560885 0.47761688
vt 0.3253979 0.39862296
vt 0.3253903 0.47761694
vt 0.29523245 0.39862296
vt 0.2952236 0.47761694
vt 0.26507792 0.39862296
vt 0.26509708 0.47761694
vt 0.23489402 0.39862293
vt 0.23491506 0.47761694
vt 0.20474562 0.39862296
vt 0.20475043 0.477617
vt 0.1745838 0.39862296
vt 0.1745063 0.47761694
vt 0.1446253 0.39862296
vt 0.14414465 0.47761694
vt 0.11250091 0.39862296
vt 0.11195362 0.47761694
vt 0.73314804 0.68305063
vt 0.73741674 0.7257263
vt 0.73314804 0.7257263
vt 0.73741674 0.68305063
vt 0.7416854 0.7257263
vt 0.7416854 0.68305063
vt 0.74595416 0.7257263
vt 0.74595416 0.68305063
vt 0.74595416 0.68305063
vt 0.75022286 0.7257263
vt 0.74595416 0.7257263
vt 0.75022286 0.68305063
vt 0.75449157 0.7257263
vt 0.75449157 0.68305063
vt 0.75876033 0.7257263
vt 0.75876033 0.68305063
vt 0.763029 0.7257263
vt 0.763029 0.68305063
vt 0.763029 0.68305063
vt 0.7672977 0.7257263
vt 0.763029 0.7257263
vt 0.7672977 0.68305063
vt 0.7715664 0.7257263
vt 0.7715664 0.68305063
vt 0.7758351 0.7257263
vt 0.7758351 0.68305063
vt 0.73314804 0.5258256
vt 0.73741674 0.63988626
vt 0.73314804 0.63988626
vt 0.73741674 0.5258256
vt 0.7416854 0.63988626
vt 0.7416854 0.5258256
vt 0.74595416 0.63988626
vt 0.74595416 0.5258256
vt 0.74595416 0.5258256
vt 0.75022286 0.63988626
vt 0.74595416 0.63988626
vt 0.75022286 0.5258256
vt 0.75449157 0.63988626
vt 0.75449157 0.5258256
vt 0.75876033 0.63988626
vt 0.75876033 0.5258256
vt 0.763029 0.63988626
vt 0.763029 0.5258256
vt 0.7672977 0.63988626
vt 0.7672977 0.5258256
vt 0.7715664 0.63988626
vt 0.7715664 0.5258256
vt 0.7715664 0.5258256
vt 0.7758351 0.5258256
vt 0.7758351 0.63988626
vt 0.7715664 0.63988626
vt 0.41873765 0.4776169
vt 0.38563448 0.39862296
vt 0.4181714 0.39862296
vt 0.38607773 0.47761688
vt 0.35555798 0.39862296
vt 0.35560885 0.47761688
vt 0.3253979 0.39862296
vt 0.3253903 0.47761694
vt 0.29523245 0.39862296
vt 0.2952236 0.47761694
vt 0.26507792 0.39862296
vt 0.26509708 0.47761694
vt 0.23489402 0.39862293
vt 0.23491506 0.47761694
vt 0.20474562 0.39862296
vt 0.20475043 0.477617
vt 0.1745838 0.39862296
vt 0.1745063 0.47761694
vt 0.1446253 0.39862296
vt 0.14414465 0.47761694
vt 0.11250091 0.39862296
vt 0.11195362 0.47761694
vt 0.73314804 0.68305063
vt 0.73741674 0.7257263
vt 0.73741674 0.68305063
vt 0.7416854 0.7257263
vt 0.7416854 0.68305063
vt 0.74595416 0.7257263
vt 0.74595416 0.68305063
vt 0.75022286 0.7257263
vt 0.75022286 0.68305063
vt 0.75449157 0.7257263
vt 0.75022286 0.68305063
vt 0.75449157 0.7257263
vt 0.75449157 0.68305063
vt 0.75876033 0.7257263
vt 0.75876033 0.68305063
vt 0.763029 0.7257263
vt 0.763029 0.68305063
vt 0.7672977 0.7257263
vt 0.7672977 0.68305063
vt 0.7672977 0.68305063
vt 0.7672977 0.7257263
vt 0.7715664 0.7257263
vt 0.7715664 0.68305063
vt 0.7758351 0.7257263
vt 0.7758351 0.68305063
vt 0.73314804 0.5258256
vt 0.73314804 0.63988626
vt 0.73741674 0.63988626
vt 0.73741674 0.5258256
vt 0.7416854 0.63988626
vt 0.7416854 0.5258256
vt 0.74595416 0.63988626
vt 0.74595416 0.5258256
vt 0.75022286 0.63988626
vt 0.75022286 0.5258256
vt 0.75449157 0.63988626
vt 0.75449157 0.5258256
vt 0.75449157 0.5258256
vt 0.75449157 0.63988626
vt 0.75876033 0.63988626
vt 0.75876033 0.5258256
vt 0.763029 0.63988626
vt 0.763029 0.5258256
vt 0.7672977 0.63988626
vt 0.7672977 0.5258256
vt 0.7715664 0.63988626
vt 0.7715664 0.5258256
vt 0.7758351 0.63988626
vt 0.7758351 0.5258256
vt 0.41873765 0.4776169
vt 0.4181714 0.39862296
vt 0.38563448 0.39862296
vt 0.38607773 0.47761688
vt 0.35555798 0.39862296
vt 0.35560885 0.47761688
vt 0.3253979 0.39862296
vt 0.3253903 0.47761694
vt 0.29523245 0.39862296
vt 0.2952236 0.47761694
vt 0.26507792 0.39862296
vt 0.26509708 0.47761694
vt 0.23489402 0.39862293
vt 0.23491506 0.47761694
vt 0.20474562 0.39862296
vt 0.20475043 0.477617
vt 0.1745838 0.39862296
vt 0.1745063 0.47761694
vt 0.1446253 0.39862296
vt 0.14414465 0.47761694
vt 0.11250091 0.39862296
vt 0.11195362 0.47761694
vt 0.73314804 0.68305063
vt 0.73741674 0.7257263
vt 0.73314804 0.7257263
vt 0.73741674 0.68305063
vt 0.7416854 0.7257263
vt 0.7416854 0.68305063
vt 0.74595416 0.7257263
vt 0.74595416 0.68305063
vt 0.74595416 0.68305063
vt 0.75022286 0.7257263
vt 0.74595416 0.7257263
vt 0.75022286 0.68305063
vt 0.75449157 0.7257263
vt 0.75449157 0.68305063
vt 0.75876033 0.7257263
vt 0.75876033 0.68305063
vt 0.763029 0.7257263
vt 0.763029 0.68305063
vt 0.763029 0.68305063
vt 0.7672977 0.7257263
vt 0.763029 0.7257263
vt 0.7672977 0.68305063
vt 0.7715664 0.7257263
vt 0.7715664 0.68305063
vt 0.7758351 0.7257263
vt 0.7758351 0.68305063
vt 0.73314804 0.5258256
vt 0.73741674 0.63988626
vt 0.73314804 0.63988626
vt 0.73741674 0.5258256
vt 0.7416854 0.63988626
vt 0.7416854 0.5258256
vt 0.74595416 0.63988626
vt 0.74595416 0.5258256
vt 0.74595416 0.5258256
vt 0.75022286 0.63988626
vt 0.74595416 0.63988626
vt 0.75022286 0.5258256
vt 0.75449157 0.63988626
vt 0.75449157 0.5258256
vt 0.75876033 0.63988626
vt 0.75876033 0.5258256
vt 0.763029 0.63988626
vt 0.763029 0.5258256
vt 0.7672977 0.63988626
vt 0.7672977 0.5258256
vt 0.7715664 0.63988626
vt 0.7715664 0.5258256
vt 0.7715664 0.5258256
vt 0.7758351 0.5258256
vt 0.7758351 0.63988626
vt 0.7715664 0.63988626
vt 0.41873765 0.4776169
vt 0.38563448 0.39862296
vt 0.4181714 0.39862296
vt 0.38607773 0.47761688
vt 0.35555798 0.39862296
vt 0.35560885 0.47761688
vt 0.3253979 0.39862296
vt 0.3253903 0.47761694
vt 0.29523245 0.39862296
vt 0.2952236 0.47761694
vt 0.26507792 0.39862296
vt 0.26509708 0.47761694
vt 0.23489402 0.39862293
vt 0.23491506 0.47761694
vt 0.20474562 0.39862296
vt 0.20475043 0.477617
vt 0.1745838 0.39862296
vt 0.1745063 0.47761694
vt 0.1446253 0.39862296
vt 0.14414465 0.47761694
vt 0.11250091 0.39862296
vt 0.11195362 0.47761694
vt 0.73314804 0.68305063
vt 0.73741674 0.7257263
vt 0.73741674 0.68305063
vt 0.7416854 0.7257263
vt 0.7416854 0.68305063
vt 0.74595416 0.7257263
vt 0.74595416 0.68305063
vt 0.75022286 0.7257263
vt 0.75022286 0.68305063
vt 0.75449157 0.7257263
vt 0.75022286 0.68305063
vt 0.75449157 0.7257263
vt 0.75449157 0.68305063
vt 0.75876033 0.7257263
vt 0.75876033 0.68305063
vt 0.763029 0.7257263
vt 0.763029 0.68305063
vt 0.7672977 0.7257263
vt 0.7672977 0.68305063
vt 0.7672977 0.68305063
vt 0.7672977 0.7257263
vt 0.7715664 0.7257263
vt 0.7715664 0.68305063
vt 0.7758351 0.7257263
vt 0.7758351 0.68305063
vt 0.73314804 0.5258256
vt 0.73314804 0.63988626
vt 0.73741674 0.63988626
vt 0.73741674 0.5258256
vt 0.7416854 0.63988626
vt 0.7416854 0.5258256
vt 0.74595416 0.63988626
vt 0.74595416 0.5258256
vt 0.75022286 0.63988626
vt 0.75022286 0.5258256
vt 0.75449157 0.63988626
vt 0.75449157 0.5258256
vt 0.75449157 0.5258256
vt 0.75449157 0.63988626
vt 0.75876033 0.63988626
vt 0.75876033 0.5258256
vt 0.763029 0.63988626
vt 0.763029 0.5258256
vt 0.7672977 0.63988626
vt 0.7672977 0.5258256
vt 0.7715664 0.63988626
vt 0.7715664 0.5258256
vt 0.7758351 0.63988626
vt 0.7758351 0.5258256
vt 0.41873765 0.4776169
vt 0.4181714 0.39862296
vt 0.38563448 0.39862296
vt 0.38607773 0.47761688
vt 0.35555798 0.39862296
vt 0.35560885 0.47761688
vt 0.3253979 0.39862296
vt 0.3253903 0.47761694
vt 0.29523245 0.39862296
vt 0.2952236 0.47761694
vt 0.26507792 0.39862296
vt 0.26509708 0.47761694
vt 0.23489402 0.39862293
vt 0.23491506 0.47761694
vt 0.20474562 0.39862296
vt 0.20475043 0.477617
vt 0.1745838 0.39862296
vt 0.1745063 0.47761694
vt 0.1446253 0.39862296
vt 0.14414465 0.47761694
vt 0.11250091 0.39862296
vt 0.11195362 0.47761694
vt 0.73314804 0.68305063
vt 0.73741674 0.7257263
vt 0.73314804 0.7257263
vt 0.73741674 0.68305063
vt 0.7416854 0.7257263
vt 0.7416854 0.68305063
vt 0.74595416 0.7257263
vt 0.74595416 0.68305063
vt 0.74595416 0.68305063
vt 0.75022286 0.7257263
vt 0.74595416 0.7257263
vt 0.75022286 0.68305063
vt 0.75449157 0.7257263
vt 0.75449157 0.68305063
vt 0.75876033 0.7257263
vt 0.75876033 0.68305063
vt 0.763029 0.7257263
vt 0.763029 0.68305063
vt 0.763029 0.68305063
vt 0.7672977 0.7257263
vt 0.763029 0.7257263
vt 0.7672977 0.68305063
vt 0.7715664 0.7257263
vt 0.7715664 0.68305063
vt 0.7758351 0.7257263
vt 0.7758351 0.68305063
vt 0.6345085 0.31638175
vt 0.6291386 0.32692096
vt 0.6291386 0.32692096
vt 0.6345085 0.31638175
vt 0.636359 0.30469888
vt 0.636359 0.30469888
vt 0.6345085 0.29301578
vt 0.6345085 0.29301578
vt 0.6291386 0.2824764
vt 0.6291386 0.2824764
vt 0.6207743 0.2741124
vt 0.6207743 0.2741124
vt 0.5625955 0.31638175
vt 0.5625955 0.31638175
vt 0.5607451 0.30469888
vt 0.5607451 0.30469888
vt 0.5625955 0.29301578
vt 0.5625955 0.29301578
vt 0.56796575 0.2824764
vt 0.56796575 0.2824764
vt 0.5763298 0.2741124
vt 0.5763298 0.2741124
vt 0.5868691 0.2687423
vt 0.5868691 0.2687423
vt 0.5868691 0.2687423
vt 0.5868691 0.2687423
vt 0.5985521 0.26689175
vt 0.5985521 0.26689175
vt 0.61023504 0.2687423
vt 0.61023504 0.2687423
vt 0.6207743 0.2741124
vt 0.6207743 0.2741124
vt 0.6345085 0.31638175
vt 0.6291386 0.32692096
vt 0.6291386 0.32692096
vt 0.6345085 0.31638175
vt 0.636359 0.30469888
vt 0.636359 0.30469888
vt 0.6345085 0.29301578
vt 0.6345085 0.29301578
vt 0.6291386 0.2824764
vt 0.6291386 0.2824764
vt 0.6207743 0.2741124
vt 0.6207743 0.2741124
vt 0.5625955 0.31638175
vt 0.5625955 0.31638175
vt 0.5607451 0.30469888
vt 0.5607451 0.30469888
vt 0.5625955 0.29301578
vt 0.5625955 0.29301578
vt 0.56796575 0.2824764
vt 0.56796575 0.2824764
vt 0.5763298 0.2741124
vt 0.5763298 0.2741124
vt 0.5868691 0.2687423
vt 0.5868691 0.2687423
vt 0.5868691 0.2687423
vt 0.5868691 0.2687423
vt 0.5985521 0.26689175
vt 0.5985521 0.26689175
vt 0.61023504 0.2687423
vt 0.61023504 0.2687423
vt 0.6207743 0.2741124
vt 0.6207743 0.2741124
vt 0.6345085 0.31638175
vt 0.6291386 0.32692096
vt 0.6291386 0.32692096
vt 0.6345085 0.31638175
vt 0.636359 0.30469888
vt 0.636359 0.30469888
vt 0.6345085 0.29301578
vt 0.6345085 0.29301578
vt 0.6291386 0.2824764
vt 0.6291386 0.2824764
vt 0.6207743 0.2741124
vt 0.6207743 0.2741124
vt 0.5625955 0.31638175
vt 0.5625955 0.31638175
vt 0.5607451 0.30469888
vt 0.5607451 0.30469888
vt 0.5625955 0.29301578
vt 0.5625955 0.29301578
vt 0.56796575 0.2824764
vt 0.56796575 0.2824764
vt 0.5763298 0.2741124
vt 0.5763298 0.2741124
vt 0.5868691 0.2687423
vt 0.5868691 0.2687423
vt 0.5868691 0.2687423
vt 0.5868691 0.2687423
vt 0.5985521 0.26689175
vt 0.5985521 0.26689175
vt 0.61023504 0.2687423
vt 0.61023504 0.2687423
vt 0.6207743 0.2741124
vt 0.6207743 0.2741124
vt 0.6345085 0.31638175
vt 0.6291386 0.32692096
vt 0.6291386 0.32692096
vt 0.6345085 0.31638175
vt 0.636359 0.30469888
vt 0.636359 0.30469888
vt 0.6345085 0.29301578
vt 0.6345085 0.29301578
vt 0.6291386 0.2824764
vt 0.6291386 0.2824764
vt 0.6207743 0.2741124
vt 0.6207743 0.2741124
vt 0.5625955 0.31638175
vt 0.5625955 0.31638175
vt 0.5607451 0.30469888
vt 0.5607451 0.30469888
vt 0.5625955 0.29301578
vt 0.5625955 0.29301578
vt 0.56796575 0.2824764
vt 0.56796575 0.2824764
vt 0.5763298 0.2741124
vt 0.5763298 0.2741124
vt 0.5868691 0.2687423
vt 0.5868691 0.2687423
vt 0.5868691 0.2687423
vt 0.5868691 0.2687423
vt 0.5985521 0.26689175
vt 0.5985521 0.26689175
vt 0.61023504 0.2687423
vt 0.61023504 0.2687423
vt 0.6207743 0.2741124
vt 0.6207743 0.2741124
vt 0.6345085 0.31638175
vt 0.6291386 0.32692096
vt 0.6291386 0.32692096
vt 0.6345085 0.31638175
vt 0.636359 0.30469888
vt 0.636359 0.30469888
vt 0.6345085 0.29301578
vt 0.6345085 0.29301578
vt 0.6291386 0.2824764
vt 0.6291386 0.2824764
vt 0.6207743 0.2741124
vt 0.6207743 0.2741124
vt 0.5625955 0.31638175
vt 0.5625955 0.31638175
vt 0.5607451 0.30469888
vt 0.5607451 0.30469888
vt 0.5625955 0.29301578
vt 0.5625955 0.29301578
vt 0.56796575 0.2824764
vt 0.56796575 0.2824764
vt 0.5763298 0.2741124
vt 0.5763298 0.2741124
vt 0.5868691 0.2687423
vt 0.5868691 0.2687423
vt 0.5868691 0.2687423
vt 0.5868691 0.2687423
vt 0.5985521 0.26689175
vt 0.5985521 0.26689175
vt 0.61023504 0.2687423
vt 0.61023504 0.2687423
vt 0.6207743 0.2741124
vt 0.6207743 0.2741124
vt 0.6345085 0.31638175
vt 0.6291386 0.32692096
vt 0.6291386 0.32692096
vt 0.6345085 0.31638175
vt 0.636359 0.30469888
vt 0.636359 0.30469888
vt 0.6345085 0.29301578
vt 0.6345085 0.29301578
vt 0.6291386 0.2824764
vt 0.6291386 0.2824764
vt 0.6207743 0.2741124
vt 0.6207743 0.2741124
vt 0.5625955 0.31638175
vt 0.5625955 0.31638175
vt 0.5607451 0.30469888
vt 0.5607451 0.30469888
vt 0.5625955 0.29301578
vt 0.5625955 0.29301578
vt 0.56796575 0.2824764
vt 0.56796575 0.2824764
vt 0.5763298 0.2741124
vt 0.5763298 0.2741124
vt 0.5868691 0.2687423
vt 0.5868691 0.2687423
vt 0.5868691 0.2687423
vt 0.5868691 0.2687423
vt 0.5985521 0.26689175
vt 0.5985521 0.26689175
vt 0.61023504 0.2687423
vt 0.61023504 0.2687423
vt 0.6207743 0.2741124
vt 0.6207743 0.2741124
vt 0.6345085 0.31638175
vt 0.6291386 0.32692096
vt 0.6291386 0.32692096
vt 0.6345085 0.31638175
vt 0.636359 0.30469888
vt 0.636359 0.30469888
vt 0.6345085 0.29301578
vt 0.6345085 0.29301578
vt 0.6291386 0.2824764
vt 0.6291386 0.2824764
vt 0.6207743 0.2741124
vt 0.6207743 0.2741124
vt 0.5625955 0.31638175
vt 0.5625955 0.31638175
vt 0.5607451 0.30469888
vt 0.5607451 0.30469888
vt 0.5625955 0.29301578
vt 0.5625955 0.29301578
vt 0.56796575 0.2824764
vt 0.56796575 0.2824764
vt 0.5763298 0.2741124
vt 0.5763298 0.2741124
vt 0.5868691 0.2687423
vt 0.5868691 0.2687423
vt 0.5868691 0.2687423
vt 0.5868691 0.2687423
vt 0.5985521 0.26689175
vt 0.5985521 0.26689175
vt 0.61023504 0.2687423
vt 0.61023504 0.2687423
vt 0.6207743 0.2741124
vt 0.6207743 0.2741124
vt 0.6345085 0.31638175
vt 0.6291386 0.32692096
vt 0.6291386 0.32692096
vt 0.6345085 0.31638175
vt 0.636359 0.30469888
vt 0.636359 0.30469888
vt 0.6345085 0.29301578
vt 0.6345085 0.29301578
vt 0.6291386 0.2824764
vt 0.6291386 0.2824764
vt 0.6207743 0.2741124
vt 0.6207743 0.2741124
vt 0.5625955 0.31638175
vt 0.5625955 0.31638175
vt 0.5607451 0.30469888
vt 0.5607451 0.30469888
vt 0.5625955 0.29301578
vt 0.5625955 0.29301578
vt 0.56796575 0.2824764
vt 0.56796575 0.2824764
vt 0.5763298 0.2741124
vt 0.5763298 0.2741124
vt 0.5868691 0.2687423
vt 0.5868691 0.2687423
vt 0.5868691 0.2687423
vt 0.5868691 0.2687423
vt 0.5985521 0.26689175
vt 0.5985521 0.26689175
vt 0.61023504 0.2687423
vt 0.61023504 0.2687423
vt 0.6207743 0.2741124
vt 0.6207743 0.2741124
vt 0.6345085 0.31638175
vt 0.6291386 0.32692096
vt 0.6291386 0.32692096
vt 0.6345085 0.31638175
vt 0.636359 0.30469888
vt 0.636359 0.30469888
vt 0.6345085 0.29301578
vt 0.6345085 0.29301578
vt 0.6291386 0.2824764
vt 0.6291386 0.2824764
vt 0.6207743 0.2741124
vt 0.6207743 0.2741124
vt 0.5625955 0.31638175
vt 0.5625955 0.31638175
vt 0.5607451 0.30469888
vt 0.5607451 0.30469888
vt 0.5625955 0.29301578
vt 0.5625955 0.29301578
vt 0.56796575 0.2824764
vt 0.56796575 0.2824764
vt 0.5763298 0.2741124
vt 0.5763298 0.2741124
vt 0.5868691 0.2687423
vt 0.5868691 0.2687423
vt 0.5868691 0.2687423
vt 0.5868691 0.2687423
vt 0.5985521 0.26689175
vt 0.5985521 0.26689175
vt 0.61023504 0.2687423
vt 0.61023504 0.2687423
vt 0.6207743 0.2741124
vt 0.6207743 0.2741124
vt 0.636359 0.30469888
vt 0.5985521 0.30469888
vt 0.6345085 0.29301578
vt 0.6345085 0.31638175
vt 0.6291386 0.2824764
vt 0.6291386 0.32692096
vt 0.6207743 0.2741124
vt 0.62077445 0.33528513
vt 0.61023504 0.2687423
vt 0.61023504 0.3406552
vt 0.5985521 0.26689175
vt 0.5985521 0.34250557
vt 0.5868691 0.2687423
vt 0.5868691 0.3406552
vt 0.5763298 0.2741124
vt 0.5763298 0.33528513
vt 0.56796575 0.2824764
vt 0.56796575 0.32692096
vt 0.5625955 0.29301578
vt 0.5625955 0.31638175
vt 0.5607451 0.30469888
vt 0.636359 0.30469888
vt 0.5985521 0.30469888
vt 0.6345085 0.29301578
vt 0.6345085 0.31638175
vt 0.6291386 0.2824764
vt 0.6291386 0.32692096
vt 0.6207743 0.2741124
vt 0.62077445 0.33528513
vt 0.61023504 0.2687423
vt 0.61023504 0.3406552
vt 0.5985521 0.26689175
vt 0.5985521 0.34250557
vt 0.5868691 0.2687423
vt 0.5868691 0.3406552
vt 0.5763298 0.2741124
vt 0.5763298 0.33528513
vt 0.56796575 0.2824764
vt 0.56796575 0.32692096
vt 0.5625955 0.29301578
vt 0.5625955 0.31638175
vt 0.5607451 0.30469888
vt 0.636359 0.30469888
vt 0.5985521 0.30469888
vt 0.6345085 0.29301578
vt 0.6345085 0.31638175
vt 0.6291386 0.2824764
vt 0.6291386 0.32692096
vt 0.6207743 0.2741124
vt 0.62077445 0.33528513
vt 0.61023504 0.2687423
vt 0.61023504 0.3406552
vt 0.5985521 0.26689175
vt 0.5985521 0.34250557
vt 0.5868691 0.2687423
vt 0.5868691 0.3406552
vt 0.5763298 0.2741124
vt 0.5763298 0.33528513
vt 0.56796575 0.2824764
vt 0.56796575 0.32692096
vt 0.5625955 0.29301578
vt 0.5625955 0.31638175
vt 0.5607451 0.30469888
vt 0.636359 0.30469888
vt 0.5985521 0.30469888
vt 0.6345085 0.29301578
vt 0.6345085 0.31638175
vt 0.6291386 0.2824764
vt 0.6291386 0.32692096
vt 0.6207743 0.2741124
vt 0.62077445 0.33528513
vt 0.61023504 0.2687423
vt 0.61023504 0.3406552
vt 0.5985521 0.26689175
vt 0.5985521 0.34250557
vt 0.5868691 0.2687423
vt 0.5868691 0.3406552
vt 0.5763298 0.2741124
vt 0.5763298 0.33528513
vt 0.56796575 0.2824764
vt 0.56796575 0.32692096
vt 0.5625955 0.29301578
vt 0.5625955 0.31638175
vt 0.5607451 0.30469888
vt 0.636359 0.30469888
vt 0.5985521 0.30469888
vt 0.6345085 0.29301578
vt 0.6345085 0.31638175
vt 0.6291386 0.2824764
vt 0.6291386 0.32692096
vt 0.6207743 0.2741124
vt 0.62077445 0.33528513
vt 0.61023504 0.2687423
vt 0.61023504 0.3406552
vt 0.5985521 0.26689175
vt 0.5985521 0.34250557
vt 0.5868691 0.2687423
vt 0.5868691 0.3406552
vt 0.5763298 0.2741124
vt 0.5763298 0.33528513
vt 0.56796575 0.2824764
vt 0.56796575 0.32692096
vt 0.5625955 0.29301578
vt 0.5625955 0.31638175
vt 0.5607451 0.30469888
vt 0.636359 0.30469888
vt 0.5985521 0.30469888
vt 0.6345085 0.29301578
vt 0.6345085 0.31638175
vt 0.6291386 0.2824764
vt 0.6291386 0.32692096
vt 0.6207743 0.2741124
vt 0.62077445 0.33528513
vt 0.61023504 0.2687423
vt 0.61023504 0.3406552
vt 0.5985521 0.26689175
vt 0.5985521 0.34250557
vt 0.5868691 0.2687423
vt 0.5868691 0.3406552
vt 0.5763298 0.2741124
vt 0.5763298 0.33528513
vt 0.56796575 0.2824764
vt 0.56796575 0.32692096
vt 0.5625955 0.29301578
vt 0.5625955 0.31638175
vt 0.5607451 0.30469888
vt 0.636359 0.30469888
vt 0.5985521 0.30469888
vt 0.6345085 0.29301578
vt 0.6345085 0.31638175
vt 0.6291386 0.2824764
vt 0.6291386 0.32692096
vt 0.6207743 0.2741124
vt 0.62077445 0.33528513
vt 0.61023504 0.2687423
vt 0.61023504 0.3406552
vt 0.5985521 0.26689175
vt 0.5985521 0.34250557
vt 0.5868691 0.2687423
vt 0.5868691 0.3406552
vt 0.5763298 0.2741124
vt 0.5763298 0.33528513
vt 0.56796575 0.2824764
vt 0.56796575 0.32692096
vt 0.5625955 0.29301578
vt 0.5625955 0.31638175
vt 0.5607451 0.30469888
vt 0.636359 0.30469888
vt 0.5985521 0.30469888
vt 0.6345085 0.29301578
vt 0.6345085 0.31638175
vt 0.6291386 0.2824764
vt 0.6291386 0.32692096
vt 0.6207743 0.2741124
vt 0.62077445 0.33528513
vt 0.61023504 0.2687423
vt 0.61023504 0.3406552
vt 0.5985521 0.26689175
vt 0.5985521 0.34250557
vt 0.5868691 0.2687423
vt 0.5868691 0.3406552
vt 0.5763298 0.2741124
vt 0.5763298 0.33528513
vt 0.56796575 0.2824764
vt 0.56796575 0.32692096
vt 0.5625955 0.29301578
vt 0.5625955 0.31638175
vt 0.5607451 0.30469888
vt 0.636359 0.30469888
vt 0.5985521 0.30469888
vt 0.6345085 0.29301578
vt 0.6345085 0.31638175
vt 0.6291386 0.2824764
vt 0.6291386 0.32692096
vt 0.6207743 0.2741124
vt 0.62077445 0.33528513
vt 0.61023504 0.2687423
vt 0.61023504 0.3406552
vt 0.5985521 0.26689175
vt 0.5985521 0.34250557
vt 0.5868691 0.2687423
vt 0.5868691 0.3406552
vt 0.5763298 0.2741124
vt 0.5763298 0.33528513
vt 0.56796575 0.2824764
vt 0.56796575 0.32692096
vt 0.5625955 0.29301578
vt 0.5625955 0.31638175
vt 0.5607451 0.30469888
vt 0.7715664 0.68305063
vt 0.7758351 0.68305063
vt 0.7758351 0.7257263
vt 0.7715664 0.7257263
vt 1 0.9509634
vt 1 0.9509634
vt 0 0.9509634
vt 1 0
vt 0 0.9509634
vt 1 0
vt 0 0
vt 0 0
vt 1 0
vt 0 0
vt 0 1
vt 1 1
vt 0.45787385 0.40452927
vt 0.4608455 0.40430897
vt 0.45829666 0.40515342
vt 0.4609729 0.40348005
vt 0.46096796 0.39795613
vt 0.45787388 0.3968995
vt 0.4608427 0.3971106
vt 0.45829627 0.39627612
vt 0.45829666 0.40515342
vt 0.4608455 0.40430897
vt 0.46102914 0.40509984
vt 0.45882428 0.40591034
vt 0.4647808 0.41227946
vt 0.46294492 0.4132412
vt 0.45829627 0.39627612
vt 0.46106258 0.39638186
vt 0.4608427 0.3971106
vt 0.45882344 0.39551616
vt 0.4647902 0.38915378
vt 0.46294478 0.38818753
vt 0.45787388 0.40650916
vt 0.46971235 0.40650916
vt 0.471702 0.41309386
vt 0.45945913 0.41524595
vt 0.46971232 0.39491966
vt 0.46971232 0.39491963
vt 0.46971235 0.39491963
vt 0.46971235 0.39491963
vt 0.46971232 0.39491966
vt 0.46971232 0.39491963
vt 0.46971235 0.39491963
vt 0.46971235 0.39491963
vt 0.45787385 0.40452927
vt 0.45829666 0.40515342
vt 0.4608455 0.40430897
vt 0.4609729 0.40348005
vt 0.46096796 0.39795613
vt 0.45787388 0.3968995
vt 0.4608427 0.3971106
vt 0.45829627 0.39627612
vt 0.45829666 0.40515342
vt 0.46102914 0.40509984
vt 0.4608455 0.40430897
vt 0.45882428 0.40591034
vt 0.4647808 0.41227946
vt 0.46294492 0.4132412
vt 0.45829627 0.39627612
vt 0.4608427 0.3971106
vt 0.46106258 0.39638186
vt 0.45882344 0.39551616
vt 0.4647902 0.38915378
vt 0.46294478 0.38818753
vt 0.45787388 0.40650916
vt 0.45945913 0.41524595
vt 0.471702 0.41309386
vt 0.46971235 0.40650916
vt 0.46971232 0.39491966
vt 0.46971235 0.39491963
vt 0.46971235 0.39491963
vt 0.46971232 0.39491963
vt 0.46971232 0.39491966
vt 0.46971235 0.39491963
vt 0.46971235 0.39491963
vt 0.46971232 0.39491963
vt 0.008467725 0.9948703
vt 0.9975596 0.9948703
vt 0.9975596 0.37644896
vt 0.008467725 0.376449
vt 0.008467725 0.376449
vt 0.9975596 0.37644896
vt 0.9975596 0.9948703
vt 0.008467725 0.9948703
vt 0.9120144 0.9088822
vt 0.9033311 0.9088822
vt 0.9033311 0.99893767
vt 0.9120144 0.99893767
vt 0.93161803 0.9989377
vt 0.93161803 0.9088822
vt 0.9033311 0.9088822
vt 0.8946268 0.99893767
vt 0.9033311 0.99893767
vt 0.8946268 0.90888214
vt 0.8695867 0.99893767
vt 0.8695867 0.9088822
vt 0.8686406 0.9989377
vt 0.8686406 0.9088822
vt 0.8413721 0.9989377
vt 0.8413721 0.90888226
vt 0.80642223 0.7508285
vt 0.80642223 0.8171453
vt 0.84198236 0.8171453
vt 0.84198236 0.7508285
vt 0.9120144 0.9088822
vt 0.9033311 0.99893767
vt 0.9033311 0.9088822
vt 0.9120144 0.99893767
vt 0.93161803 0.9989377
vt 0.93161803 0.9088822
vt 0.9033311 0.9088822
vt 0.9033311 0.99893767
vt 0.8946268 0.99893767
vt 0.8946268 0.90888214
vt 0.8695867 0.99893767
vt 0.8695867 0.9088822
vt 0.8686406 0.9088822
vt 0.8686406 0.9989377
vt 0.8413721 0.90888226
vt 0.8413721 0.9989377
vt 0.80642223 0.7508285
vt 0.84198236 0.7508285
vt 0.84198236 0.8171453
vt 0.80642223 0.8171453
vt 0.811805 0.97428024
vt 0.8117995 0.99724054
vt 0.93298 0.99724054
vt 0.9329857 0.97428024
vt 0.80038184 0.97428024
vt 0.80038387 0.99724054
vt 0.9580505 0.99724054
vt 0.9580485 0.97428024
vt 0.81317943 0.97428024
vt 0.813176 0.99724054
vt 0.9327128 0.99724054
vt 0.9327163 0.97428024
vt 0.8118104 0.9528742
vt 0.811805 0.97428024
vt 0.9329857 0.97428024
vt 0.93776065 0.9528742
vt 0.9377445 0.9663222
vt 0.93298 0.99724054
vt 0.8117995 0.99724054
vt 0.81179416 0.9663222
vt 0.7956513 0.9528742
vt 0.80038184 0.97428024
vt 0.9580485 0.97428024
vt 0.9627756 0.9528742
vt 0.9627811 0.9663222
vt 0.9580505 0.99724054
vt 0.80038387 0.99724054
vt 0.7956569 0.9663222
vt 0.80847764 0.9528742
vt 0.81317943 0.97428024
vt 0.9327163 0.97428024
vt 0.9327195 0.9528742
vt 0.9327095 0.9663222
vt 0.9327128 0.99724054
vt 0.813176 0.99724054
vt 0.80846757 0.9663222
vt 0.9058887 0.39447367
vt 0.9058887 1
vt 0.094111204 0.9999999
vt 0.094111204 0.39447367
vt 0.9058887 -2.9802322E-08
vt 0.094111204 -2.9802322E-08
vt 0.74722356 0.995241
vt 0.74722356 0.74975383
vt 0.994843 0.74975383
vt 0.994843 0.99524105
vt 0.74722356 0.99524105
vt 0.74722356 0.74975383
vt 0.994843 0.74975383
vt 0.994843 0.99524105
vt 0.9999999 0.22546184
vt 0.9999999 0.59149504
vt 0 0.59149504
vt 0 0.22546184
vt 0.7472236 0.81859857
vt 0.7472236 0.9866511
vt 0.994843 0.9866511
vt 0.994843 0.81859857
vt 0 0.22546184
vt 0 0.59149504
vt 0.9999999 0.59149504
vt 0.9999999 0.22546184
vt 0.9999999 0.65720797
vt 0.9999999 0.89540386
vt 0 0.89540386
vt 0 0.65720797
vt 0.74722356 0.7516058
vt 0.74722356 0.8294056
vt 0.994843 0.82940555
vt 0.994843 0.7516058
vt 0 0.65720797
vt 0 0.89540386
vt 0.9999999 0.89540386
vt 0.9999999 0.65720797
vt 0.994843 0.99524105
vt 0.994843 0.74975383
vt 0.74722356 0.74975383
vt 0.74722356 0.99524105
vt 0.994843 0.7516058
vt 0.994843 0.8294056
vt 0.74722356 0.8294056
vt 0.74722356 0.7516058
vt 0.994843 0.81859857
vt 0.994843 0.9866511
vt 0.7472236 0.9866511
vt 0.7472236 0.81859857
vt 0.994843 0.99524105
vt 0.994843 0.74975383
vt 0.74722356 0.74975383
vt 0.74722356 0.99524105
vt 0.994843 0.7516058
vt 0.994843 0.82940555
vt 0.74722356 0.8294056
vt 0.74722356 0.7516058
vt 0.994843 0.81859857
vt 0.994843 0.9866511
vt 0.7472236 0.9866511
vt 0.7472236 0.81859857
vt 0.74722356 0.99524105
vt 0.74722356 0.74975383
vt 0.994843 0.74975383
vt 0.994843 0.99524105
vt 0.74722356 0.7516058
vt 0.74722356 0.8294056
vt 0.994843 0.8294056
vt 0.994843 0.7516058
vt 0.7472236 0.81859857
vt 0.7472236 0.9866511
vt 0.994843 0.9866511
vt 0.994843 0.81859857
vt 0.74722356 0.83652335
vt 0.74722356 0.99524105
vt 0.994843 0.99524105
vt 0.994843 0.83652335
vt 0.7472235 0.8365233
vt 0.74722356 0.995241
vt 0.994843 0.99524105
vt 0.994843 0.83652335
vt 0.994843 0.83652335
vt 0.994843 0.99524105
vt 0.74722356 0.99524105
vt 0.74722356 0.83652335
vt 0.994843 0.83652335
vt 0.994843 0.99524105
vt 0.74722356 0.99524105
vt 0.74722356 0.83652335
vt 0.74722356 0.83652335
vt 0.74722356 0.99524105
vt 0.994843 0.99524105
vt 0.994843 0.83652335
vt 0.9999999 0.89540386
vt 0.9999999 0.91719604
vt 0 0.91719604
vt 0 0.89540386
vt 0.74722356 0.8294056
vt 0.74722356 0.83652335
vt 0.994843 0.83652335
vt 0.994843 0.82940555
vt 0 0.89540386
vt 0 0.91719604
vt 0.9999999 0.91719604
vt 0.9999999 0.89540386
vt 0.994843 0.8294056
vt 0.994843 0.83652335
vt 0.74722356 0.83652335
vt 0.74722356 0.8294056
vt 0.994843 0.82940555
vt 0.994843 0.83652335
vt 0.74722356 0.83652335
vt 0.74722356 0.8294056
vt 0.74722356 0.8294056
vt 0.74722356 0.83652335
vt 0.994843 0.83652335
vt 0.994843 0.8294056
vt 0.94543236 0.2463053
vt 0.9456339 0.4812272
vt 0.97346216 0.48122722
vt 0.97316647 0.24630544
vt 0.94543236 0.24630529
vt 0.9456339 0.48122722
vt 0.97346216 0.48122722
vt 0.97316647 0.24630547
vt 0.94543236 0.24630529
vt 0.9456339 0.48122722
vt 0.97346216 0.48122722
vt 0.97316647 0.24630547
vt 0.94543236 0.24630529
vt 0.9456339 0.48122722
vt 0.97346216 0.48122722
vt 0.97316647 0.2463054
vt 0.94543236 0.24630529
vt 0.9456339 0.48122722
vt 0.97346216 0.48122722
vt 0.97316647 0.2463054
vt 0.94543236 0.2463053
vt 0.9456339 0.4812272
vt 0.97346216 0.48122722
vt 0.97316647 0.24630544
vt 0.8561423 0.90633035
vt 0.98777974 0.99641114
vt 0.98778033 0.9063313
vt 0.85614204 0.99641114
vt 0.8346263 0.90633035
vt 0.8346263 0.99641114
vt 0.8131623 0.90633035
vt 0.8131623 0.99641114
vt 0.7647054 0.9063303
vt 0.7647054 0.99641114
vt 0.82142335 0.8046286
vt 0.77296644 0.76566017
vt 0.7729665 0.8046286
vt 0.82142335 0.76566017
vt 0.84288734 0.8046286
vt 0.84288734 0.76566017
vt 0.8644033 0.8046286
vt 0.86440307 0.76566017
vt 0.98601186 0.99641114
vt 0.98601186 0.7510811
vt 0.9375549 0.7510811
vt 0.9375549 0.99641114
vt 0.91609097 0.99641114
vt 0.91609097 0.7510811
vt 0.91609097 0.7510811
vt 0.89457524 0.99641114
vt 0.91609097 0.99641114
vt 0.89457554 0.7510811
vt 0.7629381 0.75108004
vt 0.7629375 0.99641114
vt 0.8721831 0.7508285
vt 0.8721831 0.8171453
vt 0.94790053 0.8171453
vt 0.94790053 0.7508285
vt 0.80642223 0.7508285
vt 0.80642223 0.8171453
vt 0.8721831 0.8171453
vt 0.8721831 0.7508285
vt 0.8561423 0.90633035
vt 0.98778033 0.9063313
vt 0.98777974 0.99641114
vt 0.85614204 0.99641114
vt 0.8346263 0.90633035
vt 0.8346263 0.99641114
vt 0.8131623 0.90633035
vt 0.8131623 0.99641114
vt 0.7647054 0.9063303
vt 0.7647054 0.99641114
vt 0.82142335 0.8046286
vt 0.7729665 0.8046286
vt 0.77296644 0.76566017
vt 0.82142335 0.76566017
vt 0.84288734 0.8046286
vt 0.82142335 0.8046286
vt 0.82142335 0.76566017
vt 0.84288734 0.76566017
vt 0.8644033 0.8046286
vt 0.86440307 0.76566017
vt 0.98601186 0.99641114
vt 0.9375549 0.7510811
vt 0.98601186 0.7510811
vt 0.9375549 0.99641114
vt 0.91609097 0.99641114
vt 0.91609097 0.7510811
vt 0.91609097 0.7510811
vt 0.91609097 0.99641114
vt 0.89457524 0.99641114
vt 0.89457554 0.7510811
vt 0.7629381 0.75108004
vt 0.7629375 0.99641114
vt 0.8721831 0.7508285
vt 0.94790053 0.7508285
vt 0.94790053 0.8171453
vt 0.8721831 0.8171453
vt 0.80642223 0.7508285
vt 0.8721831 0.7508285
vt 0.8721831 0.8171453
vt 0.80642223 0.8171453
vt 0.036328256 0.7544905
vt 0.0037037209 0.7544905
vt 0.0037037209 0.6201811
vt 0.036328256 0.6201811
vt 0.050779328 0.6201811
vt 0.050779328 0.7544905
vt 0.06526512 0.6201811
vt 0.050779328 0.7544905
vt 0.050779328 0.6201811
vt 0.06526512 0.7544905
vt 0.15389252 0.6201811
vt 0.15389353 0.75449026
vt 0.24421856 0.62016726
vt 0.24422051 0.75447667
vt 0.9120144 0.99893767
vt 0.93161803 0.9989377
vt 0.93161803 0.98075694
vt 0.9120144 0.9807569
vt 0.9033311 0.99893767
vt 0.9033311 0.98075694
vt 0.8946268 0.99893767
vt 0.8946268 0.98075694
vt 0.8413721 0.9989377
vt 0.8413717 0.9807571
vt 0.84198236 0.7508285
vt 0.8483504 0.7508285
vt 0.8483504 0.8171453
vt 0.84198236 0.8171453
vt 0.036328256 0.7544905
vt 0.0037037209 0.6201811
vt 0.0037037209 0.7544905
vt 0.036328256 0.6201811
vt 0.050779328 0.6201811
vt 0.050779328 0.7544905
vt 0.06526512 0.6201811
vt 0.050779328 0.6201811
vt 0.050779328 0.7544905
vt 0.06526512 0.7544905
vt 0.15389252 0.6201811
vt 0.15389353 0.75449026
vt 0.24421856 0.62016726
vt 0.24422051 0.75447667
vt 0.9120144 0.99893767
vt 0.93161803 0.98075694
vt 0.93161803 0.9989377
vt 0.9120144 0.9807569
vt 0.9033311 0.99893767
vt 0.9033311 0.98075694
vt 0.8946268 0.99893767
vt 0.8946268 0.98075694
vt 0.8413721 0.9989377
vt 0.8413717 0.9807571
vt 0.84198236 0.7508285
vt 0.84198236 0.8171453
vt 0.8483504 0.8171453
vt 0.8483504 0.7508285
vt 0.45787388 0.41001028
vt 0.46971235 0.41001028
vt 0.46971235 0.40650916
vt 0.45787388 0.40650916
vt 0.46971223 0.41096792
vt 0.46971223 0.41096792
vt 0.46971235 0.40650916
vt 0.46971235 0.40650916
vt 0.46971235 0.41001028
vt 0.45787388 0.41001028
vt 0.45787388 0.40650916
vt 0.46971235 0.40650916
vt 0.46971235 0.41001028
vt 0.46971235 0.40650916
vt 0.46971223 0.41096792
vt 0.46971223 0.41096792
vt 0.46971235 0.40650916
vt 0.46971235 0.41001028
vt 0.45787388 0.41001028
vt 0.45787388 0.40650916
vt 0.46971235 0.40650916
vt 0.46971235 0.41001028
vt 0.46971235 0.40650916
vt 0.46971223 0.41096792
vt 0.46971223 0.41096792
vt 0.46971235 0.40650916
vt 0.46971235 0.41001028
vt 0.46724063 0.41096765
vt 0.46724063 0.41001028
vt 0.46971235 0.41001028
vt 0.46971223 0.41096792
vt 0.46724063 0.41096765
vt 0.46971223 0.41096792
vt 0.46971223 0.41096792
vt 0.46724063 0.41096765
vt 0.46931878 0.40933633
vt 0.46931875 0.40673658
vt 0.46931875 0.40933636
vt 0.46931878 0.40673655
vt 0.46931878 0.4081514
vt 0.46931878 0.4059452
vt 0.46931878 0.40552983
vt 0.46931878 0.40452927
vt 0.4693188 0.39589894
vt 0.4693188 0.3968995
vt 0.4693188 0.39548355
vt 0.4693188 0.39327738
vt 0.4693188 0.39469218
vt 0.4693188 0.3920924
vt 0.46931878 0.3946922
vt 0.46931878 0.3920924
vt 0.46931878 0.40933633
vt 0.46931875 0.40933636
vt 0.46724063 0.40933636
vt 0.46724066 0.40933633
vt 0.46931878 0.4081514
vt 0.46724066 0.4081514
vt 0.46724066 0.4081514
vt 0.46931878 0.40552983
vt 0.46931878 0.4081514
vt 0.46724066 0.40552983
vt 0.46724066 0.39589894
vt 0.4693188 0.39589894
vt 0.46724066 0.39327738
vt 0.4693188 0.39327738
vt 0.45787388 0.41001028
vt 0.46971235 0.41001028
vt 0.46971235 0.40650916
vt 0.45787388 0.40650916
vt 0.46971223 0.41096792
vt 0.46971223 0.41096792
vt 0.46971235 0.40650916
vt 0.46971235 0.40650916
vt 0.46971235 0.41001028
vt 0.46724063 0.41096765
vt 0.46971223 0.41096792
vt 0.46971235 0.41001028
vt 0.46724063 0.41001028
vt 0.46724063 0.41096765
vt 0.46971223 0.41096792
vt 0.46971223 0.41096792
vt 0.46931878 0.40933633
vt 0.46931875 0.40933636
vt 0.46931875 0.40673658
vt 0.46931878 0.40673655
vt 0.46931878 0.4081514
vt 0.46931878 0.4059452
vt 0.46931878 0.40552983
vt 0.46931878 0.40452927
vt 0.4693188 0.39589894
vt 0.4693188 0.3968995
vt 0.4693188 0.39548355
vt 0.4693188 0.39327738
vt 0.4693188 0.39469218
vt 0.4693188 0.3920924
vt 0.46931878 0.3946922
vt 0.46931878 0.3920924
vt 0.46931878 0.40933633
vt 0.46724063 0.40933636
vt 0.46931875 0.40933636
vt 0.46724066 0.40933633
vt 0.46931878 0.4081514
vt 0.46724066 0.4081514
vt 0.46724066 0.4081514
vt 0.46931878 0.4081514
vt 0.46931878 0.40552983
vt 0.46724066 0.40552983
vt 0.46724066 0.39589894
vt 0.4693188 0.39589894
vt 0.46724066 0.39327738
vt 0.4693188 0.39327738
vt 0.008467725 0.8837893
vt 0.9975596 0.8837893
vt 0.9975596 0.9948703
vt 0.008467725 0.9948703
vt 0 1
vt 0.3837843 1
vt 0.3837843 0.5
vt 0 0.5
vt 0.3837843 0
vt 0 0
vt 0.61621225 0.5
vt 1 0
vt 0.61621225 0
vt 1 0.5
vt 0.61621225 1
vt 1 1
vt 0 0.24407727
vt 0 0.39049998
vt 0.48481375 0.39049998
vt 0.48481375 0.24407727
vt 0 0.24407727
vt 0 0.39049998
vt 0.48481375 0.39049998
vt 0.48481375 0.24407727
vt 0 0.24407727
vt 0 0.39049998
vt 0.48481375 0.39049998
vt 0.48481375 0.24407727
vt 0 0.24407727
vt 0 0.39049998
vt 0.48481375 0.39049998
vt 0.48481375 0.24407727
vt 0 0.24407727
vt 0 0.39049998
vt 0.48481375 0.39049998
vt 0.48481375 0.24407727
vt 0 0.4670653
vt 0 0.4836201
vt 1 0.53631485
vt 0 0.4670653
vt 1 0.53631485
vt 1 0.5209453
vt 0 0.4670653
vt 0 0.48362014
vt 1 0.53631485
vt 0 0.4670653
vt 1 0.53631485
vt 1 0.5209453
vt 0 0.4836201
vt 0 1
vt 1 1
vt 0 0.4836201
vt 1 1
vt 1 0.53631485
vt 0 0.48362014
vt 0 1
vt 1 1
vt 0 0.48362014
vt 1 1
vt 1 0.53631485
vt 0.9319103 -2.9802322E-08
vt 0.7913439 -2.9802322E-08
vt 0.78144526 0.49658442
vt 0.9319103 1
vt 0.06808984 1
vt 0.22369885 0.52726424
vt 0.20865613 -2.9802322E-08
vt 0.06808972 -2.9802322E-08
vt 0 0.4670653
vt 1 0.5209453
vt 1 0.538346
vt 0 0.48696628
vt 0 0.9485208
vt 0 0.34915233
vt 0.27916262 0.289277
vt 0.27916262 0.4544019
vt 0.63187855 0.4544019
vt 1 0.948515
vt 0.63187855 0.29049414
vt 1 0.3490794
vt 1 0
vt 0.63187855 0
vt 0.63187855 0.27961093
vt 1 0.33611414
vt 1 0.94852066
vt 1 0.3491523
vt 0.63187855 0.29044622
vt 0.63187855 0.4544019
vt 0 0.94852066
vt 0.27916262 0.4544019
vt 0.27916262 0.289277
vt 0 0.3491523
vt 0 0.34915233
vt 0 0.3406898
vt 0.27916262 0.282255
vt 0.27916262 0.289277
vt 0.63187855 0.29049414
vt 0.63187855 0.2834318
vt 1 0.34057626
vt 1 0.3490794
vt 0.27916262 0.289277
vt 0.2791626 0.27850312
vt 0 0.33616474
vt 0 0.3491523
vt 1 0.538346
vt 1 1
vt 0 1
vt 0 0.48696628
vt 0.63187855 0.27961093
vt 0.63187855 0.29044622
vt 1 0.3491523
vt 1 0.33611414
vt 0 0.3406898
vt 0 0.075449124
vt 0.27916262 0.06252441
vt 0.27916262 0.282255
vt 0.63187855 0.2834318
vt 0.63187855 0.062877655
vt 1 0.075345516
vt 1 0.34057626
vt 0.2791626 0.27850312
vt 0.27916262 0
vt 0 0
vt 0 0.33616474
vt 0.9798823 0.24630547
vt 0.97316647 0.24630544
vt 0.97346216 0.48122722
vt 0.9798826 0.48122722
vt 0.94543236 0.2463053
vt 0.9456339 0.4812272
vt 0.97346216 0.48122722
vt 0.97316647 0.24630544
vt 0.8931402 0.24630505
vt 0.89316416 0.4812271
vt 0.9113482 0.48122713
vt 0.9112627 0.24630514
vt 0.9798823 0.24630547
vt 0.9798826 0.48122722
vt 0.97346216 0.48122722
vt 0.97316647 0.24630544
vt 0.94543236 0.2463053
vt 0.97316647 0.24630544
vt 0.97346216 0.48122722
vt 0.9456339 0.4812272
vt 0.8931402 0.24630505
vt 0.9112627 0.24630514
vt 0.9113482 0.48122713
vt 0.89316416 0.4812271
vt 0.9798823 0.24630547
vt 0.97316647 0.24630544
vt 0.97346216 0.48122722
vt 0.9798826 0.48122722
vt 0.94896835 0.24630532
vt 0.8931402 0.24630505
vt 0.89316416 0.4812271
vt 0.94901764 0.48122716
vt 0.94896835 0.24630532
vt 0.94901764 0.48122716
vt 0.89316416 0.4812271
vt 0.8931402 0.24630505
vn 0.0008564665 0.043958258 0.999033
vn 0.00085646636 0.043958254 0.999033
vn 0.0008564664 0.043958258 0.999033
vn 0.0008564664 0.043958258 0.999033
vn -0.99962103 0.027510175 0.00092589745
vn -0.99962103 0.027510175 0.00092589745
vn -0.99962103 0.027510174 0.00092589745
vn -0.99962103 0.02751018 0.0009258976
vn 1 2.80083E-06 0
vn 1 2.8008303E-06 0
vn 1 2.8008303E-06 0
vn 1 2.8008303E-06 0
vn 0.00085648923 0.04395942 0.999033
vn 0.0008564891 0.043959424 0.999033
vn 0.0008564892 0.043959424 0.999033
vn 0.0008564893 0.043959428 0.999033
vn -0.99962103 0.027510675 0.00092590135
vn -0.99962103 0.027510673 0.00092590135
vn -0.99962103 0.027510675 0.00092590135
vn -0.99962103 0.027510675 0.00092590135
vn 1 2.800866E-06 0
vn 1 2.800866E-06 0
vn 1 2.8008656E-06 0
vn 1 2.8008658E-06 0
vn -0.12789837 0 -0.99178725
vn -0.12789837 0 -0.99178725
vn -0.28214476 0 -0.9593718
vn -0.12789719 0 -0.9917875
vn -0.12789719 0 -0.9917875
vn -0.2821441 0 -0.95937204
vn -0.12789719 0 -0.9917875
vn -0.12789719 0 -0.9917875
vn -0.28214538 0 -0.9593717
vn -0.12789837 0 -0.99178725
vn -0.12789837 0 -0.99178725
vn -0.28214476 0 -0.9593718
vn -0.12789719 0 -0.9917875
vn -0.12789719 0 -0.9917875
vn -0.2821441 0 -0.95937204
vn -0.12789719 0 -0.9917875
vn -0.12789719 0 -0.9917875
vn -0.28214538 0 -0.9593717
vn -0.12789837 0 -0.99178725
vn -0.12789837 0 -0.99178725
vn -0.28214476 0 -0.9593718
vn -0.12789719 0 -0.9917875
vn -0.12789719 0 -0.9917875
vn -0.2821441 0 -0.95937204
vn -0.12789719 0 -0.9917875
vn -0.12789719 0 -0.9917875
vn -0.28214538 0 -0.9593717
vn 0.135689 0 0.9907514
vn 0.29057655 0 0.9568517
vn 0.135689 0 0.9907514
vn 0.29057655 0 0.9568517
vn 0.5979156 0 0.80155915
vn 0.5979156 0 0.80155915
vn 0.81629485 0 0.5776354
vn 0.81629485 0 0.5776354
vn 0.81629485 0 0.5776354
vn 0.95339066 0 0.30173877
vn 0.81629485 0 0.5776354
vn 0.95339066 0 0.30173877
vn 1 0 0
vn 1 0 0
vn 0.95339066 0 -0.30173892
vn 0.95339066 0 -0.30173892
vn 0.8162944 0 -0.57763624
vn 0.8162944 0 -0.57763624
vn 0.59791386 0 -0.8015604
vn 0.59791386 0 -0.8015604
vn 0.29131487 0 -0.95662725
vn 0.29131487 0 -0.95662725
vn 0.29131487 0 -0.95662725
vn 0.1371403 0 -0.9905517
vn 0.1371403 0 -0.9905517
vn 0.29131487 0 -0.95662725
vn -0.004809641 -0.99934024 -0.03599708
vn -0.01018805 -0.9993611 -0.034259062
vn -0.0048096403 -0.99934024 -0.035997074
vn -0.010330926 -0.9993612 -0.034212884
vn -0.02144706 -0.9993562 -0.028762862
vn -0.02139052 -0.9993562 -0.0288036
vn -0.029470917 -0.9993482 -0.02084545
vn -0.029407412 -0.99934834 -0.02093104
vn -0.034611866 -0.99934083 -0.010944422
vn -0.034588255 -0.99934095 -0.011015462
vn -0.036382582 -0.99933785 3.2649476E-07
vn -0.03638258 -0.99933785 -3.9901565E-07
vn -0.0346138 -0.99934083 0.010943834
vn -0.034590635 -0.99934083 0.011013533
vn -0.029467551 -0.99934834 0.020847896
vn -0.029405307 -0.99934834 0.020931708
vn -0.021447135 -0.9993563 0.02875785
vn -0.021389073 -0.9993563 0.02879963
vn -0.010228353 -0.9993611 0.034247614
vn -0.010363663 -0.9993612 0.034203585
vn -0.0048677204 -0.99934024 0.035991333
vn -0.0048677204 -0.99934024 0.035991326
vn -0.12789837 0 -0.99178725
vn -0.28214476 0 -0.9593718
vn -0.28214476 0 -0.9593718
vn -0.59600914 0 -0.80297756
vn -0.59600914 0 -0.80297756
vn -0.81493515 0 -0.5795522
vn -0.81493515 0 -0.5795522
vn -0.9529689 0 -0.3030682
vn -0.9529689 0 -0.3030682
vn -1 0 0
vn -0.9529689 0 -0.3030682
vn -1 0 0
vn -1 0 0
vn -0.95296955 0 0.3030658
vn -0.95296955 0 0.3030658
vn -0.8147085 -0.00013670548 0.57987094
vn -0.8147085 -0.00013670548 0.57987094
vn -0.5959665 -0.00031091366 0.8030093
vn -0.59604007 -0.00031089244 0.8029546
vn -0.59604007 -0.00031089244 0.8029546
vn -0.5959665 -0.00031091366 0.8030093
vn -0.28363803 -0.00015659713 0.9589314
vn -0.28363803 -0.00015659713 0.9589314
vn -0.12968561 0 0.99155515
vn -0.12968561 0 0.99155515
vn -0.13561133 0 0.9907622
vn -0.13561133 0 0.9907622
vn -0.29048833 0 0.95687854
vn -0.29048833 0 0.95687854
vn -0.5979122 0 0.80156165
vn -0.5979122 0 0.80156165
vn -0.8162916 0 0.5776401
vn -0.8162916 0 0.5776401
vn -0.9533929 0 0.30173153
vn -0.9533929 0 0.30173153
vn -1 0 0
vn -1 0 0
vn -1 0 0
vn -1 0 0
vn -0.9533929 0 -0.30173168
vn -0.9533929 0 -0.30173168
vn -0.8162909 0 -0.5776409
vn -0.8162909 0 -0.5776409
vn -0.59791046 0 -0.80156296
vn -0.59791046 0 -0.80156296
vn -0.2912264 0 -0.9566541
vn -0.2912264 0 -0.9566541
vn -0.13706177 0 -0.9905625
vn -0.13706177 0 -0.9905625
vn 0.004806498 -0.9993401 -0.036002856
vn 0.0048064985 -0.9993401 -0.036002856
vn 0.010184294 -0.999361 -0.034263033
vn 0.01032745 -0.9993611 -0.0342167
vn 0.021447033 -0.9993561 -0.028766528
vn 0.021390518 -0.9993561 -0.028807202
vn 0.02947063 -0.9993482 -0.020847071
vn 0.029407158 -0.99934834 -0.020932715
vn 0.03461187 -0.99934083 -0.010944517
vn 0.03458827 -0.99934095 -0.011015458
vn 0.036382925 -0.99933785 3.257109E-07
vn 0.036382925 -0.99933785 -4.0059746E-07
vn 0.03461379 -0.99934083 0.0109457495
vn 0.03459064 -0.99934083 0.011015372
vn 0.029467234 -0.9993482 0.020851362
vn 0.029405033 -0.99934834 0.020935198
vn 0.021447062 -0.9993561 0.02876514
vn 0.02138905 -0.9993561 0.028806891
vn 0.010224578 -0.99936086 0.0342557
vn 0.010360174 -0.999361 0.03421159
vn 0.004864537 -0.99934 0.03599862
vn 0.0048645376 -0.99934 0.03599862
vn 0.12779717 0 -0.99180037
vn 0.28202534 0 -0.9594069
vn 0.12779717 0 -0.99180037
vn 0.28202534 0 -0.9594069
vn 0.5960106 0 -0.8029766
vn 0.5960106 0 -0.8029766
vn 0.8149338 0 -0.5795542
vn 0.8149338 0 -0.5795542
vn 0.8149338 0 -0.5795542
vn 0.95296395 0 -0.30308375
vn 0.8149338 0 -0.5795542
vn 0.95296395 0 -0.30308375
vn 1 0 0
vn 1 0 0
vn 0.9529647 0 0.3030814
vn 0.9529647 0 0.3030814
vn 0.81470704 -0.00013707978 0.57987285
vn 0.81470704 -0.00013707978 0.57987285
vn 0.81470704 -0.00013707978 0.57987285
vn 0.595968 -0.00031087696 0.8030082
vn 0.81470704 -0.00013707978 0.57987285
vn 0.59604156 -0.0003108562 0.8029534
vn 0.28351814 -0.00015615716 0.9589669
vn 0.28351814 -0.00015615716 0.9589669
vn 0.12958302 0 0.9915686
vn 0.12958302 0 0.9915686
vn 0.1356905 0 0.99075127
vn 0.29057655 0 0.9568517
vn 0.1356905 0 0.99075127
vn 0.29057655 0 0.9568517
vn 0.597915 0 0.8015595
vn 0.597915 0 0.8015595
vn 0.81629485 0 0.5776354
vn 0.81629485 0 0.5776354
vn 0.81629485 0 0.5776354
vn 0.95339066 0 0.30173892
vn 0.81629485 0 0.5776354
vn 0.95339066 0 0.30173892
vn 1 0 0
vn 1 0 0
vn 0.95339066 0 -0.30173892
vn 0.95339066 0 -0.30173892
vn 0.8162934 0 -0.5776375
vn 0.8162934 0 -0.5776375
vn 0.59791386 0 -0.8015604
vn 0.59791386 0 -0.8015604
vn 0.2913164 0 -0.95662683
vn 0.2913164 0 -0.95662683
vn 0.2913164 0 -0.95662683
vn 0.1371403 0 -0.9905517
vn 0.1371403 0 -0.9905517
vn 0.2913164 0 -0.95662683
vn -0.0048096883 -0.99934024 -0.03599708
vn -0.010188024 -0.9993611 -0.034259062
vn -0.004809688 -0.99934024 -0.035997074
vn -0.010330898 -0.9993612 -0.034212884
vn -0.021447035 -0.9993562 -0.028762862
vn -0.021390487 -0.9993562 -0.0288036
vn -0.029470945 -0.9993482 -0.02084545
vn -0.029407438 -0.99934834 -0.02093104
vn -0.034611866 -0.99934083 -0.010944422
vn -0.034588255 -0.99934095 -0.011015462
vn -0.036382552 -0.99933785 3.2649476E-07
vn -0.036382552 -0.99933785 -3.9901565E-07
vn -0.03461383 -0.99934083 0.010943835
vn -0.034590665 -0.99934083 0.011013534
vn -0.029467551 -0.99934834 0.02084792
vn -0.0294053 -0.99934834 0.020931732
vn -0.021447089 -0.9993563 0.028757904
vn -0.021389036 -0.9993563 0.028799677
vn -0.010228418 -0.9993611 0.03424767
vn -0.010363726 -0.9993612 0.034203637
vn -0.0048678224 -0.99934024 0.035991367
vn -0.0048678224 -0.99934024 0.035991374
vn -0.12789719 0 -0.9917875
vn -0.2821441 0 -0.95937204
vn -0.2821441 0 -0.95937204
vn -0.59600914 0 -0.80297756
vn -0.59600914 0 -0.80297756
vn -0.81493515 0 -0.5795522
vn -0.81493515 0 -0.5795522
vn -0.95296884 0 -0.30306846
vn -0.95296884 0 -0.30306846
vn -1 0 0
vn -0.95296884 0 -0.30306846
vn -1 0 0
vn -1 0 0
vn -0.95296955 0 0.3030658
vn -0.95296955 0 0.3030658
vn -0.8147086 -0.00013670538 0.5798705
vn -0.8147086 -0.00013670538 0.5798705
vn -0.5959674 -0.00031091328 0.80300856
vn -0.5960411 -0.00031089215 0.8029539
vn -0.5960411 -0.00031089215 0.8029539
vn -0.5959674 -0.00031091328 0.80300856
vn -0.28363743 -0.00015659716 0.9589316
vn -0.28363743 -0.00015659716 0.9589316
vn -0.12968324 0 0.9915555
vn -0.12968324 0 0.9915555
vn -0.13561279 0 0.99076194
vn -0.13561279 0 0.99076194
vn -0.2904883 0 0.95687854
vn -0.2904883 0 0.95687854
vn -0.5979116 0 0.801562
vn -0.5979116 0 0.801562
vn -0.8162916 0 0.5776401
vn -0.8162916 0 0.5776401
vn -0.9533929 0 0.30173168
vn -0.9533929 0 0.30173168
vn -1 0 0
vn -1 0 0
vn -1 0 0
vn -1 0 0
vn -0.9533929 0 -0.30173168
vn -0.9533929 0 -0.30173168
vn -0.8162901 0 -0.5776422
vn -0.8162901 0 -0.5776422
vn -0.5979105 0 -0.8015629
vn -0.5979105 0 -0.8015629
vn -0.29122794 0 -0.9566538
vn -0.29122794 0 -0.9566538
vn -0.13706177 0 -0.9905625
vn -0.13706177 0 -0.9905625
vn 0.004806547 -0.9993401 -0.036002856
vn 0.004806547 -0.9993401 -0.036002856
vn 0.0101842685 -0.999361 -0.034263033
vn 0.010327423 -0.9993611 -0.0342167
vn 0.021447005 -0.9993561 -0.028766528
vn 0.021390487 -0.9993561 -0.028807202
vn 0.029470662 -0.9993482 -0.020847071
vn 0.02940719 -0.99934834 -0.020932715
vn 0.03461187 -0.99934083 -0.010944517
vn 0.03458827 -0.99934095 -0.011015458
vn 0.03638289 -0.99933785 3.257109E-07
vn 0.03638289 -0.99933785 -4.0059746E-07
vn 0.034613818 -0.99934083 0.010945749
vn 0.03459067 -0.99934083 0.011015372
vn 0.029467225 -0.9993482 0.02085137
vn 0.029405016 -0.99934834 0.020935208
vn 0.021446994 -0.9993561 0.028765172
vn 0.021388996 -0.9993561 0.028806914
vn 0.010224636 -0.99936086 0.034255743
vn 0.010360233 -0.999361 0.034211636
vn 0.004864642 -0.99934 0.03599867
vn 0.0048646415 -0.99934 0.035998672
vn 0.12779595 0 -0.9918005
vn 0.2820247 0 -0.95940715
vn 0.12779595 0 -0.9918005
vn 0.2820247 0 -0.95940715
vn 0.5960106 0 -0.8029766
vn 0.5960106 0 -0.8029766
vn 0.8149338 0 -0.5795542
vn 0.8149338 0 -0.5795542
vn 0.8149338 0 -0.5795542
vn 0.9529638 0 -0.30308396
vn 0.8149338 0 -0.5795542
vn 0.9529638 0 -0.30308396
vn 1 0 0
vn 1 0 0
vn 0.9529647 0 0.3030814
vn 0.9529647 0 0.3030814
vn 0.81470716 -0.0001363306 0.57987255
vn 0.81470716 -0.0001363306 0.57987255
vn 0.81470716 -0.0001363306 0.57987255
vn 0.5959689 -0.00031012326 0.8030074
vn 0.81470716 -0.0001363306 0.57987255
vn 0.5960426 -0.0003101021 0.80295277
vn 0.28351745 -0.00015615718 0.95896703
vn 0.28351745 -0.00015615718 0.95896703
vn 0.12958062 0 0.99156886
vn 0.12958062 0 0.99156886
vn 0.13569197 0 0.9907511
vn 0.29057807 0 0.9568513
vn 0.13569197 0 0.9907511
vn 0.29057807 0 0.9568513
vn 0.597915 0 0.8015595
vn 0.597915 0 0.8015595
vn 0.8162946 0 0.5776359
vn 0.8162946 0 0.5776359
vn 0.8162946 0 0.5776359
vn 0.95339036 0 0.30173966
vn 0.8162946 0 0.5776359
vn 0.95339036 0 0.30173966
vn 1 0 0
vn 1 0 0
vn 0.9533908 0 -0.3017381
vn 0.9533908 0 -0.3017381
vn 0.8162934 0 -0.5776375
vn 0.8162934 0 -0.5776375
vn 0.59791267 0 -0.8015612
vn 0.59791267 0 -0.8015612
vn 0.2913164 0 -0.95662683
vn 0.2913164 0 -0.95662683
vn 0.2913164 0 -0.95662683
vn 0.13714324 0 -0.99055123
vn 0.13714324 0 -0.99055123
vn 0.2913164 0 -0.95662683
vn -0.0048096883 -0.99934024 -0.03599708
vn -0.010188076 -0.9993611 -0.034259062
vn -0.004809688 -0.99934024 -0.035997074
vn -0.010330952 -0.9993612 -0.034212884
vn -0.021447035 -0.9993562 -0.028762862
vn -0.02139049 -0.9993562 -0.0288036
vn -0.029470887 -0.9993482 -0.02084545
vn -0.029407378 -0.99934834 -0.02093104
vn -0.034611862 -0.99934083 -0.01094444
vn -0.034588244 -0.99934095 -0.011015475
vn -0.03638264 -0.99933785 3.4496594E-07
vn -0.03638264 -0.99933785 -4.1325512E-07
vn -0.034613874 -0.99934083 0.010943827
vn -0.03459071 -0.99934083 0.011013527
vn -0.029467577 -0.99934834 0.020847939
vn -0.029405331 -0.99934834 0.020931749
vn -0.021447128 -0.9993563 0.028757958
vn -0.021389084 -0.9993563 0.028799728
vn -0.010228433 -0.9993611 0.034247722
vn -0.010363743 -0.9993612 0.03420369
vn -0.0048679244 -0.99934024 0.035991415
vn -0.004867925 -0.99934024 0.035991415
vn -0.12789719 0 -0.9917875
vn -0.28214538 0 -0.9593717
vn -0.28214538 0 -0.9593717
vn -0.5960092 0 -0.8029777
vn -0.5960092 0 -0.8029777
vn -0.8149347 0 -0.5795529
vn -0.8149347 0 -0.5795529
vn -0.9529689 0 -0.30306798
vn -0.9529689 0 -0.30306798
vn -1 0 0
vn -0.9529689 0 -0.30306798
vn -1 0 0
vn -1 0 0
vn -0.95296955 0 0.30306625
vn -0.95296955 0 0.30306625
vn -0.8147081 -0.00013670555 0.57987124
vn -0.8147081 -0.00013670555 0.57987124
vn -0.59596646 -0.0003109136 0.8030093
vn -0.59604007 -0.00031089244 0.8029546
vn -0.59604007 -0.00031089244 0.8029546
vn -0.59596646 -0.0003109136 0.8030093
vn -0.28363866 -0.00015659712 0.95893115
vn -0.28363866 -0.00015659712 0.95893115
vn -0.12968802 0 0.9915549
vn -0.12968802 0 0.9915549
vn -0.13561426 0 0.9907617
vn -0.13561426 0 0.9907617
vn -0.29048985 0 0.9568781
vn -0.29048985 0 0.9568781
vn -0.5979116 0 0.801562
vn -0.5979116 0 0.801562
vn -0.8162913 0 0.57764053
vn -0.8162913 0 0.57764053
vn -0.9533926 0 0.30173245
vn -0.9533926 0 0.30173245
vn -1 0 0
vn -1 0 0
vn -1 0 0
vn -1 0 0
vn -0.95339304 0 -0.30173093
vn -0.95339304 0 -0.30173093
vn -0.8162901 0 -0.5776422
vn -0.8162901 0 -0.5776422
vn -0.59790933 0 -0.80156374
vn -0.59790933 0 -0.80156374
vn -0.29122794 0 -0.9566538
vn -0.29122794 0 -0.9566538
vn -0.13706474 0 -0.99056214
vn -0.13706474 0 -0.99056214
vn 0.004806547 -0.9993401 -0.036002856
vn 0.004806547 -0.9993401 -0.036002856
vn 0.01018432 -0.999361 -0.034263033
vn 0.010327476 -0.9993611 -0.0342167
vn 0.021447003 -0.9993561 -0.028766528
vn 0.021390488 -0.9993561 -0.028807202
vn 0.029470602 -0.9993482 -0.020847071
vn 0.029407132 -0.99934834 -0.020932715
vn 0.034611847 -0.99934083 -0.0109445285
vn 0.034588244 -0.99934095 -0.011015466
vn 0.03638292 -0.99933785 3.423603E-07
vn 0.036382925 -0.99933785 -4.1610204E-07
vn 0.03461382 -0.99934083 0.01094573
vn 0.034590665 -0.99934083 0.011015355
vn 0.029467253 -0.9993482 0.020851392
vn 0.029405044 -0.99934834 0.020935224
vn 0.021447042 -0.9993561 0.028765239
vn 0.021389049 -0.9993561 0.028806973
vn 0.010224652 -0.99936086 0.034255803
vn 0.010360249 -0.999361 0.034211695
vn 0.0048647416 -0.99934 0.035998702
vn 0.004864741 -0.99934 0.03599871
vn 0.12779595 0 -0.9918005
vn 0.28202596 0 -0.9594068
vn 0.12779595 0 -0.9918005
vn 0.28202596 0 -0.9594068
vn 0.5960106 0 -0.8029766
vn 0.5960106 0 -0.8029766
vn 0.81493324 0 -0.57955486
vn 0.81493324 0 -0.57955486
vn 0.81493324 0 -0.57955486
vn 0.95296407 0 -0.30308354
vn 0.81493324 0 -0.57955486
vn 0.95296407 0 -0.30308354
vn 1 0 0
vn 1 0 0
vn 0.9529645 0 0.30308184
vn 0.9529645 0 0.30308184
vn 0.8147067 -0.00013633077 0.5798732
vn 0.8147067 -0.00013633077 0.5798732
vn 0.8147067 -0.00013633077 0.5798732
vn 0.595968 -0.00031012358 0.8030082
vn 0.8147067 -0.00013633077 0.5798732
vn 0.59604156 -0.00031010236 0.80295354
vn 0.2835187 -0.00015615713 0.9589667
vn 0.2835187 -0.00015615713 0.9589667
vn 0.12958542 0 0.99156827
vn 0.12958542 0 0.99156827
vn 0.135689 0 0.9907514
vn 0.29057655 0 0.9568517
vn 0.135689 0 0.9907514
vn 0.29057655 0 0.9568517
vn 0.5979156 0 0.80155915
vn 0.5979156 0 0.80155915
vn 0.81629485 0 0.5776354
vn 0.81629485 0 0.5776354
vn 0.81629485 0 0.5776354
vn 0.95339066 0 0.30173877
vn 0.81629485 0 0.5776354
vn 0.95339066 0 0.30173877
vn 1 0 0
vn 1 0 0
vn 0.95339066 0 -0.30173892
vn 0.95339066 0 -0.30173892
vn 0.8162926 0 -0.5776386
vn 0.8162926 0 -0.5776386
vn 0.59791386 0 -0.80156034
vn 0.59791386 0 -0.80156034
vn 0.29131576 0 -0.95662695
vn 0.29131576 0 -0.95662695
vn 0.29131576 0 -0.95662695
vn 0.1371403 0 -0.9905517
vn 0.1371403 0 -0.9905517
vn 0.29131576 0 -0.95662695
vn -0.0048096417 -0.99934024 -0.035997096
vn -0.010188049 -0.9993611 -0.034259073
vn -0.0048096417 -0.99934024 -0.0359971
vn -0.010330926 -0.9993612 -0.034212895
vn -0.021447068 -0.9993561 -0.02876657
vn -0.021390526 -0.9993561 -0.028807262
vn -0.029470928 -0.9993482 -0.020849105
vn -0.02940742 -0.9993482 -0.020934766
vn -0.0346119 -0.99934083 -0.010944431
vn -0.03458829 -0.99934095 -0.011015469
vn -0.03638262 -0.99933785 3.2597464E-07
vn -0.036382616 -0.99933785 -3.9964868E-07
vn -0.03461381 -0.99934083 0.010943836
vn -0.034590647 -0.99934083 0.011013535
vn -0.02946755 -0.99934834 0.020847896
vn -0.029405305 -0.99934834 0.020931708
vn -0.02144713 -0.9993561 0.028765166
vn -0.021389069 -0.9993561 0.028807046
vn -0.010228351 -0.99936086 0.034254238
vn -0.010363661 -0.999361 0.03421038
vn -0.004867721 -0.99934024 0.03599133
vn -0.0048677204 -0.99934024 0.035991333
vn -0.12789837 0 -0.99178725
vn -0.28214476 0 -0.9593718
vn -0.28214476 0 -0.9593718
vn -0.59600914 0 -0.80297756
vn -0.59600914 0 -0.80297756
vn -0.81493515 0 -0.5795522
vn -0.81493515 0 -0.5795522
vn -0.9529689 0 -0.3030682
vn -0.9529689 0 -0.3030682
vn -1 0 0
vn -0.9529689 0 -0.3030682
vn -1 0 0
vn -1 0 0
vn -0.95296955 0 0.3030658
vn -0.95296955 0 0.3030658
vn -0.8147085 -0.00013651818 0.57987094
vn -0.8147085 -0.00013651818 0.57987094
vn -0.5959665 -0.00031046144 0.8030093
vn -0.59604007 -0.0003104403 0.8029546
vn -0.59604007 -0.0003104403 0.8029546
vn -0.5959665 -0.00031046144 0.8030093
vn -0.28363803 -0.0001563589 0.9589314
vn -0.28363803 -0.0001563589 0.9589314
vn -0.12968561 0 0.99155515
vn -0.12968561 0 0.99155515
vn -0.13561292 0 0.99076194
vn -0.13561292 0 0.99076194
vn -0.29049015 0 0.956878
vn -0.29049015 0 0.956878
vn -0.5979122 0 0.80156165
vn -0.5979122 0 0.80156165
vn -0.8162916 0 0.5776401
vn -0.8162916 0 0.5776401
vn -0.9533929 0 0.30173153
vn -0.9533929 0 0.30173153
vn -1 0 0
vn -1 0 0
vn -1 0 0
vn -1 0 0
vn -0.9533929 0 -0.30173168
vn -0.9533929 0 -0.30173168
vn -0.8162909 0 -0.5776409
vn -0.8162909 0 -0.5776409
vn -0.59791046 0 -0.80156296
vn -0.59791046 0 -0.80156296
vn -0.2912283 0 -0.95665365
vn -0.2912283 0 -0.95665365
vn -0.13706343 0 -0.99056226
vn -0.13706343 0 -0.99056226
vn 0.0048064985 -0.99934036 -0.035996687
vn 0.0048064995 -0.99934036 -0.03599669
vn 0.010184304 -0.9993611 -0.03425966
vn 0.010327462 -0.9993612 -0.034213405
vn 0.021447038 -0.9993561 -0.02876654
vn 0.021390527 -0.9993561 -0.028807221
vn 0.029470611 -0.9993482 -0.02084706
vn 0.02940714 -0.99934834 -0.020932702
vn 0.034611862 -0.99934083 -0.010944511
vn 0.034588266 -0.99934095 -0.01101545
vn 0.03638293 -0.99933785 3.259709E-07
vn 0.036382925 -0.99933785 -3.999644E-07
vn 0.034613784 -0.99934083 0.010945744
vn 0.03459063 -0.99934083 0.01101537
vn 0.02946723 -0.9993482 0.020851359
vn 0.029405028 -0.99934834 0.02093519
vn 0.021447051 -0.9993561 0.02876513
vn 0.021389043 -0.9993561 0.028806882
vn 0.010224577 -0.999361 0.03425231
vn 0.010360173 -0.9993611 0.03420827
vn 0.00486454 -0.99934024 0.03599247
vn 0.004864541 -0.99934024 0.035992473
vn 0.12779717 0 -0.99180037
vn 0.28202534 0 -0.9594069
vn 0.12779717 0 -0.99180037
vn 0.28202534 0 -0.9594069
vn 0.5960106 0 -0.8029766
vn 0.5960106 0 -0.8029766
vn 0.81493235 0 -0.57955617
vn 0.81493235 0 -0.57955617
vn 0.81493235 0 -0.57955617
vn 0.95296305 0 -0.30308646
vn 0.81493235 0 -0.57955617
vn 0.95296305 0 -0.30308646
vn 1 0 0
vn 1 0 0
vn 0.9529638 0 0.30308408
vn 0.9529638 0 0.30308408
vn 0.8147056 -0.00013651774 0.5798748
vn 0.8147056 -0.00013651774 0.5798748
vn 0.8147056 -0.00013651774 0.5798748
vn 0.595968 -0.00031045327 0.8030082
vn 0.8147056 -0.00013651774 0.5798748
vn 0.59604156 -0.00031043208 0.8029534
vn 0.28351814 -0.00015628473 0.9589669
vn 0.28351814 -0.00015628473 0.9589669
vn 0.12958302 0 0.9915686
vn 0.12958302 0 0.9915686
vn 0.1356905 0 0.99075127
vn 0.29057655 0 0.9568517
vn 0.1356905 0 0.99075127
vn 0.29057655 0 0.9568517
vn 0.597915 0 0.8015595
vn 0.597915 0 0.8015595
vn 0.81629485 0 0.5776354
vn 0.81629485 0 0.5776354
vn 0.81629485 0 0.5776354
vn 0.95339066 0 0.30173892
vn 0.81629485 0 0.5776354
vn 0.95339066 0 0.30173892
vn 1 0 0
vn 1 0 0
vn 0.95339066 0 -0.30173892
vn 0.95339066 0 -0.30173892
vn 0.81629175 0 -0.57763994
vn 0.81629175 0 -0.57763994
vn 0.59791386 0 -0.8015604
vn 0.59791386 0 -0.8015604
vn 0.29131728 0 -0.9566265
vn 0.29131728 0 -0.9566265
vn 0.29131728 0 -0.9566265
vn 0.1371403 0 -0.9905517
vn 0.1371403 0 -0.9905517
vn 0.29131728 0 -0.9566265
vn -0.0048096906 -0.99934024 -0.035997096
vn -0.010188024 -0.9993611 -0.034259073
vn -0.00480969 -0.99934024 -0.0359971
vn -0.010330898 -0.9993612 -0.034212895
vn -0.021447042 -0.9993561 -0.02876657
vn -0.021390494 -0.9993561 -0.028807262
vn -0.029470958 -0.9993482 -0.020849105
vn -0.02940745 -0.9993482 -0.020934766
vn -0.0346119 -0.99934083 -0.010944431
vn -0.03458829 -0.99934095 -0.011015469
vn -0.036382582 -0.99933785 3.2597464E-07
vn -0.036382586 -0.99933785 -3.9964868E-07
vn -0.03461385 -0.99934083 0.010943839
vn -0.034590684 -0.99934083 0.011013537
vn -0.029467545 -0.99934834 0.020847911
vn -0.029405298 -0.99934834 0.020931724
vn -0.021447074 -0.9993561 0.028765215
vn -0.021389026 -0.9993561 0.028807089
vn -0.010228414 -0.99936086 0.03425429
vn -0.010363723 -0.999361 0.034210432
vn -0.004867823 -0.99934024 0.035991367
vn -0.0048678224 -0.99934024 0.035991367
vn -0.12789719 0 -0.9917875
vn -0.2821441 0 -0.95937204
vn -0.2821441 0 -0.95937204
vn -0.59600914 0 -0.80297756
vn -0.59600914 0 -0.80297756
vn -0.81493515 0 -0.5795522
vn -0.81493515 0 -0.5795522
vn -0.95296884 0 -0.30306846
vn -0.95296884 0 -0.30306846
vn -1 0 0
vn -0.95296884 0 -0.30306846
vn -1 0 0
vn -1 0 0
vn -0.95296955 0 0.3030658
vn -0.95296955 0 0.3030658
vn -0.8147086 -0.00013651811 0.5798705
vn -0.8147086 -0.00013651811 0.5798705
vn -0.5959674 -0.00031046112 0.80300856
vn -0.5960411 -0.00031044 0.8029539
vn -0.5960411 -0.00031044 0.8029539
vn -0.5959674 -0.00031046112 0.80300856
vn -0.28363743 -0.00015635892 0.9589316
vn -0.28363743 -0.00015635892 0.9589316
vn -0.12968324 0 0.9915555
vn -0.12968324 0 0.9915555
vn -0.1356144 0 0.9907617
vn -0.1356144 0 0.9907617
vn -0.29049012 0 0.956878
vn -0.29049012 0 0.956878
vn -0.5979116 0 0.801562
vn -0.5979116 0 0.801562
vn -0.8162916 0 0.5776401
vn -0.8162916 0 0.5776401
vn -0.9533929 0 0.30173168
vn -0.9533929 0 0.30173168
vn -1 0 0
vn -1 0 0
vn -1 0 0
vn -1 0 0
vn -0.9533929 0 -0.30173168
vn -0.9533929 0 -0.30173168
vn -0.8162901 0 -0.5776422
vn -0.8162901 0 -0.5776422
vn -0.5979105 0 -0.8015629
vn -0.5979105 0 -0.8015629
vn -0.29122975 0 -0.9566531
vn -0.29122975 0 -0.9566531
vn -0.13706343 0 -0.99056226
vn -0.13706343 0 -0.99056226
vn 0.0048065474 -0.99934036 -0.035996687
vn 0.004806547 -0.99934036 -0.03599669
vn 0.01018428 -0.9993611 -0.03425966
vn 0.010327435 -0.9993612 -0.034213405
vn 0.021447008 -0.9993561 -0.02876654
vn 0.021390496 -0.9993561 -0.028807221
vn 0.029470641 -0.9993482 -0.02084706
vn 0.02940717 -0.99934834 -0.020932702
vn 0.034611862 -0.99934083 -0.010944511
vn 0.034588266 -0.99934095 -0.01101545
vn 0.0363829 -0.99933785 3.2597086E-07
vn 0.0363829 -0.99933785 -3.999644E-07
vn 0.03461382 -0.99934083 0.010945748
vn 0.03459067 -0.99934083 0.011015371
vn 0.029467229 -0.9993482 0.02085137
vn 0.029405018 -0.99934834 0.020935208
vn 0.021446995 -0.9993561 0.028765177
vn 0.021388996 -0.9993561 0.02880692
vn 0.010224642 -0.999361 0.03425236
vn 0.010360238 -0.999361 0.034208313
vn 0.0048646415 -0.99934024 0.035992507
vn 0.0048646415 -0.99934024 0.03599251
vn 0.12779595 0 -0.9918005
vn 0.2820247 0 -0.95940715
vn 0.12779595 0 -0.9918005
vn 0.2820247 0 -0.95940715
vn 0.5960106 0 -0.8029766
vn 0.5960106 0 -0.8029766
vn 0.81493235 0 -0.57955617
vn 0.81493235 0 -0.57955617
vn 0.81493235 0 -0.57955617
vn 0.95296293 0 -0.3030866
vn 0.81493235 0 -0.57955617
vn 0.95296293 0 -0.3030866
vn 1 0 0
vn 1 0 0
vn 0.9529638 0 0.30308408
vn 0.9529638 0 0.30308408
vn 0.81470585 -0.00013661127 0.5798745
vn 0.81470585 -0.00013661127 0.5798745
vn 0.81470585 -0.00013661127 0.5798745
vn 0.5959689 -0.00031054713 0.8030074
vn 0.81470585 -0.00013661127 0.5798745
vn 0.5960426 -0.00031052608 0.80295277
vn 0.28351745 -0.00015628475 0.95896703
vn 0.28351745 -0.00015628475 0.95896703
vn 0.12958062 0 0.99156886
vn 0.12958062 0 0.99156886
vn 0.13569197 0 0.9907511
vn 0.29057807 0 0.9568513
vn 0.13569197 0 0.9907511
vn 0.29057807 0 0.9568513
vn 0.597915 0 0.8015595
vn 0.597915 0 0.8015595
vn 0.8162946 0 0.5776359
vn 0.8162946 0 0.5776359
vn 0.8162946 0 0.5776359
vn 0.95339036 0 0.30173966
vn 0.8162946 0 0.5776359
vn 0.95339036 0 0.30173966
vn 1 0 0
vn 1 0 0
vn 0.9533908 0 -0.3017381
vn 0.9533908 0 -0.3017381
vn 0.81629175 0 -0.57763994
vn 0.81629175 0 -0.57763994
vn 0.59791267 0 -0.8015612
vn 0.59791267 0 -0.8015612
vn 0.29131728 0 -0.9566265
vn 0.29131728 0 -0.9566265
vn 0.29131728 0 -0.9566265
vn 0.13714324 0 -0.99055123
vn 0.13714324 0 -0.99055123
vn 0.29131728 0 -0.9566265
vn -0.0048096906 -0.99934024 -0.035997096
vn -0.010188075 -0.9993611 -0.034259073
vn -0.00480969 -0.99934024 -0.0359971
vn -0.010330952 -0.9993612 -0.034212895
vn -0.021447042 -0.9993561 -0.02876657
vn -0.021390496 -0.9993561 -0.028807262
vn -0.029470902 -0.9993482 -0.020849105
vn -0.029407391 -0.9993482 -0.020934766
vn -0.03461189 -0.99934083 -0.010944445
vn -0.034588274 -0.99934095 -0.011015481
vn -0.036382638 -0.99933785 3.4184404E-07
vn -0.03638264 -0.99933785 -4.1578653E-07
vn -0.034613863 -0.99934083 0.010943827
vn -0.0345907 -0.99934083 0.0110135265
vn -0.029467573 -0.99934834 0.020847928
vn -0.02940533 -0.99934834 0.020931741
vn -0.021447118 -0.9993561 0.028765276
vn -0.021389073 -0.9993561 0.028807139
vn -0.01022843 -0.99936086 0.034254342
vn -0.010363739 -0.999361 0.03421049
vn -0.004867923 -0.99934024 0.035991397
vn -0.004867923 -0.99934024 0.0359914
vn -0.12789719 0 -0.9917875
vn -0.28214538 0 -0.9593717
vn -0.28214538 0 -0.9593717
vn -0.5960092 0 -0.8029777
vn -0.5960092 0 -0.8029777
vn -0.8149347 0 -0.5795529
vn -0.8149347 0 -0.5795529
vn -0.9529689 0 -0.30306798
vn -0.9529689 0 -0.30306798
vn -1 0 0
vn -0.9529689 0 -0.30306798
vn -1 0 0
vn -1 0 0
vn -0.95296955 0 0.30306625
vn -0.95296955 0 0.30306625
vn -0.8147081 -0.0001365183 0.57987124
vn -0.8147081 -0.0001365183 0.57987124
vn -0.59596646 -0.00031046144 0.8030093
vn -0.59604007 -0.00031044031 0.8029546
vn -0.59604007 -0.00031044031 0.8029546
vn -0.59596646 -0.00031046144 0.8030093
vn -0.28363866 -0.00015635887 0.95893115
vn -0.28363866 -0.00015635887 0.95893115
vn -0.12968802 0 0.9915549
vn -0.12968802 0 0.9915549
vn -0.13561589 0 0.99076146
vn -0.13561589 0 0.99076146
vn -0.29049164 0 0.95687747
vn -0.29049164 0 0.95687747
vn -0.5979116 0 0.801562
vn -0.5979116 0 0.801562
vn -0.8162913 0 0.57764053
vn -0.8162913 0 0.57764053
vn -0.9533926 0 0.30173245
vn -0.9533926 0 0.30173245
vn -1 0 0
vn -1 0 0
vn -1 0 0
vn -1 0 0
vn -0.95339304 0 -0.30173093
vn -0.95339304 0 -0.30173093
vn -0.8162901 0 -0.5776422
vn -0.8162901 0 -0.5776422
vn -0.59790933 0 -0.80156374
vn -0.59790933 0 -0.80156374
vn -0.29122978 0 -0.9566531
vn -0.29122978 0 -0.9566531
vn -0.13706636 0 -0.9905619
vn -0.13706636 0 -0.9905619
vn 0.0048065474 -0.99934036 -0.035996687
vn 0.004806547 -0.99934036 -0.03599669
vn 0.010184331 -0.9993611 -0.03425966
vn 0.010327488 -0.9993612 -0.034213405
vn 0.021447008 -0.9993561 -0.02876654
vn 0.021390496 -0.9993561 -0.028807221
vn 0.029470585 -0.9993482 -0.02084706
vn 0.029407114 -0.99934834 -0.020932702
vn 0.034611847 -0.99934083 -0.010944525
vn 0.034588248 -0.99934095 -0.011015461
vn 0.03638295 -0.99933785 3.4210024E-07
vn 0.03638296 -0.99933785 -4.164186E-07
vn 0.034613837 -0.99934083 0.010945734
vn 0.034590688 -0.99934083 0.01101536
vn 0.029467257 -0.9993482 0.02085139
vn 0.02940505 -0.99934834 0.020935224
vn 0.02144704 -0.9993561 0.028765237
vn 0.021389045 -0.9993561 0.028806975
vn 0.010224655 -0.999361 0.03425241
vn 0.010360252 -0.999361 0.03420837
vn 0.0048647425 -0.99934024 0.035992544
vn 0.0048647425 -0.99934024 0.035992544
vn 0.12779595 0 -0.9918005
vn 0.28202596 0 -0.9594068
vn 0.12779595 0 -0.9918005
vn 0.28202596 0 -0.9594068
vn 0.5960106 0 -0.8029766
vn 0.5960106 0 -0.8029766
vn 0.8149318 0 -0.5795568
vn 0.8149318 0 -0.5795568
vn 0.8149318 0 -0.5795568
vn 0.95296305 0 -0.30308625
vn 0.8149318 0 -0.5795568
vn 0.95296305 0 -0.30308625
vn 1 0 0
vn 1 0 0
vn 0.9529637 0 0.30308452
vn 0.9529637 0 0.30308452
vn 0.8147054 -0.00013661143 0.57987523
vn 0.8147054 -0.00013661143 0.57987523
vn 0.8147054 -0.00013661143 0.57987523
vn 0.595968 -0.00031054748 0.8030082
vn 0.8147054 -0.00013661143 0.57987523
vn 0.59604156 -0.0003105263 0.80295354
vn 0.2835187 -0.00015628467 0.9589667
vn 0.2835187 -0.00015628467 0.9589667
vn 0.12958542 0 0.99156827
vn 0.12958542 0 0.99156827
vn 0.135689 0 0.9907514
vn 0.29057655 0 0.9568517
vn 0.135689 0 0.9907514
vn 0.29057655 0 0.9568517
vn 0.5979156 0 0.80155915
vn 0.5979156 0 0.80155915
vn 0.81629485 0 0.5776354
vn 0.81629485 0 0.5776354
vn 0.81629485 0 0.5776354
vn 0.9533909 0 0.30173796
vn 0.81629485 0 0.5776354
vn 0.9533909 0 0.30173796
vn 1 0 0
vn 1 0 0
vn 0.9533909 0 -0.30173808
vn 0.9533909 0 -0.30173808
vn 0.8162944 0 -0.57763624
vn 0.8162944 0 -0.57763624
vn 0.59791386 0 -0.8015604
vn 0.59791386 0 -0.8015604
vn 0.29131487 0 -0.95662725
vn 0.29131487 0 -0.95662725
vn 0.29131487 0 -0.95662725
vn 0.1371403 0 -0.9905517
vn 0.1371403 0 -0.9905517
vn 0.29131487 0 -0.95662725
vn -0.004809638 -0.99934024 -0.035997063
vn -0.010188045 -0.9993611 -0.034259066
vn -0.004809638 -0.99934024 -0.03599706
vn -0.01033092 -0.9993612 -0.034212876
vn -0.021447068 -0.9993562 -0.028762871
vn -0.021390527 -0.9993562 -0.028803607
vn -0.02947093 -0.9993482 -0.02084546
vn -0.029407421 -0.99934834 -0.020931052
vn -0.034611885 -0.99934083 -0.010944427
vn -0.03458827 -0.99934095 -0.011015464
vn -0.03638258 -0.99933785 3.2623458E-07
vn -0.03638258 -0.99933785 -3.9964831E-07
vn -0.034613803 -0.99934083 0.010947485
vn -0.03459064 -0.99934083 0.011017232
vn -0.02946753 -0.9993482 0.020851597
vn -0.02940529 -0.99934834 0.020935338
vn -0.02144712 -0.9993563 0.028757835
vn -0.021389054 -0.9993563 0.028799618
vn -0.0102283545 -0.9993611 0.034247614
vn -0.010363663 -0.9993612 0.03420358
vn -0.0048677223 -0.99934024 0.035991333
vn -0.0048677223 -0.99934024 0.035991337
vn -0.12789837 0 -0.99178725
vn -0.28214476 0 -0.9593718
vn -0.28214476 0 -0.9593718
vn -0.59600914 0 -0.80297756
vn -0.59600914 0 -0.80297756
vn -0.81493515 0 -0.5795522
vn -0.81493515 0 -0.5795522
vn -0.9529689 0 -0.3030682
vn -0.9529689 0 -0.3030682
vn -1 0 0
vn -0.9529689 0 -0.3030682
vn -1 0 0
vn -1 0 0
vn -0.95296955 0 0.3030658
vn -0.95296955 0 0.3030658
vn -0.8147085 -0.00013633094 0.57987094
vn -0.8147085 -0.00013633094 0.57987094
vn -0.5959665 -0.00031037684 0.8030093
vn -0.59604007 -0.00031035548 0.8029546
vn -0.59604007 -0.00031035548 0.8029546
vn -0.5959665 -0.00031037684 0.8030093
vn -0.28363803 -0.00015645254 0.9589314
vn -0.28363803 -0.00015645254 0.9589314
vn -0.12968561 0 0.99155515
vn -0.12968561 0 0.99155515
vn -0.13561133 0 0.9907622
vn -0.13561133 0 0.9907622
vn -0.29048833 0 0.95687854
vn -0.29048833 0 0.95687854
vn -0.5979122 0 0.80156165
vn -0.5979122 0 0.80156165
vn -0.8162916 0 0.5776401
vn -0.8162916 0 0.5776401
vn -0.95339274 0 0.3017324
vn -0.95339274 0 0.3017324
vn -1 0 0
vn -1 0 0
vn -1 0 0
vn -1 0 0
vn -0.9533926 0 -0.30173245
vn -0.9533926 0 -0.30173245
vn -0.8162909 0 -0.5776409
vn -0.8162909 0 -0.5776409
vn -0.59791046 0 -0.80156296
vn -0.59791046 0 -0.80156296
vn -0.2912264 0 -0.9566541
vn -0.2912264 0 -0.9566541
vn -0.13706177 0 -0.9905625
vn -0.13706177 0 -0.9905625
vn 0.0048064985 -0.9993401 -0.036002852
vn 0.0048064985 -0.9993401 -0.036002852
vn 0.010184299 -0.999361 -0.034263045
vn 0.0103274565 -0.9993611 -0.034216713
vn 0.021447042 -0.9993561 -0.028766539
vn 0.021390527 -0.9993561 -0.028807215
vn 0.029470624 -0.9993482 -0.02084707
vn 0.029407155 -0.99934834 -0.020932712
vn 0.034611862 -0.99934083 -0.010944509
vn 0.034588262 -0.99934095 -0.011015448
vn 0.036382925 -0.99933785 3.2623112E-07
vn 0.036382917 -0.99933785 -4.002809E-07
vn 0.034613777 -0.99934083 0.010945743
vn 0.034590624 -0.99934083 0.011015367
vn 0.029467214 -0.9993482 0.020851346
vn 0.02940501 -0.99934834 0.02093518
vn 0.021447048 -0.9993561 0.02876512
vn 0.021389034 -0.9993561 0.028806863
vn 0.010224575 -0.99936086 0.0342557
vn 0.010360173 -0.999361 0.034211595
vn 0.0048645423 -0.99934 0.03599865
vn 0.0048645413 -0.99934 0.035998646
vn 0.12779717 0 -0.99180037
vn 0.28202534 0 -0.9594069
vn 0.12779717 0 -0.99180037
vn 0.28202534 0 -0.9594069
vn 0.5960106 0 -0.8029766
vn 0.5960106 0 -0.8029766
vn 0.8149338 0 -0.5795542
vn 0.8149338 0 -0.5795542
vn 0.8149338 0 -0.5795542
vn 0.95296395 0 -0.30308375
vn 0.8149338 0 -0.5795542
vn 0.95296395 0 -0.30308375
vn 1 0 0
vn 1 0 0
vn 0.9529647 0 0.3030814
vn 0.9529647 0 0.3030814
vn 0.81470704 -0.00013633071 0.57987285
vn 0.81470704 -0.00013633071 0.57987285
vn 0.81470704 -0.00013633071 0.57987285
vn 0.595968 -0.00031012358 0.8030082
vn 0.81470704 -0.00013633071 0.57987285
vn 0.59604156 -0.0003101024 0.8029534
vn 0.28351814 -0.00015615716 0.9589669
vn 0.28351814 -0.00015615716 0.9589669
vn 0.12958302 0 0.9915686
vn 0.12958302 0 0.9915686
vn 0.1356905 0 0.99075127
vn 0.29057655 0 0.9568517
vn 0.1356905 0 0.99075127
vn 0.29057655 0 0.9568517
vn 0.597915 0 0.8015595
vn 0.597915 0 0.8015595
vn 0.81629485 0 0.5776354
vn 0.81629485 0 0.5776354
vn 0.81629485 0 0.5776354
vn 0.9533909 0 0.30173808
vn 0.81629485 0 0.5776354
vn 0.9533909 0 0.30173808
vn 1 0 0
vn 1 0 0
vn 0.9533909 0 -0.30173808
vn 0.9533909 0 -0.30173808
vn 0.8162934 0 -0.5776375
vn 0.8162934 0 -0.5776375
vn 0.59791386 0 -0.8015604
vn 0.59791386 0 -0.8015604
vn 0.2913164 0 -0.95662683
vn 0.2913164 0 -0.95662683
vn 0.2913164 0 -0.95662683
vn 0.1371403 0 -0.9905517
vn 0.1371403 0 -0.9905517
vn 0.2913164 0 -0.95662683
vn -0.0048096864 -0.99934024 -0.035997063
vn -0.010188021 -0.9993611 -0.034259066
vn -0.0048096864 -0.99934024 -0.03599706
vn -0.010330893 -0.9993612 -0.034212876
vn -0.021447042 -0.9993562 -0.028762871
vn -0.021390494 -0.9993562 -0.028803607
vn -0.02947096 -0.9993482 -0.02084546
vn -0.02940745 -0.99934834 -0.020931052
vn -0.034611885 -0.99934083 -0.010944427
vn -0.03458827 -0.99934095 -0.011015464
vn -0.036382556 -0.99933785 3.2623458E-07
vn -0.036382552 -0.99933785 -3.9964831E-07
vn -0.03461383 -0.99934083 0.010947486
vn -0.03459067 -0.99934083 0.01101723
vn -0.029467536 -0.9993482 0.02085161
vn -0.029405288 -0.99934834 0.020935351
vn -0.021447077 -0.9993563 0.0287579
vn -0.021389022 -0.9993563 0.028799675
vn -0.010228422 -0.9993611 0.03424767
vn -0.010363731 -0.9993612 0.034203637
vn -0.0048678224 -0.99934024 0.035991367
vn -0.0048678224 -0.99934024 0.035991367
vn -0.12789719 0 -0.9917875
vn -0.2821441 0 -0.95937204
vn -0.2821441 0 -0.95937204
vn -0.59600914 0 -0.80297756
vn -0.59600914 0 -0.80297756
vn -0.81493515 0 -0.5795522
vn -0.81493515 0 -0.5795522
vn -0.95296884 0 -0.30306846
vn -0.95296884 0 -0.30306846
vn -1 0 0
vn -0.95296884 0 -0.30306846
vn -1 0 0
vn -1 0 0
vn -0.95296955 0 0.3030658
vn -0.95296955 0 0.3030658
vn -0.8147086 -0.00013707991 0.5798705
vn -0.8147086 -0.00013707991 0.5798705
vn -0.5959674 -0.00031112984 0.80300856
vn -0.5960411 -0.00031110903 0.8029539
vn -0.5960411 -0.00031110903 0.8029539
vn -0.5959674 -0.00031112984 0.80300856
vn -0.28363743 -0.00015645259 0.9589316
vn -0.28363743 -0.00015645259 0.9589316
vn -0.12968324 0 0.9915555
vn -0.12968324 0 0.9915555
vn -0.13561279 0 0.99076194
vn -0.13561279 0 0.99076194
vn -0.2904883 0 0.95687854
vn -0.2904883 0 0.95687854
vn -0.5979116 0 0.801562
vn -0.5979116 0 0.801562
vn -0.8162916 0 0.5776401
vn -0.8162916 0 0.5776401
vn -0.9533926 0 0.30173245
vn -0.9533926 0 0.30173245
vn -1 0 0
vn -1 0 0
vn -1 0 0
vn -1 0 0
vn -0.9533926 0 -0.30173245
vn -0.9533926 0 -0.30173245
vn -0.8162901 0 -0.5776422
vn -0.8162901 0 -0.5776422
vn -0.5979105 0 -0.8015629
vn -0.5979105 0 -0.8015629
vn -0.29122794 0 -0.9566538
vn -0.29122794 0 -0.9566538
vn -0.13706177 0 -0.9905625
vn -0.13706177 0 -0.9905625
vn 0.004806547 -0.9993401 -0.036002852
vn 0.004806546 -0.9993401 -0.036002852
vn 0.010184274 -0.999361 -0.034263045
vn 0.010327429 -0.9993611 -0.034216713
vn 0.021447016 -0.9993561 -0.028766539
vn 0.0213905 -0.9993561 -0.028807215
vn 0.029470654 -0.9993482 -0.02084707
vn 0.029407183 -0.99934834 -0.020932712
vn 0.034611862 -0.99934083 -0.010944509
vn 0.034588262 -0.99934095 -0.011015448
vn 0.03638289 -0.99933785 3.2623112E-07
vn 0.036382888 -0.99933785 -4.002809E-07
vn 0.03461381 -0.99934083 0.010945746
vn 0.034590658 -0.99934083 0.011015369
vn 0.029467223 -0.9993482 0.020851368
vn 0.029405015 -0.99934834 0.0209352
vn 0.021446995 -0.9993561 0.028765172
vn 0.021388996 -0.9993561 0.028806914
vn 0.010224637 -0.99936086 0.03425574
vn 0.010360236 -0.999361 0.034211636
vn 0.0048646415 -0.99934 0.03599867
vn 0.0048646415 -0.99934 0.035998676
vn 0.12779595 0 -0.9918005
vn 0.2820247 0 -0.95940715
vn 0.12779595 0 -0.9918005
vn 0.2820247 0 -0.95940715
vn 0.5960106 0 -0.8029766
vn 0.5960106 0 -0.8029766
vn 0.8149338 0 -0.5795542
vn 0.8149338 0 -0.5795542
vn 0.8149338 0 -0.5795542
vn 0.9529638 0 -0.30308396
vn 0.8149338 0 -0.5795542
vn 0.9529638 0 -0.30308396
vn 1 0 0
vn 1 0 0
vn 0.9529647 0 0.3030814
vn 0.9529647 0 0.3030814
vn 0.81470716 -0.0001363306 0.57987255
vn 0.81470716 -0.0001363306 0.57987255
vn 0.81470716 -0.0001363306 0.57987255
vn 0.5959689 -0.00031012326 0.8030074
vn 0.81470716 -0.0001363306 0.57987255
vn 0.5960426 -0.0003101021 0.80295277
vn 0.28351745 -0.00015615718 0.95896703
vn 0.28351745 -0.00015615718 0.95896703
vn 0.12958062 0 0.99156886
vn 0.12958062 0 0.99156886
vn 0.13569197 0 0.9907511
vn 0.29057807 0 0.9568513
vn 0.13569197 0 0.9907511
vn 0.29057807 0 0.9568513
vn 0.597915 0 0.8015595
vn 0.597915 0 0.8015595
vn 0.8162946 0 0.5776359
vn 0.8162946 0 0.5776359
vn 0.8162946 0 0.5776359
vn 0.95339066 0 0.3017389
vn 0.8162946 0 0.5776359
vn 0.95339066 0 0.3017389
vn 1 0 0
vn 1 0 0
vn 0.9533911 0 -0.30173734
vn 0.9533911 0 -0.30173734
vn 0.8162934 0 -0.5776375
vn 0.8162934 0 -0.5776375
vn 0.59791267 0 -0.8015612
vn 0.59791267 0 -0.8015612
vn 0.2913164 0 -0.95662683
vn 0.2913164 0 -0.95662683
vn 0.2913164 0 -0.95662683
vn 0.13714324 0 -0.99055123
vn 0.13714324 0 -0.99055123
vn 0.2913164 0 -0.95662683
vn -0.0048096864 -0.99934024 -0.035997063
vn -0.010188072 -0.9993611 -0.034259066
vn -0.0048096864 -0.99934024 -0.03599706
vn -0.010330947 -0.9993612 -0.034212876
vn -0.02144704 -0.9993562 -0.028762871
vn -0.021390494 -0.9993562 -0.028803607
vn -0.029470902 -0.9993482 -0.02084546
vn -0.029407393 -0.99934834 -0.020931052
vn -0.034611892 -0.99934083 -0.010944446
vn -0.03458828 -0.99934095 -0.011015483
vn -0.03638264 -0.99933785 3.413238E-07
vn -0.036382645 -0.99933785 -4.161029E-07
vn -0.034613855 -0.99934083 0.010947476
vn -0.03459069 -0.99934083 0.011017223
vn -0.029467572 -0.9993482 0.020851638
vn -0.029405331 -0.99934834 0.020935385
vn -0.02144713 -0.9993563 0.028757963
vn -0.021389088 -0.9993563 0.028799731
vn -0.010228431 -0.9993611 0.034247722
vn -0.01036374 -0.9993612 0.034203686
vn -0.004867922 -0.99934024 0.035991393
vn -0.004867922 -0.99934024 0.035991393
vn -0.12789719 0 -0.9917875
vn -0.28214538 0 -0.9593717
vn -0.28214538 0 -0.9593717
vn -0.5960092 0 -0.8029777
vn -0.5960092 0 -0.8029777
vn -0.8149347 0 -0.5795529
vn -0.8149347 0 -0.5795529
vn -0.9529689 0 -0.30306798
vn -0.9529689 0 -0.30306798
vn -1 0 0
vn -0.9529689 0 -0.30306798
vn -1 0 0
vn -1 0 0
vn -0.95296955 0 0.30306625
vn -0.95296955 0 0.30306625
vn -0.8147081 -0.00013708009 0.57987124
vn -0.8147081 -0.00013708009 0.57987124
vn -0.59596646 -0.00031113016 0.8030093
vn -0.59604007 -0.0003111093 0.8029546
vn -0.59604007 -0.0003111093 0.8029546
vn -0.59596646 -0.00031113016 0.8030093
vn -0.28363866 -0.0001564525 0.95893115
vn -0.28363866 -0.0001564525 0.95893115
vn -0.12968802 0 0.9915549
vn -0.12968802 0 0.9915549
vn -0.13561426 0 0.9907617
vn -0.13561426 0 0.9907617
vn -0.29048985 0 0.9568781
vn -0.29048985 0 0.9568781
vn -0.5979116 0 0.801562
vn -0.5979116 0 0.801562
vn -0.8162913 0 0.57764053
vn -0.8162913 0 0.57764053
vn -0.9533924 0 0.30173326
vn -0.9533924 0 0.30173326
vn -1 0 0
vn -1 0 0
vn -1 0 0
vn -1 0 0
vn -0.9533929 0 -0.30173177
vn -0.9533929 0 -0.30173177
vn -0.8162901 0 -0.5776422
vn -0.8162901 0 -0.5776422
vn -0.59790933 0 -0.80156374
vn -0.59790933 0 -0.80156374
vn -0.29122794 0 -0.9566538
vn -0.29122794 0 -0.9566538
vn -0.13706474 0 -0.99056214
vn -0.13706474 0 -0.99056214
vn 0.004806547 -0.9993401 -0.036002852
vn 0.004806546 -0.9993401 -0.036002852
vn 0.010184327 -0.999361 -0.034263045
vn 0.010327483 -0.9993611 -0.034216713
vn 0.021447014 -0.9993561 -0.028766539
vn 0.021390501 -0.9993561 -0.028807215
vn 0.029470595 -0.9993482 -0.02084707
vn 0.029407125 -0.99934834 -0.020932712
vn 0.034611855 -0.99934083 -0.010944525
vn 0.034588248 -0.99934095 -0.011015462
vn 0.036382966 -0.99933785 3.4236066E-07
vn 0.03638297 -0.99933785 -4.161025E-07
vn 0.034613844 -0.99934083 0.010945736
vn 0.034590688 -0.99934083 0.01101536
vn 0.029467251 -0.9993482 0.020851385
vn 0.029405048 -0.99934834 0.020935217
vn 0.021447033 -0.9993561 0.028765224
vn 0.02138904 -0.9993561 0.02880696
vn 0.010224653 -0.99936086 0.034255803
vn 0.010360251 -0.999361 0.034211695
vn 0.004864745 -0.99934 0.035998728
vn 0.0048647453 -0.99934 0.035998728
vn 0.12779595 0 -0.9918005
vn 0.28202596 0 -0.9594068
vn 0.12779595 0 -0.9918005
vn 0.28202596 0 -0.9594068
vn 0.5960106 0 -0.8029766
vn 0.5960106 0 -0.8029766
vn 0.81493324 0 -0.57955486
vn 0.81493324 0 -0.57955486
vn 0.81493324 0 -0.57955486
vn 0.95296407 0 -0.30308354
vn 0.81493324 0 -0.57955486
vn 0.95296407 0 -0.30308354
vn 1 0 0
vn 1 0 0
vn 0.9529645 0 0.30308184
vn 0.9529645 0 0.30308184
vn 0.8147067 -0.00013633077 0.5798732
vn 0.8147067 -0.00013633077 0.5798732
vn 0.8147067 -0.00013633077 0.5798732
vn 0.595968 -0.00031012358 0.8030082
vn 0.8147067 -0.00013633077 0.5798732
vn 0.59604156 -0.00031010236 0.80295354
vn 0.2835187 -0.00015615713 0.9589667
vn 0.2835187 -0.00015615713 0.9589667
vn 0.12958542 0 0.99156827
vn 0.12958542 0 0.99156827
vn 0.9510568 0 -0.30901605
vn 0.8910045 0 -0.45399442
vn 0.8910045 0 -0.45399442
vn 0.9510568 0 -0.30901605
vn 1 0 7.456814E-07
vn 1 0 7.456814E-07
vn 0.9510572 0 0.30901498
vn 0.9510572 0 0.30901498
vn 0.8090182 0 0.5877836
vn 0.8090182 0 0.5877836
vn 0.58778703 0 0.80901575
vn 0.58778703 0 0.80901575
vn -0.9876886 0 -0.15643267
vn -0.9876886 0 -0.15643267
vn -1 0 0
vn -1 0 0
vn -0.95105636 0 0.3090177
vn -0.95105636 0 0.3090177
vn -0.8090168 0 0.58778554
vn -0.8090168 0 0.58778554
vn -0.58778703 0 0.80901575
vn -0.58778703 0 0.80901575
vn -0.30902117 0 0.95105517
vn -0.30902117 0 0.95105517
vn -0.30902117 0 0.95105517
vn -0.30902117 0 0.95105517
vn -0 0 1
vn -0 0 1
vn 0.30902117 0 0.95105517
vn 0.30902117 0 0.95105517
vn 0.58778703 0 0.80901575
vn 0.58778703 0 0.80901575
vn 0.9510568 0 -0.30901602
vn 0.89100575 0 -0.45399195
vn 0.89100575 0 -0.45399195
vn 0.9510568 0 -0.30901602
vn 1 0 7.456814E-07
vn 1 0 7.456814E-07
vn 0.9510572 0 0.30901498
vn 0.9510572 0 0.30901498
vn 0.8090172 0 0.587785
vn 0.8090172 0 0.587785
vn 0.58778703 0 0.80901575
vn 0.58778703 0 0.80901575
vn -0.9876885 0 -0.15643357
vn -0.9876885 0 -0.15643357
vn -1 0 0
vn -1 0 0
vn -0.95105636 0 0.3090177
vn -0.95105636 0 0.3090177
vn -0.80901575 0 0.58778703
vn -0.80901575 0 0.58778703
vn -0.58778703 0 0.80901575
vn -0.58778703 0 0.80901575
vn -0.30902117 0 0.95105517
vn -0.30902117 0 0.95105517
vn -0.30902117 0 0.95105517
vn -0.30902117 0 0.95105517
vn -0 0 1
vn -0 0 1
vn 0.30902117 0 0.95105517
vn 0.30902117 0 0.95105517
vn 0.58778703 0 0.80901575
vn 0.58778703 0 0.80901575
vn 0.9510568 0 -0.3090163
vn 0.89100516 0 -0.45399317
vn 0.89100516 0 -0.45399317
vn 0.9510568 0 -0.3090163
vn 1 0 7.3829784E-07
vn 1 0 7.3829784E-07
vn 0.9510572 0 0.30901474
vn 0.9510572 0 0.30901474
vn 0.8090171 0 0.587785
vn 0.8090171 0 0.587785
vn 0.58778596 0 0.8090164
vn 0.58778596 0 0.8090164
vn -0.9876886 0 -0.15643336
vn -0.9876886 0 -0.15643336
vn -1 0 0
vn -1 0 0
vn -0.95105636 0 0.3090174
vn -0.95105636 0 0.3090174
vn -0.80901575 0 0.58778703
vn -0.80901575 0 0.58778703
vn -0.58778596 0 0.8090164
vn -0.58778596 0 0.8090164
vn -0.3090212 0 0.95105517
vn -0.3090212 0 0.95105517
vn -0.3090212 0 0.95105517
vn -0.3090212 0 0.95105517
vn -0 0 1
vn -0 0 1
vn 0.3090212 0 0.95105517
vn 0.3090212 0 0.95105517
vn 0.58778596 0 0.8090164
vn 0.58778596 0 0.8090164
vn 0.951057 0 -0.30901536
vn 0.8910045 0 -0.45399442
vn 0.8910045 0 -0.45399442
vn 0.951057 0 -0.30901536
vn 1 0 7.456814E-07
vn 1 0 7.456814E-07
vn 0.95105743 0 0.30901435
vn 0.95105743 0 0.30901435
vn 0.80901676 0 0.58778554
vn 0.80901676 0 0.58778554
vn 0.58778554 0 0.8090168
vn 0.58778554 0 0.8090168
vn -0.9876886 0 -0.15643267
vn -0.9876886 0 -0.15643267
vn -1 0 0
vn -1 0 0
vn -0.9510572 0 0.30901498
vn -0.9510572 0 0.30901498
vn -0.8090182 0 0.5877836
vn -0.8090182 0 0.5877836
vn -0.58778703 0 0.80901575
vn -0.58778703 0 0.80901575
vn -0.30902117 0 0.95105517
vn -0.30902117 0 0.95105517
vn -0.30902117 0 0.95105517
vn -0.30902117 0 0.95105517
vn -0 0 1
vn -0 0 1
vn 0.30902117 0 0.95105517
vn 0.30902117 0 0.95105517
vn 0.58778554 0 0.8090168
vn 0.58778554 0 0.8090168
vn 0.951057 0 -0.30901533
vn 0.89100575 0 -0.45399195
vn 0.89100575 0 -0.45399195
vn 0.951057 0 -0.30901533
vn 1 0 7.4568146E-07
vn 1 0 7.4568146E-07
vn 0.95105743 0 0.3090143
vn 0.95105743 0 0.3090143
vn 0.80901575 0 0.58778703
vn 0.80901575 0 0.58778703
vn 0.58778554 0 0.8090168
vn 0.58778554 0 0.8090168
vn -0.9876885 0 -0.15643357
vn -0.9876885 0 -0.15643357
vn -1 0 0
vn -1 0 0
vn -0.9510572 0 0.30901498
vn -0.9510572 0 0.30901498
vn -0.8090172 0 0.587785
vn -0.8090172 0 0.587785
vn -0.58778703 0 0.80901575
vn -0.58778703 0 0.80901575
vn -0.30902117 0 0.95105517
vn -0.30902117 0 0.95105517
vn -0.30902117 0 0.95105517
vn -0.30902117 0 0.95105517
vn -0 0 1
vn -0 0 1
vn 0.30902117 0 0.95105517
vn 0.30902117 0 0.95105517
vn 0.58778554 0 0.8090168
vn 0.58778554 0 0.8090168
vn 0.951057 0 -0.3090156
vn 0.89100516 0 -0.45399317
vn 0.89100516 0 -0.45399317
vn 0.951057 0 -0.3090156
vn 1 0 7.309149E-07
vn 1 0 7.309149E-07
vn 0.95105743 0 0.30901408
vn 0.95105743 0 0.30901408
vn 0.80901575 0 0.58778703
vn 0.80901575 0 0.58778703
vn 0.5877846 0 0.80901754
vn 0.5877846 0 0.80901754
vn -0.9876886 0 -0.15643336
vn -0.9876886 0 -0.15643336
vn -1 0 0
vn -1 0 0
vn -0.9510572 0 0.30901474
vn -0.9510572 0 0.30901474
vn -0.8090171 0 0.587785
vn -0.8090171 0 0.587785
vn -0.58778596 0 0.8090164
vn -0.58778596 0 0.8090164
vn -0.3090212 0 0.95105517
vn -0.3090212 0 0.95105517
vn -0.3090212 0 0.95105517
vn -0.3090212 0 0.95105517
vn -0 0 1
vn -0 0 1
vn 0.3090212 0 0.95105517
vn 0.3090212 0 0.95105517
vn 0.5877846 0 0.80901754
vn 0.5877846 0 0.80901754
vn 0.951057 0 -0.30901536
vn 0.8910045 0 -0.45399442
vn 0.8910045 0 -0.45399442
vn 0.951057 0 -0.30901536
vn 1 0 7.456814E-07
vn 1 0 7.456814E-07
vn 0.95105743 0 0.30901435
vn 0.95105743 0 0.30901435
vn 0.80901676 0 0.58778554
vn 0.80901676 0 0.58778554
vn 0.58778554 0 0.8090168
vn 0.58778554 0 0.8090168
vn -0.9876886 0 -0.15643267
vn -0.9876886 0 -0.15643267
vn -1 0 0
vn -1 0 0
vn -0.95105636 0 0.3090177
vn -0.95105636 0 0.3090177
vn -0.8090168 0 0.58778554
vn -0.8090168 0 0.58778554
vn -0.58778703 0 0.80901575
vn -0.58778703 0 0.80901575
vn -0.30902117 0 0.95105517
vn -0.30902117 0 0.95105517
vn -0.30902117 0 0.95105517
vn -0.30902117 0 0.95105517
vn -0 0 1
vn -0 0 1
vn 0.30902117 0 0.95105517
vn 0.30902117 0 0.95105517
vn 0.58778554 0 0.8090168
vn 0.58778554 0 0.8090168
vn 0.951057 0 -0.30901533
vn 0.89100575 0 -0.45399195
vn 0.89100575 0 -0.45399195
vn 0.951057 0 -0.30901533
vn 1 0 7.4568146E-07
vn 1 0 7.4568146E-07
vn 0.95105743 0 0.3090143
vn 0.95105743 0 0.3090143
vn 0.80901575 0 0.58778703
vn 0.80901575 0 0.58778703
vn 0.58778554 0 0.8090168
vn 0.58778554 0 0.8090168
vn -0.9876885 0 -0.15643357
vn -0.9876885 0 -0.15643357
vn -1 0 0
vn -1 0 0
vn -0.95105636 0 0.3090177
vn -0.95105636 0 0.3090177
vn -0.80901575 0 0.58778703
vn -0.80901575 0 0.58778703
vn -0.58778703 0 0.80901575
vn -0.58778703 0 0.80901575
vn -0.30902117 0 0.95105517
vn -0.30902117 0 0.95105517
vn -0.30902117 0 0.95105517
vn -0.30902117 0 0.95105517
vn -0 0 1
vn -0 0 1
vn 0.30902117 0 0.95105517
vn 0.30902117 0 0.95105517
vn 0.58778554 0 0.8090168
vn 0.58778554 0 0.8090168
vn 0.951057 0 -0.3090156
vn 0.89100516 0 -0.45399317
vn 0.89100516 0 -0.45399317
vn 0.951057 0 -0.3090156
vn 1 0 7.309149E-07
vn 1 0 7.309149E-07
vn 0.95105743 0 0.30901408
vn 0.95105743 0 0.30901408
vn 0.80901575 0 0.58778703
vn 0.80901575 0 0.58778703
vn 0.5877846 0 0.80901754
vn 0.5877846 0 0.80901754
vn -0.9876886 0 -0.15643336
vn -0.9876886 0 -0.15643336
vn -1 0 0
vn -1 0 0
vn -0.95105636 0 0.3090174
vn -0.95105636 0 0.3090174
vn -0.80901575 0 0.58778703
vn -0.80901575 0 0.58778703
vn -0.58778596 0 0.8090164
vn -0.58778596 0 0.8090164
vn -0.3090212 0 0.95105517
vn -0.3090212 0 0.95105517
vn -0.3090212 0 0.95105517
vn -0.3090212 0 0.95105517
vn -0 0 1
vn -0 0 1
vn 0.3090212 0 0.95105517
vn 0.3090212 0 0.95105517
vn 0.5877846 0 0.80901754
vn 0.5877846 0 0.80901754
vn -0 -1 8.341059E-06
vn -0 -1 1.6682213E-06
vn -0 -1 8.341068E-06
vn -0 -1 8.3410905E-06
vn -0 -1 8.341074E-06
vn -0 -1 0
vn -0 -1 0
vn -0 -1 0
vn -0 -1 0
vn -0 -1 0
vn -0 -1 0
vn -0 -1 0
vn -0 -1 0
vn -0 -1 0
vn -0 -1 0
vn -0 -1 0
vn -0 -1 0
vn -0 -1 0
vn -0 -1 0
vn -0 -1 0
vn -0 -1 0
vn -0 -1 8.341059E-06
vn -0 -1 1.668221E-06
vn -0 -1 8.341068E-06
vn -0 -1 8.3410905E-06
vn -0 -1 8.341074E-06
vn -0 -1 0
vn -0 -1 0
vn -0 -1 0
vn -0 -1 0
vn -0 -1 0
vn -0 -1 0
vn -0 -1 0
vn -0 -1 0
vn -0 -1 0
vn -0 -1 0
vn -0 -1 0
vn -0 -1 0
vn -0 -1 0
vn -0 -1 0
vn -0 -1 0
vn -0 -1 0
vn -0 -1 8.341065E-06
vn -0 -1 1.6682294E-06
vn -0 -1 8.341057E-06
vn -0 -1 8.3410805E-06
vn -0 -1 8.34103E-06
vn -0 -1 0
vn -0 -1 0
vn -0 -1 0
vn -0 -1 0
vn -0 -1 0
vn -0 -1 0
vn -0 -1 0
vn -0 -1 0
vn -0 -1 0
vn -0 -1 0
vn -0 -1 0
vn -0 -1 0
vn -0 -1 0
vn -0 -1 0
vn -0 -1 0
vn -0 -1 0
vn -0 -1 8.341067E-06
vn -0 -1 1.668221E-06
vn -0 -1 8.3410605E-06
vn -0 -1 8.341103E-06
vn -0 -1 8.341066E-06
vn -0 -1 0
vn -0 -1 0
vn -0 -1 0
vn -0 -1 0
vn -0 -1 0
vn -0 -1 0
vn -0 -1 0
vn -0 -1 0
vn -0 -1 0
vn -0 -1 0
vn -0 -1 0
vn -0 -1 0
vn -0 -1 0
vn -0 -1 0
vn -0 -1 0
vn -0 -1 0
vn -0 -1 8.341067E-06
vn -0 -1 1.6682203E-06
vn -0 -1 8.3410605E-06
vn -0 -1 8.341103E-06
vn -0 -1 8.341066E-06
vn -0 -1 0
vn -0 -1 0
vn -0 -1 0
vn -0 -1 0
vn -0 -1 0
vn -0 -1 0
vn -0 -1 0
vn -0 -1 0
vn -0 -1 0
vn -0 -1 0
vn -0 -1 0
vn -0 -1 0
vn -0 -1 0
vn -0 -1 0
vn -0 -1 0
vn -0 -1 0
vn -0 -1 8.341073E-06
vn -0 -1 1.6682307E-06
vn -0 -1 8.341059E-06
vn -0 -1 8.3410905E-06
vn -0 -1 8.341033E-06
vn -0 -1 0
vn -0 -1 0
vn -0 -1 0
vn -0 -1 0
vn -0 -1 0
vn -0 -1 0
vn -0 -1 0
vn -0 -1 0
vn -0 -1 0
vn -0 -1 0
vn -0 -1 0
vn -0 -1 0
vn -0 -1 0
vn -0 -1 0
vn -0 -1 0
vn -0 -1 0
vn -0 -1 0
vn -0 -1 0
vn -0 -1 0
vn -0 -1 0
vn -0 -1 0
vn -0 -1 0
vn -0 -1 0
vn -0 -1 0
vn -0 -1 0
vn -0 -1 0
vn -0 -1 0
vn -0 -1 0
vn -0 -1 0
vn -0 -1 0
vn -0 -1 0
vn -0 -1 0
vn -0 -1 0
vn -0 -1 0
vn -0 -1 0
vn -0 -1 0
vn -0 -1 0
vn -0 -1 0
vn -0 -1 0
vn -0 -1 0
vn -0 -1 0
vn -0 -1 0
vn -0 -1 0
vn -0 -1 0
vn -0 -1 0
vn -0 -1 0
vn -0 -1 0
vn -0 -1 0
vn -0 -1 0
vn -0 -1 0
vn -0 -1 0
vn -0 -1 0
vn -0 -1 0
vn -0 -1 0
vn -0 -1 0
vn -0 -1 0
vn -0 -1 0
vn -0 -1 0
vn -0 -1 0
vn -0 -1 0
vn -0 -1 0
vn -0 -1 0
vn -0 -1 0
vn -0 -1 0
vn -0 -1 0
vn -0 -1 0
vn -0 -1 0
vn -0 -1 0
vn -0 -1 0
vn -0 -1 0
vn -0 -1 0
vn -0 -1 0
vn -0 -1 0
vn -0 -1 0
vn -0 -1 0
vn -0 -1 0
vn -0 -1 0
vn -0 -1 0
vn -0 -1 0
vn 0.12958302 0 0.9915686
vn 0.12958302 0 0.9915686
vn 0.12958302 0 0.9915686
vn 0.12958302 0 0.9915686
vn -0 0 1
vn -0 0 1
vn -0 0 1
vn -0 0 1
vn -0 0 1
vn -0 0 1
vn -0 0 1
vn -0 0 1
vn -2.0096903E-07 -1 0
vn -2.0096903E-07 -1 0
vn -2.0096903E-07 -1 0
vn -2.0096903E-07 -1 0
vn -0 -0.9517533 -0.30686435
vn -0.71817446 -0.44673222 -0.53353137
vn -0 -0.6419814 -0.7667202
vn -0.72436523 -0.6561542 -0.21155748
vn -0.72436553 -0.65615386 0.21155758
vn -0 -0.9517533 0.30686435
vn -0.7181752 -0.4467302 0.533532
vn -0 -0.64198077 0.7667207
vn -0 -0.6419814 -0.7667202
vn -0.71817446 -0.44673222 -0.53353137
vn -0.7159605 -0.15479314 -0.68076396
vn -0 -0.22172025 -0.97511035
vn -0.70710677 0 -0.70710677
vn -0 0 -1
vn -0 -0.64198077 0.7667207
vn -0.71596056 -0.15479125 0.68076426
vn -0.7181752 -0.4467302 0.533532
vn -0 -0.22171944 0.9751106
vn -0.70710677 1.8318562E-07 0.70710677
vn -0 0 1
vn -0 0.7071068 -0.70710677
vn -0.57735646 0.5773501 -0.5773443
vn -0.7071142 -7.7825125E-06 -0.7070993
vn -0 1.6832445E-07 -1
vn -0 0.70710677 0.70710677
vn -0 0 1
vn -0.7071142 -7.9015535E-06 0.7070993
vn -0.57735646 0.57735 0.5773443
vn -0 1 0
vn -0 1 0
vn -0 1 0
vn -0 1 0
vn -0 -0.9517533 -0.30686435
vn -0 -0.6419814 -0.7667202
vn 0.71817446 -0.44673222 -0.53353137
vn 0.72436523 -0.6561542 -0.21155748
vn 0.72436553 -0.65615386 0.21155758
vn -0 -0.9517533 0.30686435
vn 0.7181752 -0.4467302 0.533532
vn -0 -0.64198077 0.7667207
vn -0 -0.6419814 -0.7667202
vn 0.7159605 -0.15479314 -0.68076396
vn 0.71817446 -0.44673222 -0.53353137
vn -0 -0.22172025 -0.97511035
vn 0.70710677 0 -0.70710677
vn -0 0 -1
vn -0 -0.64198077 0.7667207
vn 0.7181752 -0.4467302 0.533532
vn 0.71596056 -0.15479125 0.68076426
vn -0 -0.22171944 0.9751106
vn 0.70710677 1.8318562E-07 0.70710677
vn -0 0 1
vn -0 0.7071068 -0.70710677
vn -0 1.6832445E-07 -1
vn 0.7071142 -7.7825125E-06 -0.7070993
vn 0.57735646 0.5773501 -0.5773443
vn -0 0.70710677 0.70710677
vn 0.57735646 0.57735 0.5773443
vn 0.7071142 -7.9015535E-06 0.7070993
vn -0 0 1
vn -0 1 0
vn -0 1 0
vn -0 1 0
vn -0 1 0
vn -0 1 0
vn -0 1 0
vn -0 1 0
vn -0 1 0
vn -0 1 0
vn -0 1 0
vn -0 1 0
vn -0 1 0
vn 0.3031016 -0.9529583 0
vn 0.77127206 -0.6365056 0
vn 0.77127206 -0.6365056 0
vn 0.3031016 -0.9529583 0
vn -0 -1 0
vn -0 -1 0
vn 0.77127206 -0.6365056 0
vn 0.9775054 -0.21091077 0
vn 0.77127206 -0.6365056 0
vn 0.9775054 -0.21091077 0
vn 1 0 0
vn 1 0 0
vn 1 0 0
vn 1 0 0
vn 1 0 0
vn 1 0 0
vn 1 0 0
vn 1 0 0
vn 1 0 0
vn 1 0 0
vn -0.30310175 -0.9529582 0
vn -0.77127266 -0.63650495 0
vn -0.77127266 -0.63650495 0
vn -0.30310175 -0.9529582 0
vn -0 -1 0
vn -0 -1 0
vn -0.77127266 -0.63650495 0
vn -0.77127266 -0.63650495 0
vn -0.9775055 -0.21091005 0
vn -0.9775055 -0.21091005 0
vn -1 0 0
vn -1 0 0
vn -1 0 0
vn -1 0 0
vn -1 0 0
vn -1 0 0
vn -1 0 0
vn -1 0 0
vn -1 0 0
vn -1 0 0
vn 1 0 0
vn 1 0 0
vn 1 0 0
vn 1 0 0
vn -0 0 1
vn -0 0 1
vn -0 0 1
vn -0 0 1
vn -1 0 0
vn -1 0 0
vn -1 0 0
vn -1 0 0
vn 0.30381662 -0.9527305 0
vn 0.30381662 -0.9527305 0
vn 0.30381662 -0.9527305 0
vn 0.30381662 -0.9527305 0
vn 0.3038172 0.95273036 0
vn 0.3038172 0.95273036 0
vn 0.3038172 0.95273036 0
vn 0.3038172 0.95273036 0
vn -0 -0.9845744 0.17496656
vn -0 -0.9845744 0.17496656
vn -0 -0.9845744 0.17496656
vn -0 -0.9845744 0.17496656
vn -0 0.9845746 0.17496568
vn -0 0.9845746 0.17496568
vn -0 0.9845746 0.17496568
vn -0 0.9845746 0.17496568
vn -0.30381662 -0.9527306 0
vn -0.30381662 -0.9527306 0
vn -0.30381662 -0.9527306 0
vn -0.30381662 -0.9527306 0
vn -0.30381733 0.95273024 0
vn -0.30381733 0.95273024 0
vn -0.30381733 0.95273024 0
vn -0.30381733 0.95273024 0
vn 1 0 0
vn 1 0 0
vn 1 0 0
vn 1 0 0
vn 1 0 0
vn 1 0 0
vn -1 0 0
vn -1 0 0
vn -1 0 0
vn -1 0 0
vn -0 0 1
vn -0 0 1
vn -0 0 1
vn -0 0 1
vn 1 0 0
vn 1 0 0
vn 1 0 0
vn 1 0 0
vn -0 0 1
vn -0 0 1
vn -0 0 1
vn -0 0 1
vn -1 0 0
vn -1 0 0
vn -1 0 0
vn -1 0 0
vn 1 0 0
vn 1 0 0
vn 1 0 0
vn 1 0 0
vn -0 0 1
vn -0 0 1
vn -0 0 1
vn -0 0 1
vn -1 2.7410312E-07 0
vn -1 -1.3609706E-06 0
vn -1 -1.3609706E-06 0
vn -1 2.7410312E-07 0
vn -0 0 1
vn -0 0 1
vn -0 0 1
vn -0 0 1
vn -0 0 1
vn -0 0 1
vn -0 0 1
vn -0 0 1
vn -0 0 1
vn -0 0 1
vn -0 0 1
vn -0 0 1
vn -0 0 1
vn -0 0 1
vn -0 0 1
vn -0 0 1
vn -0 0 1
vn -0 0 1
vn -0 0 1
vn -0 0 1
vn -0 0 1
vn -0 0 1
vn -0 0 1
vn -0 0 1
vn -0 0 1
vn -0 0 1
vn -0 0 1
vn -0 0 1
vn -0 0 1
vn -0 0 1
vn -0 0 1
vn -0 0 1
vn -0 0 1
vn -0 0 1
vn -0 0 1
vn -0 0 1
vn -0 0 1
vn -0 0 1
vn -0 0 1
vn -0 0 1
vn -1 -1.4980221E-06 0
vn -1 0 0
vn -1 0 0
vn -1 -1.4980221E-06 0
vn -0 0 1
vn -0 0 1
vn -0 0 1
vn -0 0 1
vn -0 0 1
vn -0 0 1
vn -0 0 1
vn -0 0 1
vn -0 0 1
vn -0 0 1
vn -0 0 1
vn -0 0 1
vn 1 0 0
vn 1 0 0
vn 1 0 0
vn 1 0 0
vn -0 0 1
vn -0 0 1
vn -0 0 1
vn -0 0 1
vn -1 -1.3609706E-06 0
vn -1 -1.4980221E-06 0
vn -1 -1.4980221E-06 0
vn -1 -1.3609706E-06 0
vn -0 0 1
vn -0 0 1
vn -0 0 1
vn -0 0 1
vn -0 0 1
vn -0 0 1
vn -0 0 1
vn -0 0 1
vn -0 0 1
vn -0 0 1
vn -0 0 1
vn -0 0 1
vn 1 0 0
vn 1 0 0
vn 1 0 0
vn 1 0 0
vn -0 0 1
vn -0 0 1
vn -0 0 1
vn -0 0 1
vn -0 0 1
vn -0 0 1
vn -0 0 1
vn -0 0 1
vn -0 0 1
vn -0 0 1
vn -0 0 1
vn -0 0 1
vn -0 0 1
vn -0 0 1
vn -0 0 1
vn -0 0 1
vn -1 0 0
vn -1 0 0
vn -1 0 0
vn -1 0 0
vn -0.052640107 0.027233481 0.99824214
vn 4.2820236E-07 0 1
vn 4.2820236E-07 0 1
vn 4.4956911E-07 0 1
vn -0.44610527 0.40430316 0.79845417
vn -2.928798E-07 0 1
vn -0.111071676 0.6256625 0.77214605
vn -1.649062E-07 0 1
vn -0 0.54858387 0.8360956
vn -0 0 1
vn -0.111071676 0.6256625 0.77214605
vn -0 1 0
vn -0 0.54858387 0.8360956
vn -0.17479321 0.9846051 0
vn -0.44610527 0.40430316 0.79845417
vn -0.74097 0.67153805 0
vn -0.052640107 0.027233481 0.99824214
vn -0.888179 0.45949757 0
vn -0 -1 0
vn -0 -1 0
vn 0.1431218 -0.98970515 0
vn 0.1431218 -0.98970515 0
vn 0.7735606 -0.63372236 0
vn 0.7735606 -0.63372236 0
vn 0.7735606 -0.63372236 0
vn 0.99961543 -0.027728206 0
vn 0.7735606 -0.63372236 0
vn 0.99961543 -0.027728206 0
vn 1 0 0
vn 1 0 0
vn 4.2820236E-07 0 1
vn -0 0 1
vn -0 0 1
vn 4.2820236E-07 0 1
vn 1 0 0
vn 1 0 0
vn 1 0 0
vn 1 0 0
vn 0.052639786 0.02723348 0.99824214
vn -6.851237E-07 0 1
vn -6.851237E-07 0 1
vn -7.658997E-07 0 1
vn 0.44610468 0.40430328 0.7984544
vn -5.70003E-07 0 1
vn 0.11097243 0.62568235 0.7721442
vn -1.6474112E-07 0 1
vn -0 0.5485437 0.83612186
vn -0 0 1
vn 0.11097243 0.62568235 0.7721442
vn -0 0.5485437 0.83612186
vn -0 1 0
vn 0.17463695 0.98463297 0
vn 0.44610468 0.40430328 0.7984544
vn 0.11097243 0.62568235 0.7721442
vn 0.17463695 0.98463297 0
vn 0.74097 0.67153805 0
vn 0.052639786 0.02723348 0.99824214
vn 0.888179 0.45949757 0
vn -0 -1 0
vn -0.14295395 -0.9897293 0
vn -0 -1 0
vn -0.14295395 -0.9897293 0
vn -0.7735606 -0.63372236 0
vn -0.7735606 -0.63372236 0
vn -0.7735606 -0.63372236 0
vn -0.7735606 -0.63372236 0
vn -0.99961543 -0.027728206 0
vn -0.99961543 -0.027728206 0
vn -1 0 0
vn -1 0 0
vn -6.851237E-07 0 1
vn -6.851237E-07 0 1
vn -0 0 1
vn -0 0 1
vn -1 0 0
vn -1 0 0
vn -1 0 0
vn -1 0 0
vn -0.15355639 -0.9847179 0.08216482
vn -0.0051210397 -0.99550724 0.09454702
vn -0.005144083 -0.99998677 0
vn -0.15407753 -0.98805875 0
vn -0.7699223 -0.6381376 0
vn -0.76732486 -0.6359856 0.08206584
vn -0.9995596 -0.029676491 0
vn -0.76732486 -0.6359856 0.08206584
vn -0.7699223 -0.6381376 0
vn -0.9952148 -0.02954752 0.09313682
vn -1 -0.0002745518 0
vn -0.99451053 -0.00027301747 0.10463591
vn -1 0 0
vn -0.9943197 0 0.106434934
vn 1.8767299E-06 0 1
vn -0 0 1
vn -0.0051210397 -0.99550724 0.09454702
vn -0.15355639 -0.9847179 0.08216482
vn 1.1281305E-05 0 1
vn -0.76732486 -0.6359856 0.08206584
vn 1.6634374E-05 2.836898E-07 1
vn -0.9952148 -0.02954752 0.09313682
vn 1.5012952E-05 2.6477463E-07 1
vn -0.99451053 -0.00027301747 0.10463591
vn 1.5012952E-05 2.6477463E-07 1
vn -0.99451053 -0.00027301747 0.10463591
vn -0.9943197 0 0.106434934
vn 3.349562E-06 0 1
vn 0.118650176 -0.98952764 0.08220159
vn 0.0037180816 -0.9999931 0
vn 0.0037013197 -0.99548495 0.09484716
vn 0.11905318 -0.9928879 0
vn 0.7699222 -0.63813776 0
vn 0.76732486 -0.6359856 0.082066044
vn 0.9995596 -0.029676542 0
vn 0.7699222 -0.63813776 0
vn 0.76732486 -0.6359856 0.082066044
vn 0.9952148 -0.029547581 0.093135945
vn 1 -0.0002744798 0
vn 0.99451065 -0.000272946 0.10463498
vn 1 7.357756E-07 0
vn 0.9943198 7.3159623E-07 0.10643367
vn -1.0873711E-06 0 1
vn 0.0037013197 -0.99548495 0.09484716
vn -0 0 1
vn 0.118650176 -0.98952764 0.08220159
vn -9.378167E-06 0 1
vn 0.76732486 -0.6359856 0.082066044
vn -1.9934825E-05 2.8368942E-07 1
vn 0.9952148 -0.029547581 0.093135945
vn -1.7772085E-05 2.6477446E-07 1
vn 0.99451065 -0.000272946 0.10463498
vn -1.7772085E-05 2.6477446E-07 1
vn -0 0 1
vn 0.9943198 7.3159623E-07 0.10643367
vn 0.99451065 -0.000272946 0.10463498
vn -0 1 0
vn 0.8792939 0.4762797 -1.7035496E-05
vn 0.84773403 0.5304215 -1.6424054E-05
vn -0 1 0
vn 1 -1.1421105E-05 -1.9374063E-05
vn 1 -1.1421105E-05 -1.9374065E-05
vn 1 -1.1421105E-05 -1.9374065E-05
vn 0.84773403 0.5304215 -1.6424054E-05
vn 0.8792939 0.4762797 -1.7035496E-05
vn -0 0.9999825 -0.005928892
vn -0 0.9999825 -0.005928892
vn -0.80605847 0.5918255 -0.0035022893
vn -0.8081928 0.5889076 -0.0034849718
vn -1 -1.2768656E-05 8.314736E-06
vn -1 -1.2768654E-05 8.314735E-06
vn -1 -1.2768654E-05 8.314735E-06
vn -0.80605847 0.5918255 -0.0035022893
vn -0.8081928 0.5889076 -0.0034849718
vn -0 1 0
vn -0 1 0
vn 0.85534763 0.5180545 1.5612924E-05
vn 0.84345466 0.50010383 0.19616416
vn 1 -1.066047E-05 1.8253308E-05
vn 0.9973169 -1.0632012E-05 0.073205486
vn 0.9824358 0.036648426 0.18296632
vn 0.85534763 0.5180545 1.5612924E-05
vn 0.84345466 0.50010383 0.19616416
vn -2.2772896E-05 0.1965662 0.9804906
vn 2.067575E-05 0.24711429 0.9689864
vn 0.84345466 0.50010383 0.19616416
vn 0.9824358 0.036648426 0.18296632
vn -2.2772896E-05 0.1965662 0.9804906
vn 0.9824358 0.036648426 0.18296632
vn 0.9973169 -1.0632012E-05 0.073205486
vn -0.00018701369 0 1
vn 0.88394433 0.0210929 0.46711618
vn 1 0 0
vn 0.90946937 0 0.41577095
vn 1 0 0
vn 0.82794434 0.3621706 0.4281829
vn 1 0 0
vn 0.8162906 0.5738594 0.06599257
vn 1 2.4417304E-07 0
vn 0.8150417 0.575085 -0.07059973
vn 1 3.1626513E-07 0
vn 1 2.371641E-07 0
vn 0.9368574 0.28155676 -0.2074221
vn 1 0 0
vn 1 0 0
vn 1 0 0
vn 1 0 0
vn 0.88394433 0.0210929 0.46711618
vn 0.90946937 0 0.41577095
vn -0 0 1
vn -0 0.045109607 0.998982
vn 0.82794434 0.3621706 0.4281829
vn -0 0.64579886 0.76350766
vn -0 0.64579886 0.76350766
vn 0.8162906 0.5738594 0.06599257
vn 0.82794434 0.3621706 0.4281829
vn -0 0.99345267 0.11424494
vn -0 0.99254864 -0.121849276
vn 0.8150417 0.575085 -0.07059973
vn -0 0.80511135 -0.59312373
vn 0.9368574 0.28155676 -0.2074221
vn -0 0.999982 0.006008493
vn -0.78216517 0.56991506 0.25182238
vn -0.8060537 0.5918317 0.0035744638
vn -0 0.999982 0.006008493
vn -0.9800562 -1.3332435E-05 0.19872054
vn -0.99625254 -1.3552765E-05 0.086491376
vn -1 -1.3603745E-05 2.2724806E-05
vn -0.8060537 0.5918317 0.0035744638
vn -0.78216517 0.56991506 0.25182238
vn 1.3483942E-07 0 1
vn -0.9800562 -1.3332435E-05 0.19872054
vn -0.78216517 0.56991506 0.25182238
vn 1.71527E-07 0 1
vn -0 0 1
vn -0.99625254 -1.3552765E-05 0.086491376
vn -0.9800562 -1.3332435E-05 0.19872054
vn -0.8839445 0.02109285 0.4671157
vn -0.90946954 0 0.4157705
vn -1 0 0
vn -1 0 0
vn -0.8279447 0.3621704 0.42818245
vn -1 -1.0965813E-07 0
vn -0.81577516 0.5745823 0.06607569
vn -1 -3.262081E-07 0
vn -0.8122756 0.5789276 -0.07107144
vn -1 -2.8894777E-07 0
vn -1 1.185454E-07 0
vn -0.93843234 0.27813625 -0.20490237
vn -1 0 0
vn -1 0 0
vn -1 0 0
vn -1 0 0
vn -0.8839445 0.02109285 0.4671157
vn -0 0 1
vn -0.90946954 0 0.4157705
vn -0 0.045109585 0.998982
vn -0.8279447 0.3621704 0.42818245
vn 6.2940853E-07 0.6457987 0.7635078
vn 6.2940853E-07 0.6457987 0.7635078
vn -0.8279447 0.3621704 0.42818245
vn -0.81577516 0.5745823 0.06607569
vn 2.3673635E-07 0.99345267 0.11424481
vn -0 0.99254864 -0.12184916
vn -0.8122756 0.5789276 -0.07107144
vn -0 0.80511117 -0.59312385
vn -0.93843234 0.27813625 -0.20490237
vn -0 1 0
vn -0 1 0
vn -0 1 0
vn -0 1 0
vn -0 1 0
vn -0 1 0
vn -0 1 0
vn -0 1 0
vn -0 1 0
vn -0 1 0
vn -0 1 0
vn -0 1 0
vn -0 1 0
vn -0 1 0
vn -0 1 0
vn -0 1 0
vn -0 1 0
vn -0 1 0
vn -0 1 0
vn -0 1 0
vn -0 1 0
vn -0 1 0
vn -0 1 0
vn -0 1 0
vn -0 1 0
vn -0 1 0
vn -0 1 0
vn -0 1 0
vn -0 1 0
vn -0 1 0
vn -0 1 0
vn -0 1 0
vn -0 1 0
vn -0 1 0
vn -0 1 0
vn -0 1 0
vn -0 0 1
vn -0 0 1
vn -0 0 1
vn -0 0 1
vn -0 0 1
vn -0 0 1
vn 4.8776684E-07 0 1
vn -0 0 1
vn -0 0 1
vn 4.8776684E-07 0 1
vn -0 0 1
vn 4.877668E-07 0 1
vn -0 0 1
vn -0 0 1
vn -0 0 1
vn -0 0 1
vn -0 0 1
vn -0 0 1
vn -0 0 1
vn -0 0 1
vn -0 0 1
vn -0 0 1
vn -0 0 1
vn -0 0 1
vn -0 0 1
vn -0 0 1
vn -0 0 1
vn -0 0 1
vn -0 0 1
vn -0 0 1
vn -0 0 1
vn -0 0 1
vn -0 0 1
vn -0 0 1
vn 5.082025E-07 0 1
vn 5.088647E-07 0 1
vn -1 0 0
vn -1 0 0
vn -1 0 0
vn -1 0 0
vn -1 0 0
vn -1 0 0
vn -1 0 0
vn -1 0 0
vn 1 3.7391862E-07 0
vn 1 3.739186E-07 0
vn 1 4.353861E-07 0
vn 1 4.3646313E-07 0
vn 1 0 0
vn 1 0 0
vn 1 0 0
vn 1 0 0
vn 1 0 0
vn 1 0 0
vn 1 0 0
vn 1 0 0
vn -1 0 0
vn -1 -2.872212E-06 0
vn -1 -2.8718118E-06 0
vn -1 0 0
vn -1 0 0
vn -1 -2.8179122E-06 0
vn -1 -2.8166376E-06 0
vn -1 0 0
vn 1 0 0
vn 1 3.525283E-07 0
vn 1 3.5227586E-07 0
vn 1 0 0
vn 5.082025E-07 0 1
vn 5.288915E-07 0 1
vn 5.288915E-07 0 1
vn 5.088647E-07 0 1
vn 1 4.353861E-07 0
vn 1 0 0
vn 1 0 0
vn 1 4.3646313E-07 0
vn -1 -2.872212E-06 0
vn -1 -2.964136E-06 0
vn -1 -2.9641362E-06 0
vn -1 -2.8718118E-06 0
vn -1 -2.8179122E-06 0
vn -1 -2.9224936E-06 0
vn -1 -2.9224936E-06 0
vn -1 -2.8166376E-06 0
vn 1 3.525283E-07 0
vn 1 3.278412E-07 0
vn 1 3.2784124E-07 0
vn 1 3.5227586E-07 0
vn -8.721763E-07 0 1
vn -8.721764E-07 0 1
vn -8.721764E-07 0 1
vn -8.7217626E-07 0 1
vn -1 -1.0166271E-05 0
vn -1 -1.0166272E-05 0
vn -1 -1.0166273E-05 0
vn -1 -1.0166274E-05 0
vn -1 -1.0449413E-05 0
vn -1 -1.0449413E-05 0
vn -1 -1.0449413E-05 0
vn -1 -1.0449413E-05 0
vn 1.8465927E-06 0 1
vn 1.8465928E-06 0 1
vn 1.8465927E-06 0 1
vn 1.8465928E-06 0 1
vn 1 1.3578441E-06 0
vn 1 1.3578441E-06 0
vn 1 1.3578442E-06 0
vn 1 1.3578439E-06 0
vn 1 1.3069962E-06 0
vn 1 1.3069963E-06 0
vn 1 1.3069963E-06 0
vn 1 1.3069963E-06 0
vn -0 0 1
vn -0 0 1
vn -0 0 1
vn -0 0 1
vn -1 -1.089753E-06 0
vn -1 -1.089753E-06 0
vn -1 -1.089753E-06 0
vn -1 -1.089753E-06 0
vn 1 0 0
vn 1 0 0
vn 1 0 0
vn 1 0 0
g Combined Mesh (root: scene)_0
f 3/3/3 2/2/2 1/1/1
f 4/4/4 3/3/3 1/1/1
f 7/7/7 6/6/6 5/5/5
f 8/8/8 7/7/7 5/5/5
f 11/11/11 10/10/10 9/9/9
f 12/12/12 11/11/11 9/9/9
f 15/15/15 14/14/14 13/13/13
f 16/16/16 15/15/15 13/13/13
f 19/19/19 18/18/18 17/17/17
f 20/20/20 19/19/19 17/17/17
f 23/23/23 22/22/22 21/21/21
f 24/24/24 23/23/23 21/21/21
g Combined Mesh (root: scene)_1
f 27/27/27 26/26/26 25/25/25
f 30/30/30 29/29/29 28/28/28
f 33/33/33 32/32/32 31/31/31
f 36/36/36 35/35/35 34/34/34
f 39/39/39 38/38/38 37/37/37
f 42/42/42 41/41/41 40/40/40
f 45/45/45 44/44/44 43/43/43
f 48/48/48 47/47/47 46/46/46
f 51/51/51 50/50/50 49/49/49
f 54/54/54 53/53/53 52/52/52
f 53/53/53 55/55/55 52/52/52
f 53/53/53 56/56/56 55/55/55
f 56/56/56 57/57/57 55/55/55
f 56/56/56 58/58/58 57/57/57
f 58/58/58 59/59/59 57/57/57
f 62/62/62 61/61/61 60/60/60
f 61/61/61 63/63/63 60/60/60
f 61/61/61 64/64/64 63/63/63
f 64/64/64 65/65/65 63/63/63
f 64/64/64 66/66/66 65/65/65
f 66/66/66 67/67/67 65/65/65
f 66/66/66 68/68/68 67/67/67
f 68/68/68 69/69/69 67/67/67
f 68/68/68 70/70/70 69/69/69
f 70/70/70 71/71/71 69/69/69
f 70/70/70 72/72/72 71/71/71
f 72/72/72 73/73/73 71/71/71
f 76/76/76 75/75/75 74/74/74
f 77/77/77 76/76/76 74/74/74
f 80/80/80 79/79/79 78/78/78
f 79/79/79 81/81/81 78/78/78
f 79/79/79 82/82/82 81/81/81
f 82/82/82 83/83/83 81/81/81
f 82/82/82 84/84/84 83/83/83
f 84/84/84 85/85/85 83/83/83
f 84/84/84 86/86/86 85/85/85
f 86/86/86 87/87/87 85/85/85
f 86/86/86 88/88/88 87/87/87
f 88/88/88 89/89/89 87/87/87
f 88/88/88 90/90/90 89/89/89
f 90/90/90 91/91/91 89/89/89
f 90/90/90 92/92/92 91/91/91
f 92/92/92 93/93/93 91/91/91
f 92/92/92 94/94/94 93/93/93
f 94/94/94 95/95/95 93/93/93
f 94/94/94 96/96/96 95/95/95
f 96/96/96 97/97/97 95/95/95
f 96/96/96 98/98/98 97/97/97
f 98/98/98 99/99/99 97/97/97
f 102/102/102 101/101/101 100/100/100
f 103/103/103 101/101/101 102/102/102
f 104/104/104 103/103/103 102/102/102
f 105/105/105 103/103/103 104/104/104
f 106/106/106 105/105/105 104/104/104
f 107/107/107 105/105/105 106/106/106
f 108/108/108 107/107/107 106/106/106
f 109/109/109 107/107/107 108/108/108
f 112/112/112 111/111/111 110/110/110
f 113/113/113 111/111/111 112/112/112
f 114/114/114 113/113/113 112/112/112
f 115/115/115 113/113/113 114/114/114
f 116/116/116 115/115/115 114/114/114
f 117/117/117 115/115/115 116/116/116
f 118/118/118 117/117/117 116/116/116
f 121/121/121 120/120/120 119/119/119
f 122/122/122 121/121/121 119/119/119
f 123/123/123 121/121/121 122/122/122
f 124/124/124 123/123/123 122/122/122
f 127/127/127 126/126/126 125/125/125
f 128/128/128 127/127/127 125/125/125
f 129/129/129 127/127/127 128/128/128
f 130/130/130 129/129/129 128/128/128
f 131/131/131 129/129/129 130/130/130
f 132/132/132 131/131/131 130/130/130
f 133/133/133 131/131/131 132/132/132
f 134/134/134 133/133/133 132/132/132
f 135/135/135 133/133/133 134/134/134
f 136/136/136 135/135/135 134/134/134
f 139/139/139 138/138/138 137/137/137
f 140/140/140 139/139/139 137/137/137
f 141/141/141 139/139/139 140/140/140
f 142/142/142 141/141/141 140/140/140
f 143/143/143 141/141/141 142/142/142
f 144/144/144 143/143/143 142/142/142
f 145/145/145 143/143/143 144/144/144
f 146/146/146 145/145/145 144/144/144
f 147/147/147 145/145/145 146/146/146
f 148/148/148 147/147/147 146/146/146
f 151/151/151 150/150/150 149/149/149
f 152/152/152 151/151/151 149/149/149
f 153/153/153 151/151/151 152/152/152
f 154/154/154 153/153/153 152/152/152
f 155/155/155 153/153/153 154/154/154
f 156/156/156 155/155/155 154/154/154
f 157/157/157 155/155/155 156/156/156
f 158/158/158 157/157/157 156/156/156
f 159/159/159 157/157/157 158/158/158
f 160/160/160 159/159/159 158/158/158
f 161/161/161 159/159/159 160/160/160
f 162/162/162 161/161/161 160/160/160
f 163/163/163 161/161/161 162/162/162
f 164/164/164 163/163/163 162/162/162
f 165/165/165 163/163/163 164/164/164
f 166/166/166 165/165/165 164/164/164
f 167/167/167 165/165/165 166/166/166
f 168/168/168 167/167/167 166/166/166
f 169/169/169 167/167/167 168/168/168
f 170/170/170 169/169/169 168/168/168
f 173/173/173 172/172/172 171/171/171
f 172/172/172 174/174/174 171/171/171
f 172/172/172 175/175/175 174/174/174
f 175/175/175 176/176/176 174/174/174
f 175/175/175 177/177/177 176/176/176
f 177/177/177 178/178/178 176/176/176
f 181/181/181 180/180/180 179/179/179
f 180/180/180 182/182/182 179/179/179
f 180/180/180 183/183/183 182/182/182
f 183/183/183 184/184/184 182/182/182
f 183/183/183 185/185/185 184/184/184
f 185/185/185 186/186/186 184/184/184
f 185/185/185 187/187/187 186/186/186
f 187/187/187 188/188/188 186/186/186
f 191/191/191 190/190/190 189/189/189
f 190/190/190 192/192/192 189/189/189
f 190/190/190 193/193/193 192/192/192
f 193/193/193 194/194/194 192/192/192
f 193/193/193 195/195/195 194/194/194
f 195/195/195 196/196/196 194/194/194
f 199/199/199 198/198/198 197/197/197
f 198/198/198 200/200/200 197/197/197
f 198/198/198 201/201/201 200/200/200
f 201/201/201 202/202/202 200/200/200
f 201/201/201 203/203/203 202/202/202
f 203/203/203 204/204/204 202/202/202
f 207/207/207 206/206/206 205/205/205
f 206/206/206 208/208/208 205/205/205
f 206/206/206 209/209/209 208/208/208
f 209/209/209 210/210/210 208/208/208
f 209/209/209 211/211/211 210/210/210
f 211/211/211 212/212/212 210/210/210
f 211/211/211 213/213/213 212/212/212
f 213/213/213 214/214/214 212/212/212
f 213/213/213 215/215/215 214/214/214
f 215/215/215 216/216/216 214/214/214
f 215/215/215 217/217/217 216/216/216
f 217/217/217 218/218/218 216/216/216
f 221/221/221 220/220/220 219/219/219
f 222/222/222 221/221/221 219/219/219
f 225/225/225 224/224/224 223/223/223
f 224/224/224 226/226/226 223/223/223
f 224/224/224 227/227/227 226/226/226
f 227/227/227 228/228/228 226/226/226
f 227/227/227 229/229/229 228/228/228
f 229/229/229 230/230/230 228/228/228
f 229/229/229 231/231/231 230/230/230
f 231/231/231 232/232/232 230/230/230
f 231/231/231 233/233/233 232/232/232
f 233/233/233 234/234/234 232/232/232
f 233/233/233 235/235/235 234/234/234
f 235/235/235 236/236/236 234/234/234
f 235/235/235 237/237/237 236/236/236
f 237/237/237 238/238/238 236/236/236
f 237/237/237 239/239/239 238/238/238
f 239/239/239 240/240/240 238/238/238
f 239/239/239 241/241/241 240/240/240
f 241/241/241 242/242/242 240/240/240
f 241/241/241 243/243/243 242/242/242
f 243/243/243 244/244/244 242/242/242
f 247/247/247 246/246/246 245/245/245
f 248/248/248 246/246/246 247/247/247
f 249/249/249 248/248/248 247/247/247
f 250/250/250 248/248/248 249/249/249
f 251/251/251 250/250/250 249/249/249
f 252/252/252 250/250/250 251/251/251
f 253/253/253 252/252/252 251/251/251
f 254/254/254 252/252/252 253/253/253
f 257/257/257 256/256/256 255/255/255
f 258/258/258 256/256/256 257/257/257
f 259/259/259 258/258/258 257/257/257
f 260/260/260 258/258/258 259/259/259
f 261/261/261 260/260/260 259/259/259
f 262/262/262 260/260/260 261/261/261
f 263/263/263 262/262/262 261/261/261
f 266/266/266 265/265/265 264/264/264
f 267/267/267 266/266/266 264/264/264
f 268/268/268 266/266/266 267/267/267
f 269/269/269 268/268/268 267/267/267
f 272/272/272 271/271/271 270/270/270
f 273/273/273 272/272/272 270/270/270
f 274/274/274 272/272/272 273/273/273
f 275/275/275 274/274/274 273/273/273
f 276/276/276 274/274/274 275/275/275
f 277/277/277 276/276/276 275/275/275
f 278/278/278 276/276/276 277/277/277
f 279/279/279 278/278/278 277/277/277
f 280/280/280 278/278/278 279/279/279
f 281/281/281 280/280/280 279/279/279
f 284/284/284 283/283/283 282/282/282
f 285/285/285 284/284/284 282/282/282
f 286/286/286 284/284/284 285/285/285
f 287/287/287 286/286/286 285/285/285
f 288/288/288 286/286/286 287/287/287
f 289/289/289 288/288/288 287/287/287
f 290/290/290 288/288/288 289/289/289
f 291/291/291 290/290/290 289/289/289
f 292/292/292 290/290/290 291/291/291
f 293/293/293 292/292/292 291/291/291
f 296/296/296 295/295/295 294/294/294
f 297/297/297 296/296/296 294/294/294
f 298/298/298 296/296/296 297/297/297
f 299/299/299 298/298/298 297/297/297
f 300/300/300 298/298/298 299/299/299
f 301/301/301 300/300/300 299/299/299
f 302/302/302 300/300/300 301/301/301
f 303/303/303 302/302/302 301/301/301
f 304/304/304 302/302/302 303/303/303
f 305/305/305 304/304/304 303/303/303
f 306/306/306 304/304/304 305/305/305
f 307/307/307 306/306/306 305/305/305
f 308/308/308 306/306/306 307/307/307
f 309/309/309 308/308/308 307/307/307
f 310/310/310 308/308/308 309/309/309
f 311/311/311 310/310/310 309/309/309
f 312/312/312 310/310/310 311/311/311
f 313/313/313 312/312/312 311/311/311
f 314/314/314 312/312/312 313/313/313
f 315/315/315 314/314/314 313/313/313
f 318/318/318 317/317/317 316/316/316
f 317/317/317 319/319/319 316/316/316
f 317/317/317 320/320/320 319/319/319
f 320/320/320 321/321/321 319/319/319
f 320/320/320 322/322/322 321/321/321
f 322/322/322 323/323/323 321/321/321
f 326/326/326 325/325/325 324/324/324
f 325/325/325 327/327/327 324/324/324
f 325/325/325 328/328/328 327/327/327
f 328/328/328 329/329/329 327/327/327
f 328/328/328 330/330/330 329/329/329
f 330/330/330 331/331/331 329/329/329
f 330/330/330 332/332/332 331/331/331
f 332/332/332 333/333/333 331/331/331
f 336/336/336 335/335/335 334/334/334
f 335/335/335 337/337/337 334/334/334
f 335/335/335 338/338/338 337/337/337
f 338/338/338 339/339/339 337/337/337
f 338/338/338 340/340/340 339/339/339
f 340/340/340 341/341/341 339/339/339
f 344/344/344 343/343/343 342/342/342
f 343/343/343 345/345/345 342/342/342
f 343/343/343 346/346/346 345/345/345
f 346/346/346 347/347/347 345/345/345
f 346/346/346 348/348/348 347/347/347
f 348/348/348 349/349/349 347/347/347
f 352/352/352 351/351/351 350/350/350
f 351/351/351 353/353/353 350/350/350
f 351/351/351 354/354/354 353/353/353
f 354/354/354 355/355/355 353/353/353
f 354/354/354 356/356/356 355/355/355
f 356/356/356 357/357/357 355/355/355
f 356/356/356 358/358/358 357/357/357
f 358/358/358 359/359/359 357/357/357
f 358/358/358 360/360/360 359/359/359
f 360/360/360 361/361/361 359/359/359
f 360/360/360 362/362/362 361/361/361
f 362/362/362 363/363/363 361/361/361
f 366/366/366 365/365/365 364/364/364
f 367/367/367 366/366/366 364/364/364
f 370/370/370 369/369/369 368/368/368
f 369/369/369 371/371/371 368/368/368
f 369/369/369 372/372/372 371/371/371
f 372/372/372 373/373/373 371/371/371
f 372/372/372 374/374/374 373/373/373
f 374/374/374 375/375/375 373/373/373
f 374/374/374 376/376/376 375/375/375
f 376/376/376 377/377/377 375/375/375
f 376/376/376 378/378/378 377/377/377
f 378/378/378 379/379/379 377/377/377
f 378/378/378 380/380/380 379/379/379
f 380/380/380 381/381/381 379/379/379
f 380/380/380 382/382/382 381/381/381
f 382/382/382 383/383/383 381/381/381
f 382/382/382 384/384/384 383/383/383
f 384/384/384 385/385/385 383/383/383
f 384/384/384 386/386/386 385/385/385
f 386/386/386 387/387/387 385/385/385
f 386/386/386 388/388/388 387/387/387
f 388/388/388 389/389/389 387/387/387
f 392/392/392 391/391/391 390/390/390
f 393/393/393 391/391/391 392/392/392
f 394/394/394 393/393/393 392/392/392
f 395/395/395 393/393/393 394/394/394
f 396/396/396 395/395/395 394/394/394
f 397/397/397 395/395/395 396/396/396
f 398/398/398 397/397/397 396/396/396
f 399/399/399 397/397/397 398/398/398
f 402/402/402 401/401/401 400/400/400
f 403/403/403 401/401/401 402/402/402
f 404/404/404 403/403/403 402/402/402
f 405/405/405 403/403/403 404/404/404
f 406/406/406 405/405/405 404/404/404
f 407/407/407 405/405/405 406/406/406
f 408/408/408 407/407/407 406/406/406
f 411/411/411 410/410/410 409/409/409
f 412/412/412 411/411/411 409/409/409
f 413/413/413 411/411/411 412/412/412
f 414/414/414 413/413/413 412/412/412
f 417/417/417 416/416/416 415/415/415
f 418/418/418 417/417/417 415/415/415
f 419/419/419 417/417/417 418/418/418
f 420/420/420 419/419/419 418/418/418
f 421/421/421 419/419/419 420/420/420
f 422/422/422 421/421/421 420/420/420
f 423/423/423 421/421/421 422/422/422
f 424/424/424 423/423/423 422/422/422
f 425/425/425 423/423/423 424/424/424
f 426/426/426 425/425/425 424/424/424
f 429/429/429 428/428/428 427/427/427
f 430/430/430 429/429/429 427/427/427
f 431/431/431 429/429/429 430/430/430
f 432/432/432 431/431/431 430/430/430
f 433/433/433 431/431/431 432/432/432
f 434/434/434 433/433/433 432/432/432
f 435/435/435 433/433/433 434/434/434
f 436/436/436 435/435/435 434/434/434
f 437/437/437 435/435/435 436/436/436
f 438/438/438 437/437/437 436/436/436
f 441/441/441 440/440/440 439/439/439
f 442/442/442 441/441/441 439/439/439
f 443/443/443 441/441/441 442/442/442
f 444/444/444 443/443/443 442/442/442
f 445/445/445 443/443/443 444/444/444
f 446/446/446 445/445/445 444/444/444
f 447/447/447 445/445/445 446/446/446
f 448/448/448 447/447/447 446/446/446
f 449/449/449 447/447/447 448/448/448
f 450/450/450 449/449/449 448/448/448
f 451/451/451 449/449/449 450/450/450
f 452/452/452 451/451/451 450/450/450
f 453/453/453 451/451/451 452/452/452
f 454/454/454 453/453/453 452/452/452
f 455/455/455 453/453/453 454/454/454
f 456/456/456 455/455/455 454/454/454
f 457/457/457 455/455/455 456/456/456
f 458/458/458 457/457/457 456/456/456
f 459/459/459 457/457/457 458/458/458
f 460/460/460 459/459/459 458/458/458
f 463/463/463 462/462/462 461/461/461
f 462/462/462 464/464/464 461/461/461
f 462/462/462 465/465/465 464/464/464
f 465/465/465 466/466/466 464/464/464
f 465/465/465 467/467/467 466/466/466
f 467/467/467 468/468/468 466/466/466
f 471/471/471 470/470/470 469/469/469
f 470/470/470 472/472/472 469/469/469
f 470/470/470 473/473/473 472/472/472
f 473/473/473 474/474/474 472/472/472
f 473/473/473 475/475/475 474/474/474
f 475/475/475 476/476/476 474/474/474
f 475/475/475 477/477/477 476/476/476
f 477/477/477 478/478/478 476/476/476
f 481/481/481 480/480/480 479/479/479
f 480/480/480 482/482/482 479/479/479
f 480/480/480 483/483/483 482/482/482
f 483/483/483 484/484/484 482/482/482
f 483/483/483 485/485/485 484/484/484
f 485/485/485 486/486/486 484/484/484
f 489/489/489 488/488/488 487/487/487
f 488/488/488 490/490/490 487/487/487
f 488/488/488 491/491/491 490/490/490
f 491/491/491 492/492/492 490/490/490
f 491/491/491 493/493/493 492/492/492
f 493/493/493 494/494/494 492/492/492
f 497/497/497 496/496/496 495/495/495
f 496/496/496 498/498/498 495/495/495
f 496/496/496 499/499/499 498/498/498
f 499/499/499 500/500/500 498/498/498
f 499/499/499 501/501/501 500/500/500
f 501/501/501 502/502/502 500/500/500
f 501/501/501 503/503/503 502/502/502
f 503/503/503 504/504/504 502/502/502
f 503/503/503 505/505/505 504/504/504
f 505/505/505 506/506/506 504/504/504
f 505/505/505 507/507/507 506/506/506
f 507/507/507 508/508/508 506/506/506
f 511/511/511 510/510/510 509/509/509
f 512/512/512 511/511/511 509/509/509
f 515/515/515 514/514/514 513/513/513
f 514/514/514 516/516/516 513/513/513
f 514/514/514 517/517/517 516/516/516
f 517/517/517 518/518/518 516/516/516
f 517/517/517 519/519/519 518/518/518
f 519/519/519 520/520/520 518/518/518
f 519/519/519 521/521/521 520/520/520
f 521/521/521 522/522/522 520/520/520
f 521/521/521 523/523/523 522/522/522
f 523/523/523 524/524/524 522/522/522
f 523/523/523 525/525/525 524/524/524
f 525/525/525 526/526/526 524/524/524
f 525/525/525 527/527/527 526/526/526
f 527/527/527 528/528/528 526/526/526
f 527/527/527 529/529/529 528/528/528
f 529/529/529 530/530/530 528/528/528
f 529/529/529 531/531/531 530/530/530
f 531/531/531 532/532/532 530/530/530
f 531/531/531 533/533/533 532/532/532
f 533/533/533 534/534/534 532/532/532
f 537/537/537 536/536/536 535/535/535
f 538/538/538 536/536/536 537/537/537
f 539/539/539 538/538/538 537/537/537
f 540/540/540 538/538/538 539/539/539
f 541/541/541 540/540/540 539/539/539
f 542/542/542 540/540/540 541/541/541
f 543/543/543 542/542/542 541/541/541
f 544/544/544 542/542/542 543/543/543
f 547/547/547 546/546/546 545/545/545
f 548/548/548 546/546/546 547/547/547
f 549/549/549 548/548/548 547/547/547
f 550/550/550 548/548/548 549/549/549
f 551/551/551 550/550/550 549/549/549
f 552/552/552 550/550/550 551/551/551
f 553/553/553 552/552/552 551/551/551
f 556/556/556 555/555/555 554/554/554
f 557/557/557 556/556/556 554/554/554
f 558/558/558 556/556/556 557/557/557
f 559/559/559 558/558/558 557/557/557
f 562/562/562 561/561/561 560/560/560
f 563/563/563 562/562/562 560/560/560
f 564/564/564 562/562/562 563/563/563
f 565/565/565 564/564/564 563/563/563
f 566/566/566 564/564/564 565/565/565
f 567/567/567 566/566/566 565/565/565
f 568/568/568 566/566/566 567/567/567
f 569/569/569 568/568/568 567/567/567
f 570/570/570 568/568/568 569/569/569
f 571/571/571 570/570/570 569/569/569
f 574/574/574 573/573/573 572/572/572
f 575/575/575 574/574/574 572/572/572
f 576/576/576 574/574/574 575/575/575
f 577/577/577 576/576/576 575/575/575
f 578/578/578 576/576/576 577/577/577
f 579/579/579 578/578/578 577/577/577
f 580/580/580 578/578/578 579/579/579
f 581/581/581 580/580/580 579/579/579
f 582/582/582 580/580/580 581/581/581
f 583/583/583 582/582/582 581/581/581
f 586/586/586 585/585/585 584/584/584
f 587/587/587 586/586/586 584/584/584
f 588/588/588 586/586/586 587/587/587
f 589/589/589 588/588/588 587/587/587
f 590/590/590 588/588/588 589/589/589
f 591/591/591 590/590/590 589/589/589
f 592/592/592 590/590/590 591/591/591
f 593/593/593 592/592/592 591/591/591
f 594/594/594 592/592/592 593/593/593
f 595/595/595 594/594/594 593/593/593
f 596/596/596 594/594/594 595/595/595
f 597/597/597 596/596/596 595/595/595
f 598/598/598 596/596/596 597/597/597
f 599/599/599 598/598/598 597/597/597
f 600/600/600 598/598/598 599/599/599
f 601/601/601 600/600/600 599/599/599
f 602/602/602 600/600/600 601/601/601
f 603/603/603 602/602/602 601/601/601
f 604/604/604 602/602/602 603/603/603
f 605/605/605 604/604/604 603/603/603
f 608/608/608 607/607/607 606/606/606
f 607/607/607 609/609/609 606/606/606
f 607/607/607 610/610/610 609/609/609
f 610/610/610 611/611/611 609/609/609
f 610/610/610 612/612/612 611/611/611
f 612/612/612 613/613/613 611/611/611
f 616/616/616 615/615/615 614/614/614
f 615/615/615 617/617/617 614/614/614
f 615/615/615 618/618/618 617/617/617
f 618/618/618 619/619/619 617/617/617
f 618/618/618 620/620/620 619/619/619
f 620/620/620 621/621/621 619/619/619
f 620/620/620 622/622/622 621/621/621
f 622/622/622 623/623/623 621/621/621
f 626/626/626 625/625/625 624/624/624
f 625/625/625 627/627/627 624/624/624
f 625/625/625 628/628/628 627/627/627
f 628/628/628 629/629/629 627/627/627
f 628/628/628 630/630/630 629/629/629
f 630/630/630 631/631/631 629/629/629
f 634/634/634 633/633/633 632/632/632
f 633/633/633 635/635/635 632/632/632
f 633/633/633 636/636/636 635/635/635
f 636/636/636 637/637/637 635/635/635
f 636/636/636 638/638/638 637/637/637
f 638/638/638 639/639/639 637/637/637
f 642/642/642 641/641/641 640/640/640
f 641/641/641 643/643/643 640/640/640
f 641/641/641 644/644/644 643/643/643
f 644/644/644 645/645/645 643/643/643
f 644/644/644 646/646/646 645/645/645
f 646/646/646 647/647/647 645/645/645
f 646/646/646 648/648/648 647/647/647
f 648/648/648 649/649/649 647/647/647
f 648/648/648 650/650/650 649/649/649
f 650/650/650 651/651/651 649/649/649
f 650/650/650 652/652/652 651/651/651
f 652/652/652 653/653/653 651/651/651
f 656/656/656 655/655/655 654/654/654
f 657/657/657 656/656/656 654/654/654
f 660/660/660 659/659/659 658/658/658
f 659/659/659 661/661/661 658/658/658
f 659/659/659 662/662/662 661/661/661
f 662/662/662 663/663/663 661/661/661
f 662/662/662 664/664/664 663/663/663
f 664/664/664 665/665/665 663/663/663
f 664/664/664 666/666/666 665/665/665
f 666/666/666 667/667/667 665/665/665
f 666/666/666 668/668/668 667/667/667
f 668/668/668 669/669/669 667/667/667
f 668/668/668 670/670/670 669/669/669
f 670/670/670 671/671/671 669/669/669
f 670/670/670 672/672/672 671/671/671
f 672/672/672 673/673/673 671/671/671
f 672/672/672 674/674/674 673/673/673
f 674/674/674 675/675/675 673/673/673
f 674/674/674 676/676/676 675/675/675
f 676/676/676 677/677/677 675/675/675
f 676/676/676 678/678/678 677/677/677
f 678/678/678 679/679/679 677/677/677
f 682/682/682 681/681/681 680/680/680
f 683/683/683 681/681/681 682/682/682
f 684/684/684 683/683/683 682/682/682
f 685/685/685 683/683/683 684/684/684
f 686/686/686 685/685/685 684/684/684
f 687/687/687 685/685/685 686/686/686
f 688/688/688 687/687/687 686/686/686
f 689/689/689 687/687/687 688/688/688
f 692/692/692 691/691/691 690/690/690
f 693/693/693 691/691/691 692/692/692
f 694/694/694 693/693/693 692/692/692
f 695/695/695 693/693/693 694/694/694
f 696/696/696 695/695/695 694/694/694
f 697/697/697 695/695/695 696/696/696
f 698/698/698 697/697/697 696/696/696
f 701/701/701 700/700/700 699/699/699
f 702/702/702 701/701/701 699/699/699
f 703/703/703 701/701/701 702/702/702
f 704/704/704 703/703/703 702/702/702
f 707/707/707 706/706/706 705/705/705
f 708/708/708 707/707/707 705/705/705
f 709/709/709 707/707/707 708/708/708
f 710/710/710 709/709/709 708/708/708
f 711/711/711 709/709/709 710/710/710
f 712/712/712 711/711/711 710/710/710
f 713/713/713 711/711/711 712/712/712
f 714/714/714 713/713/713 712/712/712
f 715/715/715 713/713/713 714/714/714
f 716/716/716 715/715/715 714/714/714
f 719/719/719 718/718/718 717/717/717
f 720/720/720 719/719/719 717/717/717
f 721/721/721 719/719/719 720/720/720
f 722/722/722 721/721/721 720/720/720
f 723/723/723 721/721/721 722/722/722
f 724/724/724 723/723/723 722/722/722
f 725/725/725 723/723/723 724/724/724
f 726/726/726 725/725/725 724/724/724
f 727/727/727 725/725/725 726/726/726
f 728/728/728 727/727/727 726/726/726
f 731/731/731 730/730/730 729/729/729
f 732/732/732 731/731/731 729/729/729
f 733/733/733 731/731/731 732/732/732
f 734/734/734 733/733/733 732/732/732
f 735/735/735 733/733/733 734/734/734
f 736/736/736 735/735/735 734/734/734
f 737/737/737 735/735/735 736/736/736
f 738/738/738 737/737/737 736/736/736
f 739/739/739 737/737/737 738/738/738
f 740/740/740 739/739/739 738/738/738
f 741/741/741 739/739/739 740/740/740
f 742/742/742 741/741/741 740/740/740
f 743/743/743 741/741/741 742/742/742
f 744/744/744 743/743/743 742/742/742
f 745/745/745 743/743/743 744/744/744
f 746/746/746 745/745/745 744/744/744
f 747/747/747 745/745/745 746/746/746
f 748/748/748 747/747/747 746/746/746
f 749/749/749 747/747/747 748/748/748
f 750/750/750 749/749/749 748/748/748
f 753/753/753 752/752/752 751/751/751
f 752/752/752 754/754/754 751/751/751
f 752/752/752 755/755/755 754/754/754
f 755/755/755 756/756/756 754/754/754
f 755/755/755 757/757/757 756/756/756
f 757/757/757 758/758/758 756/756/756
f 761/761/761 760/760/760 759/759/759
f 760/760/760 762/762/762 759/759/759
f 760/760/760 763/763/763 762/762/762
f 763/763/763 764/764/764 762/762/762
f 763/763/763 765/765/765 764/764/764
f 765/765/765 766/766/766 764/764/764
f 765/765/765 767/767/767 766/766/766
f 767/767/767 768/768/768 766/766/766
f 771/771/771 770/770/770 769/769/769
f 770/770/770 772/772/772 769/769/769
f 770/770/770 773/773/773 772/772/772
f 773/773/773 774/774/774 772/772/772
f 773/773/773 775/775/775 774/774/774
f 775/775/775 776/776/776 774/774/774
f 779/779/779 778/778/778 777/777/777
f 778/778/778 780/780/780 777/777/777
f 778/778/778 781/781/781 780/780/780
f 781/781/781 782/782/782 780/780/780
f 781/781/781 783/783/783 782/782/782
f 783/783/783 784/784/784 782/782/782
f 787/787/787 786/786/786 785/785/785
f 786/786/786 788/788/788 785/785/785
f 786/786/786 789/789/789 788/788/788
f 789/789/789 790/790/790 788/788/788
f 789/789/789 791/791/791 790/790/790
f 791/791/791 792/792/792 790/790/790
f 791/791/791 793/793/793 792/792/792
f 793/793/793 794/794/794 792/792/792
f 793/793/793 795/795/795 794/794/794
f 795/795/795 796/796/796 794/794/794
f 795/795/795 797/797/797 796/796/796
f 797/797/797 798/798/798 796/796/796
f 801/801/801 800/800/800 799/799/799
f 802/802/802 801/801/801 799/799/799
f 805/805/805 804/804/804 803/803/803
f 804/804/804 806/806/806 803/803/803
f 804/804/804 807/807/807 806/806/806
f 807/807/807 808/808/808 806/806/806
f 807/807/807 809/809/809 808/808/808
f 809/809/809 810/810/810 808/808/808
f 809/809/809 811/811/811 810/810/810
f 811/811/811 812/812/812 810/810/810
f 811/811/811 813/813/813 812/812/812
f 813/813/813 814/814/814 812/812/812
f 813/813/813 815/815/815 814/814/814
f 815/815/815 816/816/816 814/814/814
f 815/815/815 817/817/817 816/816/816
f 817/817/817 818/818/818 816/816/816
f 817/817/817 819/819/819 818/818/818
f 819/819/819 820/820/820 818/818/818
f 819/819/819 821/821/821 820/820/820
f 821/821/821 822/822/822 820/820/820
f 821/821/821 823/823/823 822/822/822
f 823/823/823 824/824/824 822/822/822
f 827/827/827 826/826/826 825/825/825
f 828/828/828 826/826/826 827/827/827
f 829/829/829 828/828/828 827/827/827
f 830/830/830 828/828/828 829/829/829
f 831/831/831 830/830/830 829/829/829
f 832/832/832 830/830/830 831/831/831
f 833/833/833 832/832/832 831/831/831
f 834/834/834 832/832/832 833/833/833
f 837/837/837 836/836/836 835/835/835
f 838/838/838 836/836/836 837/837/837
f 839/839/839 838/838/838 837/837/837
f 840/840/840 838/838/838 839/839/839
f 841/841/841 840/840/840 839/839/839
f 842/842/842 840/840/840 841/841/841
f 843/843/843 842/842/842 841/841/841
f 846/846/846 845/845/845 844/844/844
f 847/847/847 846/846/846 844/844/844
f 848/848/848 846/846/846 847/847/847
f 849/849/849 848/848/848 847/847/847
f 852/852/852 851/851/851 850/850/850
f 853/853/853 852/852/852 850/850/850
f 854/854/854 852/852/852 853/853/853
f 855/855/855 854/854/854 853/853/853
f 856/856/856 854/854/854 855/855/855
f 857/857/857 856/856/856 855/855/855
f 858/858/858 856/856/856 857/857/857
f 859/859/859 858/858/858 857/857/857
f 860/860/860 858/858/858 859/859/859
f 861/861/861 860/860/860 859/859/859
f 864/864/864 863/863/863 862/862/862
f 865/865/865 864/864/864 862/862/862
f 866/866/866 864/864/864 865/865/865
f 867/867/867 866/866/866 865/865/865
f 868/868/868 866/866/866 867/867/867
f 869/869/869 868/868/868 867/867/867
f 870/870/870 868/868/868 869/869/869
f 871/871/871 870/870/870 869/869/869
f 872/872/872 870/870/870 871/871/871
f 873/873/873 872/872/872 871/871/871
f 876/876/876 875/875/875 874/874/874
f 877/877/877 876/876/876 874/874/874
f 878/878/878 876/876/876 877/877/877
f 879/879/879 878/878/878 877/877/877
f 880/880/880 878/878/878 879/879/879
f 881/881/881 880/880/880 879/879/879
f 882/882/882 880/880/880 881/881/881
f 883/883/883 882/882/882 881/881/881
f 884/884/884 882/882/882 883/883/883
f 885/885/885 884/884/884 883/883/883
f 886/886/886 884/884/884 885/885/885
f 887/887/887 886/886/886 885/885/885
f 888/888/888 886/886/886 887/887/887
f 889/889/889 888/888/888 887/887/887
f 890/890/890 888/888/888 889/889/889
f 891/891/891 890/890/890 889/889/889
f 892/892/892 890/890/890 891/891/891
f 893/893/893 892/892/892 891/891/891
f 894/894/894 892/892/892 893/893/893
f 895/895/895 894/894/894 893/893/893
f 898/898/898 897/897/897 896/896/896
f 897/897/897 899/899/899 896/896/896
f 897/897/897 900/900/900 899/899/899
f 900/900/900 901/901/901 899/899/899
f 900/900/900 902/902/902 901/901/901
f 902/902/902 903/903/903 901/901/901
f 906/906/906 905/905/905 904/904/904
f 905/905/905 907/907/907 904/904/904
f 905/905/905 908/908/908 907/907/907
f 908/908/908 909/909/909 907/907/907
f 908/908/908 910/910/910 909/909/909
f 910/910/910 911/911/911 909/909/909
f 910/910/910 912/912/912 911/911/911
f 912/912/912 913/913/913 911/911/911
f 916/916/916 915/915/915 914/914/914
f 915/915/915 917/917/917 914/914/914
f 915/915/915 918/918/918 917/917/917
f 918/918/918 919/919/919 917/917/917
f 918/918/918 920/920/920 919/919/919
f 920/920/920 921/921/921 919/919/919
f 924/924/924 923/923/923 922/922/922
f 923/923/923 925/925/925 922/922/922
f 923/923/923 926/926/926 925/925/925
f 926/926/926 927/927/927 925/925/925
f 926/926/926 928/928/928 927/927/927
f 928/928/928 929/929/929 927/927/927
f 932/932/932 931/931/931 930/930/930
f 931/931/931 933/933/933 930/930/930
f 931/931/931 934/934/934 933/933/933
f 934/934/934 935/935/935 933/933/933
f 934/934/934 936/936/936 935/935/935
f 936/936/936 937/937/937 935/935/935
f 936/936/936 938/938/938 937/937/937
f 938/938/938 939/939/939 937/937/937
f 938/938/938 940/940/940 939/939/939
f 940/940/940 941/941/941 939/939/939
f 940/940/940 942/942/942 941/941/941
f 942/942/942 943/943/943 941/941/941
f 946/946/946 945/945/945 944/944/944
f 947/947/947 946/946/946 944/944/944
f 950/950/950 949/949/949 948/948/948
f 949/949/949 951/951/951 948/948/948
f 949/949/949 952/952/952 951/951/951
f 952/952/952 953/953/953 951/951/951
f 952/952/952 954/954/954 953/953/953
f 954/954/954 955/955/955 953/953/953
f 954/954/954 956/956/956 955/955/955
f 956/956/956 957/957/957 955/955/955
f 956/956/956 958/958/958 957/957/957
f 958/958/958 959/959/959 957/957/957
f 958/958/958 960/960/960 959/959/959
f 960/960/960 961/961/961 959/959/959
f 960/960/960 962/962/962 961/961/961
f 962/962/962 963/963/963 961/961/961
f 962/962/962 964/964/964 963/963/963
f 964/964/964 965/965/965 963/963/963
f 964/964/964 966/966/966 965/965/965
f 966/966/966 967/967/967 965/965/965
f 966/966/966 968/968/968 967/967/967
f 968/968/968 969/969/969 967/967/967
f 972/972/972 971/971/971 970/970/970
f 973/973/973 971/971/971 972/972/972
f 974/974/974 973/973/973 972/972/972
f 975/975/975 973/973/973 974/974/974
f 976/976/976 975/975/975 974/974/974
f 977/977/977 975/975/975 976/976/976
f 978/978/978 977/977/977 976/976/976
f 979/979/979 977/977/977 978/978/978
f 982/982/982 981/981/981 980/980/980
f 983/983/983 981/981/981 982/982/982
f 984/984/984 983/983/983 982/982/982
f 985/985/985 983/983/983 984/984/984
f 986/986/986 985/985/985 984/984/984
f 987/987/987 985/985/985 986/986/986
f 988/988/988 987/987/987 986/986/986
f 991/991/991 990/990/990 989/989/989
f 992/992/992 991/991/991 989/989/989
f 993/993/993 991/991/991 992/992/992
f 994/994/994 993/993/993 992/992/992
f 997/997/997 996/996/996 995/995/995
f 998/998/998 997/997/997 995/995/995
f 999/999/999 997/997/997 998/998/998
f 1000/1000/1000 999/999/999 998/998/998
f 1001/1001/1001 999/999/999 1000/1000/1000
f 1002/1002/1002 1001/1001/1001 1000/1000/1000
f 1003/1003/1003 1001/1001/1001 1002/1002/1002
f 1004/1004/1004 1003/1003/1003 1002/1002/1002
f 1005/1005/1005 1003/1003/1003 1004/1004/1004
f 1006/1006/1006 1005/1005/1005 1004/1004/1004
f 1009/1009/1009 1008/1008/1008 1007/1007/1007
f 1010/1010/1010 1009/1009/1009 1007/1007/1007
f 1011/1011/1011 1009/1009/1009 1010/1010/1010
f 1012/1012/1012 1011/1011/1011 1010/1010/1010
f 1013/1013/1013 1011/1011/1011 1012/1012/1012
f 1014/1014/1014 1013/1013/1013 1012/1012/1012
f 1015/1015/1015 1013/1013/1013 1014/1014/1014
f 1016/1016/1016 1015/1015/1015 1014/1014/1014
f 1017/1017/1017 1015/1015/1015 1016/1016/1016
f 1018/1018/1018 1017/1017/1017 1016/1016/1016
f 1021/1021/1021 1020/1020/1020 1019/1019/1019
f 1022/1022/1022 1021/1021/1021 1019/1019/1019
f 1023/1023/1023 1021/1021/1021 1022/1022/1022
f 1024/1024/1024 1023/1023/1023 1022/1022/1022
f 1025/1025/1025 1023/1023/1023 1024/1024/1024
f 1026/1026/1026 1025/1025/1025 1024/1024/1024
f 1027/1027/1027 1025/1025/1025 1026/1026/1026
f 1028/1028/1028 1027/1027/1027 1026/1026/1026
f 1029/1029/1029 1027/1027/1027 1028/1028/1028
f 1030/1030/1030 1029/1029/1029 1028/1028/1028
f 1031/1031/1031 1029/1029/1029 1030/1030/1030
f 1032/1032/1032 1031/1031/1031 1030/1030/1030
f 1033/1033/1033 1031/1031/1031 1032/1032/1032
f 1034/1034/1034 1033/1033/1033 1032/1032/1032
f 1035/1035/1035 1033/1033/1033 1034/1034/1034
f 1036/1036/1036 1035/1035/1035 1034/1034/1034
f 1037/1037/1037 1035/1035/1035 1036/1036/1036
f 1038/1038/1038 1037/1037/1037 1036/1036/1036
f 1039/1039/1039 1037/1037/1037 1038/1038/1038
f 1040/1040/1040 1039/1039/1039 1038/1038/1038
f 1043/1043/1043 1042/1042/1042 1041/1041/1041
f 1042/1042/1042 1044/1044/1044 1041/1041/1041
f 1042/1042/1042 1045/1045/1045 1044/1044/1044
f 1045/1045/1045 1046/1046/1046 1044/1044/1044
f 1045/1045/1045 1047/1047/1047 1046/1046/1046
f 1047/1047/1047 1048/1048/1048 1046/1046/1046
f 1051/1051/1051 1050/1050/1050 1049/1049/1049
f 1050/1050/1050 1052/1052/1052 1049/1049/1049
f 1050/1050/1050 1053/1053/1053 1052/1052/1052
f 1053/1053/1053 1054/1054/1054 1052/1052/1052
f 1053/1053/1053 1055/1055/1055 1054/1054/1054
f 1055/1055/1055 1056/1056/1056 1054/1054/1054
f 1055/1055/1055 1057/1057/1057 1056/1056/1056
f 1057/1057/1057 1058/1058/1058 1056/1056/1056
f 1061/1061/1061 1060/1060/1060 1059/1059/1059
f 1060/1060/1060 1062/1062/1062 1059/1059/1059
f 1060/1060/1060 1063/1063/1063 1062/1062/1062
f 1063/1063/1063 1064/1064/1064 1062/1062/1062
f 1063/1063/1063 1065/1065/1065 1064/1064/1064
f 1065/1065/1065 1066/1066/1066 1064/1064/1064
f 1069/1069/1069 1068/1068/1068 1067/1067/1067
f 1068/1068/1068 1070/1070/1070 1067/1067/1067
f 1068/1068/1068 1071/1071/1071 1070/1070/1070
f 1071/1071/1071 1072/1072/1072 1070/1070/1070
f 1071/1071/1071 1073/1073/1073 1072/1072/1072
f 1073/1073/1073 1074/1074/1074 1072/1072/1072
f 1077/1077/1077 1076/1076/1076 1075/1075/1075
f 1076/1076/1076 1078/1078/1078 1075/1075/1075
f 1076/1076/1076 1079/1079/1079 1078/1078/1078
f 1079/1079/1079 1080/1080/1080 1078/1078/1078
f 1079/1079/1079 1081/1081/1081 1080/1080/1080
f 1081/1081/1081 1082/1082/1082 1080/1080/1080
f 1081/1081/1081 1083/1083/1083 1082/1082/1082
f 1083/1083/1083 1084/1084/1084 1082/1082/1082
f 1083/1083/1083 1085/1085/1085 1084/1084/1084
f 1085/1085/1085 1086/1086/1086 1084/1084/1084
f 1085/1085/1085 1087/1087/1087 1086/1086/1086
f 1087/1087/1087 1088/1088/1088 1086/1086/1086
f 1091/1091/1091 1090/1090/1090 1089/1089/1089
f 1092/1092/1092 1091/1091/1091 1089/1089/1089
f 1095/1095/1095 1094/1094/1094 1093/1093/1093
f 1094/1094/1094 1096/1096/1096 1093/1093/1093
f 1094/1094/1094 1097/1097/1097 1096/1096/1096
f 1097/1097/1097 1098/1098/1098 1096/1096/1096
f 1097/1097/1097 1099/1099/1099 1098/1098/1098
f 1099/1099/1099 1100/1100/1100 1098/1098/1098
f 1099/1099/1099 1101/1101/1101 1100/1100/1100
f 1101/1101/1101 1102/1102/1102 1100/1100/1100
f 1101/1101/1101 1103/1103/1103 1102/1102/1102
f 1103/1103/1103 1104/1104/1104 1102/1102/1102
f 1103/1103/1103 1105/1105/1105 1104/1104/1104
f 1105/1105/1105 1106/1106/1106 1104/1104/1104
f 1105/1105/1105 1107/1107/1107 1106/1106/1106
f 1107/1107/1107 1108/1108/1108 1106/1106/1106
f 1107/1107/1107 1109/1109/1109 1108/1108/1108
f 1109/1109/1109 1110/1110/1110 1108/1108/1108
f 1109/1109/1109 1111/1111/1111 1110/1110/1110
f 1111/1111/1111 1112/1112/1112 1110/1110/1110
f 1111/1111/1111 1113/1113/1113 1112/1112/1112
f 1113/1113/1113 1114/1114/1114 1112/1112/1112
f 1117/1117/1117 1116/1116/1116 1115/1115/1115
f 1118/1118/1118 1116/1116/1116 1117/1117/1117
f 1119/1119/1119 1118/1118/1118 1117/1117/1117
f 1120/1120/1120 1118/1118/1118 1119/1119/1119
f 1121/1121/1121 1120/1120/1120 1119/1119/1119
f 1122/1122/1122 1120/1120/1120 1121/1121/1121
f 1123/1123/1123 1122/1122/1122 1121/1121/1121
f 1124/1124/1124 1122/1122/1122 1123/1123/1123
f 1127/1127/1127 1126/1126/1126 1125/1125/1125
f 1128/1128/1128 1126/1126/1126 1127/1127/1127
f 1129/1129/1129 1128/1128/1128 1127/1127/1127
f 1130/1130/1130 1128/1128/1128 1129/1129/1129
f 1131/1131/1131 1130/1130/1130 1129/1129/1129
f 1132/1132/1132 1130/1130/1130 1131/1131/1131
f 1133/1133/1133 1132/1132/1132 1131/1131/1131
f 1136/1136/1136 1135/1135/1135 1134/1134/1134
f 1137/1137/1137 1136/1136/1136 1134/1134/1134
f 1138/1138/1138 1136/1136/1136 1137/1137/1137
f 1139/1139/1139 1138/1138/1138 1137/1137/1137
f 1142/1142/1142 1141/1141/1141 1140/1140/1140
f 1143/1143/1143 1142/1142/1142 1140/1140/1140
f 1144/1144/1144 1142/1142/1142 1143/1143/1143
f 1145/1145/1145 1144/1144/1144 1143/1143/1143
f 1146/1146/1146 1144/1144/1144 1145/1145/1145
f 1147/1147/1147 1146/1146/1146 1145/1145/1145
f 1148/1148/1148 1146/1146/1146 1147/1147/1147
f 1149/1149/1149 1148/1148/1148 1147/1147/1147
f 1150/1150/1150 1148/1148/1148 1149/1149/1149
f 1151/1151/1151 1150/1150/1150 1149/1149/1149
f 1154/1154/1154 1153/1153/1153 1152/1152/1152
f 1155/1155/1155 1154/1154/1154 1152/1152/1152
f 1156/1156/1156 1154/1154/1154 1155/1155/1155
f 1157/1157/1157 1156/1156/1156 1155/1155/1155
f 1158/1158/1158 1156/1156/1156 1157/1157/1157
f 1159/1159/1159 1158/1158/1158 1157/1157/1157
f 1160/1160/1160 1158/1158/1158 1159/1159/1159
f 1161/1161/1161 1160/1160/1160 1159/1159/1159
f 1162/1162/1162 1160/1160/1160 1161/1161/1161
f 1163/1163/1163 1162/1162/1162 1161/1161/1161
f 1166/1166/1166 1165/1165/1165 1164/1164/1164
f 1167/1167/1167 1166/1166/1166 1164/1164/1164
f 1168/1168/1168 1166/1166/1166 1167/1167/1167
f 1169/1169/1169 1168/1168/1168 1167/1167/1167
f 1170/1170/1170 1168/1168/1168 1169/1169/1169
f 1171/1171/1171 1170/1170/1170 1169/1169/1169
f 1172/1172/1172 1170/1170/1170 1171/1171/1171
f 1173/1173/1173 1172/1172/1172 1171/1171/1171
f 1174/1174/1174 1172/1172/1172 1173/1173/1173
f 1175/1175/1175 1174/1174/1174 1173/1173/1173
f 1176/1176/1176 1174/1174/1174 1175/1175/1175
f 1177/1177/1177 1176/1176/1176 1175/1175/1175
f 1178/1178/1178 1176/1176/1176 1177/1177/1177
f 1179/1179/1179 1178/1178/1178 1177/1177/1177
f 1180/1180/1180 1178/1178/1178 1179/1179/1179
f 1181/1181/1181 1180/1180/1180 1179/1179/1179
f 1182/1182/1182 1180/1180/1180 1181/1181/1181
f 1183/1183/1183 1182/1182/1182 1181/1181/1181
f 1184/1184/1184 1182/1182/1182 1183/1183/1183
f 1185/1185/1185 1184/1184/1184 1183/1183/1183
f 1188/1188/1188 1187/1187/1187 1186/1186/1186
f 1187/1187/1187 1189/1189/1189 1186/1186/1186
f 1187/1187/1187 1190/1190/1190 1189/1189/1189
f 1190/1190/1190 1191/1191/1191 1189/1189/1189
f 1190/1190/1190 1192/1192/1192 1191/1191/1191
f 1192/1192/1192 1193/1193/1193 1191/1191/1191
f 1196/1196/1196 1195/1195/1195 1194/1194/1194
f 1195/1195/1195 1197/1197/1197 1194/1194/1194
f 1195/1195/1195 1198/1198/1198 1197/1197/1197
f 1198/1198/1198 1199/1199/1199 1197/1197/1197
f 1198/1198/1198 1200/1200/1200 1199/1199/1199
f 1200/1200/1200 1201/1201/1201 1199/1199/1199
f 1200/1200/1200 1202/1202/1202 1201/1201/1201
f 1202/1202/1202 1203/1203/1203 1201/1201/1201
f 1206/1206/1206 1205/1205/1205 1204/1204/1204
f 1205/1205/1205 1207/1207/1207 1204/1204/1204
f 1205/1205/1205 1208/1208/1208 1207/1207/1207
f 1208/1208/1208 1209/1209/1209 1207/1207/1207
f 1208/1208/1208 1210/1210/1210 1209/1209/1209
f 1210/1210/1210 1211/1211/1211 1209/1209/1209
f 1214/1214/1214 1213/1213/1213 1212/1212/1212
f 1213/1213/1213 1215/1215/1215 1212/1212/1212
f 1213/1213/1213 1216/1216/1216 1215/1215/1215
f 1216/1216/1216 1217/1217/1217 1215/1215/1215
f 1216/1216/1216 1218/1218/1218 1217/1217/1217
f 1218/1218/1218 1219/1219/1219 1217/1217/1217
f 1222/1222/1222 1221/1221/1221 1220/1220/1220
f 1221/1221/1221 1223/1223/1223 1220/1220/1220
f 1221/1221/1221 1224/1224/1224 1223/1223/1223
f 1224/1224/1224 1225/1225/1225 1223/1223/1223
f 1224/1224/1224 1226/1226/1226 1225/1225/1225
f 1226/1226/1226 1227/1227/1227 1225/1225/1225
f 1226/1226/1226 1228/1228/1228 1227/1227/1227
f 1228/1228/1228 1229/1229/1229 1227/1227/1227
f 1228/1228/1228 1230/1230/1230 1229/1229/1229
f 1230/1230/1230 1231/1231/1231 1229/1229/1229
f 1230/1230/1230 1232/1232/1232 1231/1231/1231
f 1232/1232/1232 1233/1233/1233 1231/1231/1231
f 1236/1236/1236 1235/1235/1235 1234/1234/1234
f 1237/1237/1237 1236/1236/1236 1234/1234/1234
f 1240/1240/1240 1239/1239/1239 1238/1238/1238
f 1239/1239/1239 1241/1241/1241 1238/1238/1238
f 1239/1239/1239 1242/1242/1242 1241/1241/1241
f 1242/1242/1242 1243/1243/1243 1241/1241/1241
f 1242/1242/1242 1244/1244/1244 1243/1243/1243
f 1244/1244/1244 1245/1245/1245 1243/1243/1243
f 1244/1244/1244 1246/1246/1246 1245/1245/1245
f 1246/1246/1246 1247/1247/1247 1245/1245/1245
f 1246/1246/1246 1248/1248/1248 1247/1247/1247
f 1248/1248/1248 1249/1249/1249 1247/1247/1247
f 1248/1248/1248 1250/1250/1250 1249/1249/1249
f 1250/1250/1250 1251/1251/1251 1249/1249/1249
f 1250/1250/1250 1252/1252/1252 1251/1251/1251
f 1252/1252/1252 1253/1253/1253 1251/1251/1251
f 1252/1252/1252 1254/1254/1254 1253/1253/1253
f 1254/1254/1254 1255/1255/1255 1253/1253/1253
f 1254/1254/1254 1256/1256/1256 1255/1255/1255
f 1256/1256/1256 1257/1257/1257 1255/1255/1255
f 1256/1256/1256 1258/1258/1258 1257/1257/1257
f 1258/1258/1258 1259/1259/1259 1257/1257/1257
f 1262/1262/1262 1261/1261/1261 1260/1260/1260
f 1263/1263/1263 1261/1261/1261 1262/1262/1262
f 1264/1264/1264 1263/1263/1263 1262/1262/1262
f 1265/1265/1265 1263/1263/1263 1264/1264/1264
f 1266/1266/1266 1265/1265/1265 1264/1264/1264
f 1267/1267/1267 1265/1265/1265 1266/1266/1266
f 1268/1268/1268 1267/1267/1267 1266/1266/1266
f 1269/1269/1269 1267/1267/1267 1268/1268/1268
f 1272/1272/1272 1271/1271/1271 1270/1270/1270
f 1273/1273/1273 1271/1271/1271 1272/1272/1272
f 1274/1274/1274 1273/1273/1273 1272/1272/1272
f 1275/1275/1275 1273/1273/1273 1274/1274/1274
f 1276/1276/1276 1275/1275/1275 1274/1274/1274
f 1277/1277/1277 1275/1275/1275 1276/1276/1276
f 1278/1278/1278 1277/1277/1277 1276/1276/1276
f 1281/1281/1281 1280/1280/1280 1279/1279/1279
f 1282/1282/1282 1281/1281/1281 1279/1279/1279
f 1283/1283/1283 1281/1281/1281 1282/1282/1282
f 1284/1284/1284 1283/1283/1283 1282/1282/1282
f 1287/1287/1287 1286/1286/1286 1285/1285/1285
f 1288/1288/1288 1287/1287/1287 1285/1285/1285
f 1289/1289/1289 1287/1287/1287 1288/1288/1288
f 1290/1290/1290 1289/1289/1289 1288/1288/1288
f 1291/1291/1291 1289/1289/1289 1290/1290/1290
f 1292/1292/1292 1291/1291/1291 1290/1290/1290
f 1293/1293/1293 1291/1291/1291 1292/1292/1292
f 1294/1294/1294 1293/1293/1293 1292/1292/1292
f 1295/1295/1295 1293/1293/1293 1294/1294/1294
f 1296/1296/1296 1295/1295/1295 1294/1294/1294
f 1299/1299/1299 1298/1298/1298 1297/1297/1297
f 1300/1300/1300 1299/1299/1299 1297/1297/1297
f 1301/1301/1301 1299/1299/1299 1300/1300/1300
f 1302/1302/1302 1301/1301/1301 1300/1300/1300
f 1303/1303/1303 1301/1301/1301 1302/1302/1302
f 1304/1304/1304 1303/1303/1303 1302/1302/1302
f 1305/1305/1305 1303/1303/1303 1304/1304/1304
f 1306/1306/1306 1305/1305/1305 1304/1304/1304
f 1307/1307/1307 1305/1305/1305 1306/1306/1306
f 1308/1308/1308 1307/1307/1307 1306/1306/1306
f 1311/1311/1311 1310/1310/1310 1309/1309/1309
f 1312/1312/1312 1311/1311/1311 1309/1309/1309
f 1313/1313/1313 1311/1311/1311 1312/1312/1312
f 1314/1314/1314 1313/1313/1313 1312/1312/1312
f 1315/1315/1315 1313/1313/1313 1314/1314/1314
f 1316/1316/1316 1315/1315/1315 1314/1314/1314
f 1317/1317/1317 1315/1315/1315 1316/1316/1316
f 1318/1318/1318 1317/1317/1317 1316/1316/1316
f 1319/1319/1319 1317/1317/1317 1318/1318/1318
f 1320/1320/1320 1319/1319/1319 1318/1318/1318
f 1321/1321/1321 1319/1319/1319 1320/1320/1320
f 1322/1322/1322 1321/1321/1321 1320/1320/1320
f 1323/1323/1323 1321/1321/1321 1322/1322/1322
f 1324/1324/1324 1323/1323/1323 1322/1322/1322
f 1325/1325/1325 1323/1323/1323 1324/1324/1324
f 1326/1326/1326 1325/1325/1325 1324/1324/1324
f 1327/1327/1327 1325/1325/1325 1326/1326/1326
f 1328/1328/1328 1327/1327/1327 1326/1326/1326
f 1329/1329/1329 1327/1327/1327 1328/1328/1328
f 1330/1330/1330 1329/1329/1329 1328/1328/1328
f 1333/1333/1333 1332/1332/1332 1331/1331/1331
f 1332/1332/1332 1334/1334/1334 1331/1331/1331
f 1332/1332/1332 1335/1335/1335 1334/1334/1334
f 1335/1335/1335 1336/1336/1336 1334/1334/1334
f 1335/1335/1335 1337/1337/1337 1336/1336/1336
f 1337/1337/1337 1338/1338/1338 1336/1336/1336
f 1341/1341/1341 1340/1340/1340 1339/1339/1339
f 1340/1340/1340 1342/1342/1342 1339/1339/1339
f 1340/1340/1340 1343/1343/1343 1342/1342/1342
f 1343/1343/1343 1344/1344/1344 1342/1342/1342
f 1343/1343/1343 1345/1345/1345 1344/1344/1344
f 1345/1345/1345 1346/1346/1346 1344/1344/1344
f 1345/1345/1345 1347/1347/1347 1346/1346/1346
f 1347/1347/1347 1348/1348/1348 1346/1346/1346
f 1351/1351/1351 1350/1350/1350 1349/1349/1349
f 1350/1350/1350 1352/1352/1352 1349/1349/1349
f 1350/1350/1350 1353/1353/1353 1352/1352/1352
f 1353/1353/1353 1354/1354/1354 1352/1352/1352
f 1353/1353/1353 1355/1355/1355 1354/1354/1354
f 1355/1355/1355 1356/1356/1356 1354/1354/1354
g Combined Mesh (root: scene)_2
f 1359/1359/1359 1358/1358/1358 1357/1357/1357
f 1358/1358/1358 1360/1360/1360 1357/1357/1357
f 1357/1357/1357 1360/1360/1360 1361/1361/1361
f 1360/1360/1360 1362/1362/1362 1361/1361/1361
f 1361/1361/1361 1362/1362/1362 1363/1363/1363
f 1362/1362/1362 1364/1364/1364 1363/1363/1363
f 1363/1363/1363 1364/1364/1364 1365/1365/1365
f 1364/1364/1364 1366/1366/1366 1365/1365/1365
f 1365/1365/1365 1366/1366/1366 1367/1367/1367
f 1366/1366/1366 1368/1368/1368 1367/1367/1367
f 1371/1371/1371 1370/1370/1370 1369/1369/1369
f 1372/1372/1372 1371/1371/1371 1369/1369/1369
f 1373/1373/1373 1371/1371/1371 1372/1372/1372
f 1374/1374/1374 1373/1373/1373 1372/1372/1372
f 1375/1375/1375 1373/1373/1373 1374/1374/1374
f 1376/1376/1376 1375/1375/1375 1374/1374/1374
f 1377/1377/1377 1375/1375/1375 1376/1376/1376
f 1378/1378/1378 1377/1377/1377 1376/1376/1376
f 1379/1379/1379 1377/1377/1377 1378/1378/1378
f 1380/1380/1380 1379/1379/1379 1378/1378/1378
f 1383/1383/1383 1382/1382/1382 1381/1381/1381
f 1384/1384/1384 1383/1383/1383 1381/1381/1381
f 1385/1385/1385 1383/1383/1383 1384/1384/1384
f 1386/1386/1386 1385/1385/1385 1384/1384/1384
f 1387/1387/1387 1385/1385/1385 1386/1386/1386
f 1388/1388/1388 1387/1387/1387 1386/1386/1386
f 1391/1391/1391 1390/1390/1390 1389/1389/1389
f 1390/1390/1390 1392/1392/1392 1389/1389/1389
f 1389/1389/1389 1392/1392/1392 1393/1393/1393
f 1392/1392/1392 1394/1394/1394 1393/1393/1393
f 1393/1393/1393 1394/1394/1394 1395/1395/1395
f 1394/1394/1394 1396/1396/1396 1395/1395/1395
f 1395/1395/1395 1396/1396/1396 1397/1397/1397
f 1396/1396/1396 1398/1398/1398 1397/1397/1397
f 1397/1397/1397 1398/1398/1398 1399/1399/1399
f 1398/1398/1398 1400/1400/1400 1399/1399/1399
f 1403/1403/1403 1402/1402/1402 1401/1401/1401
f 1404/1404/1404 1403/1403/1403 1401/1401/1401
f 1405/1405/1405 1403/1403/1403 1404/1404/1404
f 1406/1406/1406 1405/1405/1405 1404/1404/1404
f 1407/1407/1407 1405/1405/1405 1406/1406/1406
f 1408/1408/1408 1407/1407/1407 1406/1406/1406
f 1409/1409/1409 1407/1407/1407 1408/1408/1408
f 1410/1410/1410 1409/1409/1409 1408/1408/1408
f 1411/1411/1411 1409/1409/1409 1410/1410/1410
f 1412/1412/1412 1411/1411/1411 1410/1410/1410
f 1415/1415/1415 1414/1414/1414 1413/1413/1413
f 1416/1416/1416 1415/1415/1415 1413/1413/1413
f 1417/1417/1417 1415/1415/1415 1416/1416/1416
f 1418/1418/1418 1417/1417/1417 1416/1416/1416
f 1419/1419/1419 1417/1417/1417 1418/1418/1418
f 1420/1420/1420 1419/1419/1419 1418/1418/1418
f 1423/1423/1423 1422/1422/1422 1421/1421/1421
f 1422/1422/1422 1424/1424/1424 1421/1421/1421
f 1421/1421/1421 1424/1424/1424 1425/1425/1425
f 1424/1424/1424 1426/1426/1426 1425/1425/1425
f 1425/1425/1425 1426/1426/1426 1427/1427/1427
f 1426/1426/1426 1428/1428/1428 1427/1427/1427
f 1427/1427/1427 1428/1428/1428 1429/1429/1429
f 1428/1428/1428 1430/1430/1430 1429/1429/1429
f 1429/1429/1429 1430/1430/1430 1431/1431/1431
f 1430/1430/1430 1432/1432/1432 1431/1431/1431
f 1435/1435/1435 1434/1434/1434 1433/1433/1433
f 1436/1436/1436 1435/1435/1435 1433/1433/1433
f 1437/1437/1437 1435/1435/1435 1436/1436/1436
f 1438/1438/1438 1437/1437/1437 1436/1436/1436
f 1439/1439/1439 1437/1437/1437 1438/1438/1438
f 1440/1440/1440 1439/1439/1439 1438/1438/1438
f 1441/1441/1441 1439/1439/1439 1440/1440/1440
f 1442/1442/1442 1441/1441/1441 1440/1440/1440
f 1443/1443/1443 1441/1441/1441 1442/1442/1442
f 1444/1444/1444 1443/1443/1443 1442/1442/1442
f 1447/1447/1447 1446/1446/1446 1445/1445/1445
f 1448/1448/1448 1447/1447/1447 1445/1445/1445
f 1449/1449/1449 1447/1447/1447 1448/1448/1448
f 1450/1450/1450 1449/1449/1449 1448/1448/1448
f 1451/1451/1451 1449/1449/1449 1450/1450/1450
f 1452/1452/1452 1451/1451/1451 1450/1450/1450
f 1455/1455/1455 1454/1454/1454 1453/1453/1453
f 1454/1454/1454 1456/1456/1456 1453/1453/1453
f 1453/1453/1453 1456/1456/1456 1457/1457/1457
f 1456/1456/1456 1458/1458/1458 1457/1457/1457
f 1457/1457/1457 1458/1458/1458 1459/1459/1459
f 1458/1458/1458 1460/1460/1460 1459/1459/1459
f 1459/1459/1459 1460/1460/1460 1461/1461/1461
f 1460/1460/1460 1462/1462/1462 1461/1461/1461
f 1461/1461/1461 1462/1462/1462 1463/1463/1463
f 1462/1462/1462 1464/1464/1464 1463/1463/1463
f 1467/1467/1467 1466/1466/1466 1465/1465/1465
f 1468/1468/1468 1467/1467/1467 1465/1465/1465
f 1469/1469/1469 1467/1467/1467 1468/1468/1468
f 1470/1470/1470 1469/1469/1469 1468/1468/1468
f 1471/1471/1471 1469/1469/1469 1470/1470/1470
f 1472/1472/1472 1471/1471/1471 1470/1470/1470
f 1473/1473/1473 1471/1471/1471 1472/1472/1472
f 1474/1474/1474 1473/1473/1473 1472/1472/1472
f 1475/1475/1475 1473/1473/1473 1474/1474/1474
f 1476/1476/1476 1475/1475/1475 1474/1474/1474
f 1479/1479/1479 1478/1478/1478 1477/1477/1477
f 1480/1480/1480 1479/1479/1479 1477/1477/1477
f 1481/1481/1481 1479/1479/1479 1480/1480/1480
f 1482/1482/1482 1481/1481/1481 1480/1480/1480
f 1483/1483/1483 1481/1481/1481 1482/1482/1482
f 1484/1484/1484 1483/1483/1483 1482/1482/1482
f 1487/1487/1487 1486/1486/1486 1485/1485/1485
f 1486/1486/1486 1488/1488/1488 1485/1485/1485
f 1485/1485/1485 1488/1488/1488 1489/1489/1489
f 1488/1488/1488 1490/1490/1490 1489/1489/1489
f 1489/1489/1489 1490/1490/1490 1491/1491/1491
f 1490/1490/1490 1492/1492/1492 1491/1491/1491
f 1491/1491/1491 1492/1492/1492 1493/1493/1493
f 1492/1492/1492 1494/1494/1494 1493/1493/1493
f 1493/1493/1493 1494/1494/1494 1495/1495/1495
f 1494/1494/1494 1496/1496/1496 1495/1495/1495
f 1499/1499/1499 1498/1498/1498 1497/1497/1497
f 1500/1500/1500 1499/1499/1499 1497/1497/1497
f 1501/1501/1501 1499/1499/1499 1500/1500/1500
f 1502/1502/1502 1501/1501/1501 1500/1500/1500
f 1503/1503/1503 1501/1501/1501 1502/1502/1502
f 1504/1504/1504 1503/1503/1503 1502/1502/1502
f 1505/1505/1505 1503/1503/1503 1504/1504/1504
f 1506/1506/1506 1505/1505/1505 1504/1504/1504
f 1507/1507/1507 1505/1505/1505 1506/1506/1506
f 1508/1508/1508 1507/1507/1507 1506/1506/1506
f 1511/1511/1511 1510/1510/1510 1509/1509/1509
f 1512/1512/1512 1511/1511/1511 1509/1509/1509
f 1513/1513/1513 1511/1511/1511 1512/1512/1512
f 1514/1514/1514 1513/1513/1513 1512/1512/1512
f 1515/1515/1515 1513/1513/1513 1514/1514/1514
f 1516/1516/1516 1515/1515/1515 1514/1514/1514
f 1519/1519/1519 1518/1518/1518 1517/1517/1517
f 1518/1518/1518 1520/1520/1520 1517/1517/1517
f 1517/1517/1517 1520/1520/1520 1521/1521/1521
f 1520/1520/1520 1522/1522/1522 1521/1521/1521
f 1521/1521/1521 1522/1522/1522 1523/1523/1523
f 1522/1522/1522 1524/1524/1524 1523/1523/1523
f 1523/1523/1523 1524/1524/1524 1525/1525/1525
f 1524/1524/1524 1526/1526/1526 1525/1525/1525
f 1525/1525/1525 1526/1526/1526 1527/1527/1527
f 1526/1526/1526 1528/1528/1528 1527/1527/1527
f 1531/1531/1531 1530/1530/1530 1529/1529/1529
f 1532/1532/1532 1531/1531/1531 1529/1529/1529
f 1533/1533/1533 1531/1531/1531 1532/1532/1532
f 1534/1534/1534 1533/1533/1533 1532/1532/1532
f 1535/1535/1535 1533/1533/1533 1534/1534/1534
f 1536/1536/1536 1535/1535/1535 1534/1534/1534
f 1537/1537/1537 1535/1535/1535 1536/1536/1536
f 1538/1538/1538 1537/1537/1537 1536/1536/1536
f 1539/1539/1539 1537/1537/1537 1538/1538/1538
f 1540/1540/1540 1539/1539/1539 1538/1538/1538
f 1543/1543/1543 1542/1542/1542 1541/1541/1541
f 1544/1544/1544 1543/1543/1543 1541/1541/1541
f 1545/1545/1545 1543/1543/1543 1544/1544/1544
f 1546/1546/1546 1545/1545/1545 1544/1544/1544
f 1547/1547/1547 1545/1545/1545 1546/1546/1546
f 1548/1548/1548 1547/1547/1547 1546/1546/1546
f 1551/1551/1551 1550/1550/1550 1549/1549/1549
f 1550/1550/1550 1552/1552/1552 1549/1549/1549
f 1549/1549/1549 1552/1552/1552 1553/1553/1553
f 1552/1552/1552 1554/1554/1554 1553/1553/1553
f 1553/1553/1553 1554/1554/1554 1555/1555/1555
f 1554/1554/1554 1556/1556/1556 1555/1555/1555
f 1555/1555/1555 1556/1556/1556 1557/1557/1557
f 1556/1556/1556 1558/1558/1558 1557/1557/1557
f 1557/1557/1557 1558/1558/1558 1559/1559/1559
f 1558/1558/1558 1560/1560/1560 1559/1559/1559
f 1563/1563/1563 1562/1562/1562 1561/1561/1561
f 1564/1564/1564 1563/1563/1563 1561/1561/1561
f 1565/1565/1565 1563/1563/1563 1564/1564/1564
f 1566/1566/1566 1565/1565/1565 1564/1564/1564
f 1567/1567/1567 1565/1565/1565 1566/1566/1566
f 1568/1568/1568 1567/1567/1567 1566/1566/1566
f 1569/1569/1569 1567/1567/1567 1568/1568/1568
f 1570/1570/1570 1569/1569/1569 1568/1568/1568
f 1571/1571/1571 1569/1569/1569 1570/1570/1570
f 1572/1572/1572 1571/1571/1571 1570/1570/1570
f 1575/1575/1575 1574/1574/1574 1573/1573/1573
f 1576/1576/1576 1575/1575/1575 1573/1573/1573
f 1577/1577/1577 1575/1575/1575 1576/1576/1576
f 1578/1578/1578 1577/1577/1577 1576/1576/1576
f 1579/1579/1579 1577/1577/1577 1578/1578/1578
f 1580/1580/1580 1579/1579/1579 1578/1578/1578
f 1583/1583/1583 1582/1582/1582 1581/1581/1581
f 1582/1582/1582 1584/1584/1584 1581/1581/1581
f 1581/1581/1581 1584/1584/1584 1585/1585/1585
f 1584/1584/1584 1586/1586/1586 1585/1585/1585
f 1585/1585/1585 1586/1586/1586 1587/1587/1587
f 1586/1586/1586 1588/1588/1588 1587/1587/1587
f 1587/1587/1587 1588/1588/1588 1589/1589/1589
f 1588/1588/1588 1590/1590/1590 1589/1589/1589
f 1589/1589/1589 1590/1590/1590 1591/1591/1591
f 1590/1590/1590 1592/1592/1592 1591/1591/1591
f 1595/1595/1595 1594/1594/1594 1593/1593/1593
f 1596/1596/1596 1595/1595/1595 1593/1593/1593
f 1597/1597/1597 1595/1595/1595 1596/1596/1596
f 1598/1598/1598 1597/1597/1597 1596/1596/1596
f 1599/1599/1599 1597/1597/1597 1598/1598/1598
f 1600/1600/1600 1599/1599/1599 1598/1598/1598
f 1601/1601/1601 1599/1599/1599 1600/1600/1600
f 1602/1602/1602 1601/1601/1601 1600/1600/1600
f 1603/1603/1603 1601/1601/1601 1602/1602/1602
f 1604/1604/1604 1603/1603/1603 1602/1602/1602
f 1607/1607/1607 1606/1606/1606 1605/1605/1605
f 1608/1608/1608 1607/1607/1607 1605/1605/1605
f 1609/1609/1609 1607/1607/1607 1608/1608/1608
f 1610/1610/1610 1609/1609/1609 1608/1608/1608
f 1611/1611/1611 1609/1609/1609 1610/1610/1610
f 1612/1612/1612 1611/1611/1611 1610/1610/1610
f 1615/1615/1615 1614/1614/1614 1613/1613/1613
f 1614/1614/1614 1616/1616/1616 1613/1613/1613
f 1613/1613/1613 1616/1616/1616 1617/1617/1617
f 1616/1616/1616 1618/1618/1618 1617/1617/1617
f 1617/1617/1617 1618/1618/1618 1619/1619/1619
f 1618/1618/1618 1620/1620/1620 1619/1619/1619
f 1619/1619/1619 1620/1620/1620 1621/1621/1621
f 1620/1620/1620 1622/1622/1622 1621/1621/1621
f 1621/1621/1621 1622/1622/1622 1623/1623/1623
f 1622/1622/1622 1624/1624/1624 1623/1623/1623
f 1627/1627/1627 1626/1626/1626 1625/1625/1625
f 1628/1628/1628 1627/1627/1627 1625/1625/1625
f 1629/1629/1629 1627/1627/1627 1628/1628/1628
f 1630/1630/1630 1629/1629/1629 1628/1628/1628
f 1631/1631/1631 1629/1629/1629 1630/1630/1630
f 1632/1632/1632 1631/1631/1631 1630/1630/1630
f 1633/1633/1633 1631/1631/1631 1632/1632/1632
f 1634/1634/1634 1633/1633/1633 1632/1632/1632
f 1635/1635/1635 1633/1633/1633 1634/1634/1634
f 1636/1636/1636 1635/1635/1635 1634/1634/1634
f 1639/1639/1639 1638/1638/1638 1637/1637/1637
f 1640/1640/1640 1639/1639/1639 1637/1637/1637
f 1641/1641/1641 1639/1639/1639 1640/1640/1640
f 1642/1642/1642 1641/1641/1641 1640/1640/1640
f 1643/1643/1643 1641/1641/1641 1642/1642/1642
f 1644/1644/1644 1643/1643/1643 1642/1642/1642
f 1647/1647/1647 1646/1646/1646 1645/1645/1645
f 1645/1645/1645 1646/1646/1646 1648/1648/1648
f 1649/1649/1649 1646/1646/1646 1647/1647/1647
f 1648/1648/1648 1646/1646/1646 1650/1650/1650
f 1651/1651/1651 1646/1646/1646 1649/1649/1649
f 1650/1650/1650 1646/1646/1646 1652/1652/1652
f 1653/1653/1653 1646/1646/1646 1651/1651/1651
f 1652/1652/1652 1646/1646/1646 1654/1654/1654
f 1655/1655/1655 1646/1646/1646 1653/1653/1653
f 1654/1654/1654 1646/1646/1646 1656/1656/1656
f 1657/1657/1657 1646/1646/1646 1655/1655/1655
f 1656/1656/1656 1646/1646/1646 1658/1658/1658
f 1659/1659/1659 1646/1646/1646 1657/1657/1657
f 1658/1658/1658 1646/1646/1646 1660/1660/1660
f 1661/1661/1661 1646/1646/1646 1659/1659/1659
f 1660/1660/1660 1646/1646/1646 1662/1662/1662
f 1663/1663/1663 1646/1646/1646 1661/1661/1661
f 1662/1662/1662 1646/1646/1646 1664/1664/1664
f 1665/1665/1665 1646/1646/1646 1663/1663/1663
f 1664/1664/1664 1646/1646/1646 1665/1665/1665
f 1668/1668/1668 1667/1667/1667 1666/1666/1666
f 1666/1666/1666 1667/1667/1667 1669/1669/1669
f 1670/1670/1670 1667/1667/1667 1668/1668/1668
f 1669/1669/1669 1667/1667/1667 1671/1671/1671
f 1672/1672/1672 1667/1667/1667 1670/1670/1670
f 1671/1671/1671 1667/1667/1667 1673/1673/1673
f 1674/1674/1674 1667/1667/1667 1672/1672/1672
f 1673/1673/1673 1667/1667/1667 1675/1675/1675
f 1676/1676/1676 1667/1667/1667 1674/1674/1674
f 1675/1675/1675 1667/1667/1667 1677/1677/1677
f 1678/1678/1678 1667/1667/1667 1676/1676/1676
f 1677/1677/1677 1667/1667/1667 1679/1679/1679
f 1680/1680/1680 1667/1667/1667 1678/1678/1678
f 1679/1679/1679 1667/1667/1667 1681/1681/1681
f 1682/1682/1682 1667/1667/1667 1680/1680/1680
f 1681/1681/1681 1667/1667/1667 1683/1683/1683
f 1684/1684/1684 1667/1667/1667 1682/1682/1682
f 1683/1683/1683 1667/1667/1667 1685/1685/1685
f 1686/1686/1686 1667/1667/1667 1684/1684/1684
f 1685/1685/1685 1667/1667/1667 1686/1686/1686
f 1689/1689/1689 1688/1688/1688 1687/1687/1687
f 1687/1687/1687 1688/1688/1688 1690/1690/1690
f 1691/1691/1691 1688/1688/1688 1689/1689/1689
f 1690/1690/1690 1688/1688/1688 1692/1692/1692
f 1693/1693/1693 1688/1688/1688 1691/1691/1691
f 1692/1692/1692 1688/1688/1688 1694/1694/1694
f 1695/1695/1695 1688/1688/1688 1693/1693/1693
f 1694/1694/1694 1688/1688/1688 1696/1696/1696
f 1697/1697/1697 1688/1688/1688 1695/1695/1695
f 1696/1696/1696 1688/1688/1688 1698/1698/1698
f 1699/1699/1699 1688/1688/1688 1697/1697/1697
f 1698/1698/1698 1688/1688/1688 1700/1700/1700
f 1701/1701/1701 1688/1688/1688 1699/1699/1699
f 1700/1700/1700 1688/1688/1688 1702/1702/1702
f 1703/1703/1703 1688/1688/1688 1701/1701/1701
f 1702/1702/1702 1688/1688/1688 1704/1704/1704
f 1705/1705/1705 1688/1688/1688 1703/1703/1703
f 1704/1704/1704 1688/1688/1688 1706/1706/1706
f 1707/1707/1707 1688/1688/1688 1705/1705/1705
f 1706/1706/1706 1688/1688/1688 1707/1707/1707
f 1710/1710/1710 1709/1709/1709 1708/1708/1708
f 1708/1708/1708 1709/1709/1709 1711/1711/1711
f 1712/1712/1712 1709/1709/1709 1710/1710/1710
f 1711/1711/1711 1709/1709/1709 1713/1713/1713
f 1714/1714/1714 1709/1709/1709 1712/1712/1712
f 1713/1713/1713 1709/1709/1709 1715/1715/1715
f 1716/1716/1716 1709/1709/1709 1714/1714/1714
f 1715/1715/1715 1709/1709/1709 1717/1717/1717
f 1718/1718/1718 1709/1709/1709 1716/1716/1716
f 1717/1717/1717 1709/1709/1709 1719/1719/1719
f 1720/1720/1720 1709/1709/1709 1718/1718/1718
f 1719/1719/1719 1709/1709/1709 1721/1721/1721
f 1722/1722/1722 1709/1709/1709 1720/1720/1720
f 1721/1721/1721 1709/1709/1709 1723/1723/1723
f 1724/1724/1724 1709/1709/1709 1722/1722/1722
f 1723/1723/1723 1709/1709/1709 1725/1725/1725
f 1726/1726/1726 1709/1709/1709 1724/1724/1724
f 1725/1725/1725 1709/1709/1709 1727/1727/1727
f 1728/1728/1728 1709/1709/1709 1726/1726/1726
f 1727/1727/1727 1709/1709/1709 1728/1728/1728
f 1731/1731/1731 1730/1730/1730 1729/1729/1729
f 1729/1729/1729 1730/1730/1730 1732/1732/1732
f 1733/1733/1733 1730/1730/1730 1731/1731/1731
f 1732/1732/1732 1730/1730/1730 1734/1734/1734
f 1735/1735/1735 1730/1730/1730 1733/1733/1733
f 1734/1734/1734 1730/1730/1730 1736/1736/1736
f 1737/1737/1737 1730/1730/1730 1735/1735/1735
f 1736/1736/1736 1730/1730/1730 1738/1738/1738
f 1739/1739/1739 1730/1730/1730 1737/1737/1737
f 1738/1738/1738 1730/1730/1730 1740/1740/1740
f 1741/1741/1741 1730/1730/1730 1739/1739/1739
f 1740/1740/1740 1730/1730/1730 1742/1742/1742
f 1743/1743/1743 1730/1730/1730 1741/1741/1741
f 1742/1742/1742 1730/1730/1730 1744/1744/1744
f 1745/1745/1745 1730/1730/1730 1743/1743/1743
f 1744/1744/1744 1730/1730/1730 1746/1746/1746
f 1747/1747/1747 1730/1730/1730 1745/1745/1745
f 1746/1746/1746 1730/1730/1730 1748/1748/1748
f 1749/1749/1749 1730/1730/1730 1747/1747/1747
f 1748/1748/1748 1730/1730/1730 1749/1749/1749
f 1752/1752/1752 1751/1751/1751 1750/1750/1750
f 1750/1750/1750 1751/1751/1751 1753/1753/1753
f 1754/1754/1754 1751/1751/1751 1752/1752/1752
f 1753/1753/1753 1751/1751/1751 1755/1755/1755
f 1756/1756/1756 1751/1751/1751 1754/1754/1754
f 1755/1755/1755 1751/1751/1751 1757/1757/1757
f 1758/1758/1758 1751/1751/1751 1756/1756/1756
f 1757/1757/1757 1751/1751/1751 1759/1759/1759
f 1760/1760/1760 1751/1751/1751 1758/1758/1758
f 1759/1759/1759 1751/1751/1751 1761/1761/1761
f 1762/1762/1762 1751/1751/1751 1760/1760/1760
f 1761/1761/1761 1751/1751/1751 1763/1763/1763
f 1764/1764/1764 1751/1751/1751 1762/1762/1762
f 1763/1763/1763 1751/1751/1751 1765/1765/1765
f 1766/1766/1766 1751/1751/1751 1764/1764/1764
f 1765/1765/1765 1751/1751/1751 1767/1767/1767
f 1768/1768/1768 1751/1751/1751 1766/1766/1766
f 1767/1767/1767 1751/1751/1751 1769/1769/1769
f 1770/1770/1770 1751/1751/1751 1768/1768/1768
f 1769/1769/1769 1751/1751/1751 1770/1770/1770
f 1773/1773/1773 1772/1772/1772 1771/1771/1771
f 1771/1771/1771 1772/1772/1772 1774/1774/1774
f 1775/1775/1775 1772/1772/1772 1773/1773/1773
f 1774/1774/1774 1772/1772/1772 1776/1776/1776
f 1777/1777/1777 1772/1772/1772 1775/1775/1775
f 1776/1776/1776 1772/1772/1772 1778/1778/1778
f 1779/1779/1779 1772/1772/1772 1777/1777/1777
f 1778/1778/1778 1772/1772/1772 1780/1780/1780
f 1781/1781/1781 1772/1772/1772 1779/1779/1779
f 1780/1780/1780 1772/1772/1772 1782/1782/1782
f 1783/1783/1783 1772/1772/1772 1781/1781/1781
f 1782/1782/1782 1772/1772/1772 1784/1784/1784
f 1785/1785/1785 1772/1772/1772 1783/1783/1783
f 1784/1784/1784 1772/1772/1772 1786/1786/1786
f 1787/1787/1787 1772/1772/1772 1785/1785/1785
f 1786/1786/1786 1772/1772/1772 1788/1788/1788
f 1789/1789/1789 1772/1772/1772 1787/1787/1787
f 1788/1788/1788 1772/1772/1772 1790/1790/1790
f 1791/1791/1791 1772/1772/1772 1789/1789/1789
f 1790/1790/1790 1772/1772/1772 1791/1791/1791
f 1794/1794/1794 1793/1793/1793 1792/1792/1792
f 1792/1792/1792 1793/1793/1793 1795/1795/1795
f 1796/1796/1796 1793/1793/1793 1794/1794/1794
f 1795/1795/1795 1793/1793/1793 1797/1797/1797
f 1798/1798/1798 1793/1793/1793 1796/1796/1796
f 1797/1797/1797 1793/1793/1793 1799/1799/1799
f 1800/1800/1800 1793/1793/1793 1798/1798/1798
f 1799/1799/1799 1793/1793/1793 1801/1801/1801
f 1802/1802/1802 1793/1793/1793 1800/1800/1800
f 1801/1801/1801 1793/1793/1793 1803/1803/1803
f 1804/1804/1804 1793/1793/1793 1802/1802/1802
f 1803/1803/1803 1793/1793/1793 1805/1805/1805
f 1806/1806/1806 1793/1793/1793 1804/1804/1804
f 1805/1805/1805 1793/1793/1793 1807/1807/1807
f 1808/1808/1808 1793/1793/1793 1806/1806/1806
f 1807/1807/1807 1793/1793/1793 1809/1809/1809
f 1810/1810/1810 1793/1793/1793 1808/1808/1808
f 1809/1809/1809 1793/1793/1793 1811/1811/1811
f 1812/1812/1812 1793/1793/1793 1810/1810/1810
f 1811/1811/1811 1793/1793/1793 1812/1812/1812
f 1815/1815/1815 1814/1814/1814 1813/1813/1813
f 1813/1813/1813 1814/1814/1814 1816/1816/1816
f 1817/1817/1817 1814/1814/1814 1815/1815/1815
f 1816/1816/1816 1814/1814/1814 1818/1818/1818
f 1819/1819/1819 1814/1814/1814 1817/1817/1817
f 1818/1818/1818 1814/1814/1814 1820/1820/1820
f 1821/1821/1821 1814/1814/1814 1819/1819/1819
f 1820/1820/1820 1814/1814/1814 1822/1822/1822
f 1823/1823/1823 1814/1814/1814 1821/1821/1821
f 1822/1822/1822 1814/1814/1814 1824/1824/1824
f 1825/1825/1825 1814/1814/1814 1823/1823/1823
f 1824/1824/1824 1814/1814/1814 1826/1826/1826
f 1827/1827/1827 1814/1814/1814 1825/1825/1825
f 1826/1826/1826 1814/1814/1814 1828/1828/1828
f 1829/1829/1829 1814/1814/1814 1827/1827/1827
f 1828/1828/1828 1814/1814/1814 1830/1830/1830
f 1831/1831/1831 1814/1814/1814 1829/1829/1829
f 1830/1830/1830 1814/1814/1814 1832/1832/1832
f 1833/1833/1833 1814/1814/1814 1831/1831/1831
f 1832/1832/1832 1814/1814/1814 1833/1833/1833
g Combined Mesh (root: scene)_3
f 1836/1836/1836 1835/1835/1835 1834/1834/1834
f 1837/1837/1837 1836/1836/1836 1834/1834/1834
g Combined Mesh (root: scene)_4
f 1840/1840/1840 1839/1839/1839 1838/1838/1838
f 1838/1838/1838 1839/1839/1839 1841/1841/1841
f 1842/1842/1842 1840/1840/1840 1838/1838/1838
f 1839/1839/1839 1843/1843/1843 1841/1841/1841
f 1844/1844/1844 1840/1840/1840 1842/1842/1842
f 1841/1841/1841 1843/1843/1843 1845/1845/1845
f 1845/1845/1845 1844/1844/1844 1842/1842/1842
f 1843/1843/1843 1844/1844/1844 1845/1845/1845
g Combined Mesh (root: scene)_5
f 1848/1848/1848 1847/1847/1847 1846/1846/1846
f 1849/1849/1849 1848/1848/1848 1846/1846/1846
g Combined Mesh (root: scene)_6
f 1852/1852/1852 1851/1851/1851 1850/1850/1850
f 1851/1851/1851 1853/1853/1853 1850/1850/1850
f 1850/1850/1850 1853/1853/1853 1854/1854/1854
f 1855/1855/1855 1850/1850/1850 1854/1854/1854
f 1854/1854/1854 1856/1856/1856 1855/1855/1855
f 1856/1856/1856 1857/1857/1857 1855/1855/1855
f 1860/1860/1860 1859/1859/1859 1858/1858/1858
f 1861/1861/1861 1860/1860/1860 1858/1858/1858
f 1862/1862/1862 1860/1860/1860 1861/1861/1861
f 1863/1863/1863 1862/1862/1862 1861/1861/1861
f 1866/1866/1866 1865/1865/1865 1864/1864/1864
f 1865/1865/1865 1867/1867/1867 1864/1864/1864
f 1865/1865/1865 1868/1868/1868 1867/1867/1867
f 1868/1868/1868 1869/1869/1869 1867/1867/1867
f 1872/1872/1872 1871/1871/1871 1870/1870/1870
f 1873/1873/1873 1872/1872/1872 1870/1870/1870
f 1876/1876/1876 1875/1875/1875 1874/1874/1874
f 1877/1877/1877 1876/1876/1876 1874/1874/1874
f 1880/1880/1880 1879/1879/1879 1878/1878/1878
f 1881/1881/1881 1880/1880/1880 1878/1878/1878
f 1884/1884/1884 1883/1883/1883 1882/1882/1882
f 1885/1885/1885 1884/1884/1884 1882/1882/1882
f 1885/1885/1885 1882/1882/1882 1886/1886/1886
f 1882/1882/1882 1887/1887/1887 1886/1886/1886
f 1888/1888/1888 1886/1886/1886 1887/1887/1887
f 1889/1889/1889 1888/1888/1888 1887/1887/1887
f 1892/1892/1892 1891/1891/1891 1890/1890/1890
f 1891/1891/1891 1893/1893/1893 1890/1890/1890
f 1891/1891/1891 1894/1894/1894 1893/1893/1893
f 1894/1894/1894 1895/1895/1895 1893/1893/1893
f 1898/1898/1898 1897/1897/1897 1896/1896/1896
f 1899/1899/1899 1898/1898/1898 1896/1896/1896
f 1900/1900/1900 1898/1898/1898 1899/1899/1899
f 1901/1901/1901 1900/1900/1900 1899/1899/1899
f 1904/1904/1904 1903/1903/1903 1902/1902/1902
f 1905/1905/1905 1904/1904/1904 1902/1902/1902
f 1908/1908/1908 1907/1907/1907 1906/1906/1906
f 1909/1909/1909 1908/1908/1908 1906/1906/1906
f 1912/1912/1912 1911/1911/1911 1910/1910/1910
f 1913/1913/1913 1912/1912/1912 1910/1910/1910
g Combined Mesh (root: scene)_7
f 1916/1916/1916 1915/1915/1915 1914/1914/1914
f 1917/1917/1917 1916/1916/1916 1914/1914/1914
f 1920/1920/1920 1919/1919/1919 1918/1918/1918
f 1921/1921/1921 1920/1920/1920 1918/1918/1918
g Combined Mesh (root: scene)_8
f 1924/1924/1924 1923/1923/1923 1922/1922/1922
f 1925/1925/1925 1924/1924/1924 1922/1922/1922
f 1925/1925/1925 1922/1922/1922 1926/1926/1926
f 1922/1922/1922 1927/1927/1927 1926/1926/1926
f 1930/1930/1930 1929/1929/1929 1928/1928/1928
f 1929/1929/1929 1931/1931/1931 1928/1928/1928
f 1929/1929/1929 1932/1932/1932 1931/1931/1931
f 1932/1932/1932 1933/1933/1933 1931/1931/1931
f 1932/1932/1932 1934/1934/1934 1933/1933/1933
f 1934/1934/1934 1935/1935/1935 1933/1933/1933
f 1934/1934/1934 1936/1936/1936 1935/1935/1935
f 1936/1936/1936 1937/1937/1937 1935/1935/1935
f 1940/1940/1940 1939/1939/1939 1938/1938/1938
f 1941/1941/1941 1940/1940/1940 1938/1938/1938
f 1944/1944/1944 1943/1943/1943 1942/1942/1942
f 1943/1943/1943 1945/1945/1945 1942/1942/1942
f 1942/1942/1942 1945/1945/1945 1946/1946/1946
f 1947/1947/1947 1942/1942/1942 1946/1946/1946
f 1950/1950/1950 1949/1949/1949 1948/1948/1948
f 1951/1951/1951 1950/1950/1950 1948/1948/1948
f 1952/1952/1952 1950/1950/1950 1951/1951/1951
f 1953/1953/1953 1952/1952/1952 1951/1951/1951
f 1953/1953/1953 1954/1954/1954 1952/1952/1952
f 1954/1954/1954 1955/1955/1955 1952/1952/1952
f 1954/1954/1954 1956/1956/1956 1955/1955/1955
f 1956/1956/1956 1957/1957/1957 1955/1955/1955
f 1960/1960/1960 1959/1959/1959 1958/1958/1958
f 1961/1961/1961 1960/1960/1960 1958/1958/1958
f 1964/1964/1964 1963/1963/1963 1962/1962/1962
f 1965/1965/1965 1964/1964/1964 1962/1962/1962
f 1968/1968/1968 1967/1967/1967 1966/1966/1966
f 1969/1969/1969 1968/1968/1968 1966/1966/1966
f 1972/1972/1972 1971/1971/1971 1970/1970/1970
f 1973/1973/1973 1972/1972/1972 1970/1970/1970
f 1976/1976/1976 1975/1975/1975 1974/1974/1974
f 1977/1977/1977 1976/1976/1976 1974/1974/1974
f 1980/1980/1980 1979/1979/1979 1978/1978/1978
f 1981/1981/1981 1980/1980/1980 1978/1978/1978
f 1984/1984/1984 1983/1983/1983 1982/1982/1982
f 1985/1985/1985 1984/1984/1984 1982/1982/1982
f 1988/1988/1988 1987/1987/1987 1986/1986/1986
f 1989/1989/1989 1988/1988/1988 1986/1986/1986
f 1992/1992/1992 1991/1991/1991 1990/1990/1990
f 1993/1993/1993 1992/1992/1992 1990/1990/1990
f 1996/1996/1996 1995/1995/1995 1994/1994/1994
f 1997/1997/1997 1996/1996/1996 1994/1994/1994
g Combined Mesh (root: scene)_9
f 2000/2000/2000 1999/1999/1999 1998/1998/1998
f 2001/2001/2001 2000/2000/2000 1998/1998/1998
f 2001/2001/2001 1998/1998/1998 2002/2002/2002
f 2003/2003/2003 2001/2001/2001 2002/2002/2002
f 2006/2006/2006 2005/2005/2005 2004/2004/2004
f 2007/2007/2007 2006/2006/2006 2004/2004/2004
f 2010/2010/2010 2009/2009/2009 2008/2008/2008
f 2011/2011/2011 2010/2010/2010 2008/2008/2008
f 2014/2014/2014 2013/2013/2013 2012/2012/2012
f 2015/2015/2015 2014/2014/2014 2012/2012/2012
f 2018/2018/2018 2017/2017/2017 2016/2016/2016
f 2019/2019/2019 2018/2018/2018 2016/2016/2016
f 2022/2022/2022 2021/2021/2021 2020/2020/2020
f 2023/2023/2023 2022/2022/2022 2020/2020/2020
f 2026/2026/2026 2025/2025/2025 2024/2024/2024
f 2027/2027/2027 2026/2026/2026 2024/2024/2024
f 2030/2030/2030 2029/2029/2029 2028/2028/2028
f 2031/2031/2031 2030/2030/2030 2028/2028/2028
f 2034/2034/2034 2033/2033/2033 2032/2032/2032
f 2035/2035/2035 2034/2034/2034 2032/2032/2032
f 2038/2038/2038 2037/2037/2037 2036/2036/2036
f 2039/2039/2039 2038/2038/2038 2036/2036/2036
f 2042/2042/2042 2041/2041/2041 2040/2040/2040
f 2043/2043/2043 2042/2042/2042 2040/2040/2040
f 2046/2046/2046 2045/2045/2045 2044/2044/2044
f 2047/2047/2047 2046/2046/2046 2044/2044/2044
f 2050/2050/2050 2049/2049/2049 2048/2048/2048
f 2051/2051/2051 2050/2050/2050 2048/2048/2048
f 2054/2054/2054 2053/2053/2053 2052/2052/2052
f 2055/2055/2055 2054/2054/2054 2052/2052/2052
f 2058/2058/2058 2057/2057/2057 2056/2056/2056
f 2059/2059/2059 2058/2058/2058 2056/2056/2056
f 2062/2062/2062 2061/2061/2061 2060/2060/2060
f 2063/2063/2063 2062/2062/2062 2060/2060/2060
f 2066/2066/2066 2065/2065/2065 2064/2064/2064
f 2067/2067/2067 2066/2066/2066 2064/2064/2064
f 2070/2070/2070 2069/2069/2069 2068/2068/2068
f 2071/2071/2071 2070/2070/2070 2068/2068/2068
f 2074/2074/2074 2073/2073/2073 2072/2072/2072
f 2075/2075/2075 2074/2074/2074 2072/2072/2072
f 2078/2078/2078 2077/2077/2077 2076/2076/2076
f 2079/2079/2079 2078/2078/2078 2076/2076/2076
f 2082/2082/2082 2081/2081/2081 2080/2080/2080
f 2083/2083/2083 2082/2082/2082 2080/2080/2080
f 2086/2086/2086 2085/2085/2085 2084/2084/2084
f 2087/2087/2087 2086/2086/2086 2084/2084/2084
f 2090/2090/2090 2089/2089/2089 2088/2088/2088
f 2091/2091/2091 2090/2090/2090 2088/2088/2088
f 2094/2094/2094 2093/2093/2093 2092/2092/2092
f 2095/2095/2095 2094/2094/2094 2092/2092/2092
f 2098/2098/2098 2097/2097/2097 2096/2096/2096
f 2099/2099/2099 2098/2098/2098 2096/2096/2096
f 2102/2102/2102 2101/2101/2101 2100/2100/2100
f 2103/2103/2103 2102/2102/2102 2100/2100/2100
f 2106/2106/2106 2105/2105/2105 2104/2104/2104
f 2107/2107/2107 2106/2106/2106 2104/2104/2104
f 2110/2110/2110 2109/2109/2109 2108/2108/2108
f 2111/2111/2111 2110/2110/2110 2108/2108/2108
f 2114/2114/2114 2113/2113/2113 2112/2112/2112
f 2115/2115/2115 2114/2114/2114 2112/2112/2112
g Combined Mesh (root: scene)_10
f 2118/2118/2118 2117/2117/2117 2116/2116/2116
f 2119/2119/2119 2118/2118/2118 2116/2116/2116
f 2122/2122/2122 2121/2121/2121 2120/2120/2120
f 2123/2123/2123 2122/2122/2122 2120/2120/2120
f 2126/2126/2126 2125/2125/2125 2124/2124/2124
f 2127/2127/2127 2126/2126/2126 2124/2124/2124
f 2130/2130/2130 2129/2129/2129 2128/2128/2128
f 2131/2131/2131 2130/2130/2130 2128/2128/2128
f 2134/2134/2134 2133/2133/2133 2132/2132/2132
f 2135/2135/2135 2134/2134/2134 2132/2132/2132
f 2138/2138/2138 2137/2137/2137 2136/2136/2136
f 2139/2139/2139 2138/2138/2138 2136/2136/2136
g Combined Mesh (root: scene)_11
f 2142/2142/2142 2141/2141/2141 2140/2140/2140
f 2141/2141/2141 2143/2143/2143 2140/2140/2140
f 2144/2144/2144 2140/2140/2140 2143/2143/2143
f 2145/2145/2145 2144/2144/2144 2143/2143/2143
f 2146/2146/2146 2144/2144/2144 2145/2145/2145
f 2147/2147/2147 2146/2146/2146 2145/2145/2145
f 2148/2148/2148 2146/2146/2146 2147/2147/2147
f 2149/2149/2149 2148/2148/2148 2147/2147/2147
f 2152/2152/2152 2151/2151/2151 2150/2150/2150
f 2151/2151/2151 2153/2153/2153 2150/2150/2150
f 2150/2150/2150 2153/2153/2153 2154/2154/2154
f 2153/2153/2153 2155/2155/2155 2154/2154/2154
f 2154/2154/2154 2155/2155/2155 2156/2156/2156
f 2155/2155/2155 2157/2157/2157 2156/2156/2156
f 2160/2160/2160 2159/2159/2159 2158/2158/2158
f 2161/2161/2161 2160/2160/2160 2158/2158/2158
f 2161/2161/2161 2162/2162/2162 2160/2160/2160
f 2162/2162/2162 2163/2163/2163 2160/2160/2160
f 2166/2166/2166 2165/2165/2165 2164/2164/2164
f 2165/2165/2165 2167/2167/2167 2164/2164/2164
f 2167/2167/2167 2165/2165/2165 2168/2168/2168
f 2165/2165/2165 2169/2169/2169 2168/2168/2168
f 2172/2172/2172 2171/2171/2171 2170/2170/2170
f 2173/2173/2173 2172/2172/2172 2170/2170/2170
f 2176/2176/2176 2175/2175/2175 2174/2174/2174
f 2177/2177/2177 2176/2176/2176 2174/2174/2174
f 2180/2180/2180 2179/2179/2179 2178/2178/2178
f 2181/2181/2181 2180/2180/2180 2178/2178/2178
f 2178/2178/2178 2182/2182/2182 2181/2181/2181
f 2182/2182/2182 2183/2183/2183 2181/2181/2181
f 2182/2182/2182 2184/2184/2184 2183/2183/2183
f 2184/2184/2184 2185/2185/2185 2183/2183/2183
f 2184/2184/2184 2186/2186/2186 2185/2185/2185
f 2186/2186/2186 2187/2187/2187 2185/2185/2185
f 2190/2190/2190 2189/2189/2189 2188/2188/2188
f 2191/2191/2191 2190/2190/2190 2188/2188/2188
f 2194/2194/2194 2193/2193/2193 2192/2192/2192
f 2195/2195/2195 2194/2194/2194 2192/2192/2192
f 2195/2195/2195 2192/2192/2192 2196/2196/2196
f 2197/2197/2197 2195/2195/2195 2196/2196/2196
f 2200/2200/2200 2199/2199/2199 2198/2198/2198
f 2199/2199/2199 2201/2201/2201 2198/2198/2198
f 2202/2202/2202 2201/2201/2201 2199/2199/2199
f 2203/2203/2203 2202/2202/2202 2199/2199/2199
f 2206/2206/2206 2205/2205/2205 2204/2204/2204
f 2207/2207/2207 2206/2206/2206 2204/2204/2204
f 2206/2206/2206 2207/2207/2207 2208/2208/2208
f 2209/2209/2209 2206/2206/2206 2208/2208/2208
f 2212/2212/2212 2211/2211/2211 2210/2210/2210
f 2213/2213/2213 2212/2212/2212 2210/2210/2210
f 2216/2216/2216 2215/2215/2215 2214/2214/2214
f 2217/2217/2217 2216/2216/2216 2214/2214/2214
f 2220/2220/2220 2219/2219/2219 2218/2218/2218
f 2221/2221/2221 2220/2220/2220 2218/2218/2218
f 2221/2221/2221 2218/2218/2218 2222/2222/2222
f 2218/2218/2218 2223/2223/2223 2222/2222/2222
f 2226/2226/2226 2225/2225/2225 2224/2224/2224
f 2225/2225/2225 2227/2227/2227 2224/2224/2224
f 2224/2224/2224 2227/2227/2227 2228/2228/2228
f 2227/2227/2227 2229/2229/2229 2228/2228/2228
f 2230/2230/2230 2228/2228/2228 2229/2229/2229
f 2231/2231/2231 2230/2230/2230 2229/2229/2229
f 2234/2234/2234 2233/2233/2233 2232/2232/2232
f 2235/2235/2235 2234/2234/2234 2232/2232/2232
f 2235/2235/2235 2232/2232/2232 2236/2236/2236
f 2237/2237/2237 2235/2235/2235 2236/2236/2236
f 2237/2237/2237 2236/2236/2236 2238/2238/2238
f 2239/2239/2239 2237/2237/2237 2238/2238/2238
f 2239/2239/2239 2238/2238/2238 2240/2240/2240
f 2241/2241/2241 2239/2239/2239 2240/2240/2240
f 2244/2244/2244 2243/2243/2243 2242/2242/2242
f 2245/2245/2245 2244/2244/2244 2242/2242/2242
f 2248/2248/2248 2247/2247/2247 2246/2246/2246
f 2247/2247/2247 2249/2249/2249 2246/2246/2246
f 2246/2246/2246 2249/2249/2249 2250/2250/2250
f 2251/2251/2251 2246/2246/2246 2250/2250/2250
f 2254/2254/2254 2253/2253/2253 2252/2252/2252
f 2255/2255/2255 2254/2254/2254 2252/2252/2252
f 2255/2255/2255 2252/2252/2252 2256/2256/2256
f 2257/2257/2257 2255/2255/2255 2256/2256/2256
f 2256/2256/2256 2258/2258/2258 2257/2257/2257
f 2258/2258/2258 2259/2259/2259 2257/2257/2257
f 2262/2262/2262 2261/2261/2261 2260/2260/2260
f 2261/2261/2261 2263/2263/2263 2260/2260/2260
f 2260/2260/2260 2263/2263/2263 2264/2264/2264
f 2263/2263/2263 2265/2265/2265 2264/2264/2264
f 2264/2264/2264 2265/2265/2265 2266/2266/2266
f 2265/2265/2265 2267/2267/2267 2266/2266/2266
f 2266/2266/2266 2267/2267/2267 2268/2268/2268
f 2267/2267/2267 2269/2269/2269 2268/2268/2268
f 2272/2272/2272 2271/2271/2271 2270/2270/2270
f 2273/2273/2273 2272/2272/2272 2270/2270/2270
g Combined Mesh (root: scene)_12
f 2276/2276/2276 2275/2275/2275 2274/2274/2274
f 2277/2277/2277 2276/2276/2276 2274/2274/2274
f 2280/2280/2280 2279/2279/2279 2278/2278/2278
f 2278/2278/2278 2281/2281/2281 2280/2280/2280
f 2278/2278/2278 2282/2282/2282 2281/2281/2281
f 2285/2285/2285 2284/2284/2284 2283/2283/2283
f 2286/2286/2286 2285/2285/2285 2283/2283/2283
f 2289/2289/2289 2288/2288/2288 2287/2287/2287
f 2287/2287/2287 2290/2290/2290 2289/2289/2289
f 2290/2290/2290 2291/2291/2291 2289/2289/2289
f 2294/2294/2294 2293/2293/2293 2292/2292/2292
f 2295/2295/2295 2294/2294/2294 2292/2292/2292
f 2298/2298/2298 2297/2297/2297 2296/2296/2296
f 2296/2296/2296 2299/2299/2299 2298/2298/2298
f 2299/2299/2299 2300/2300/2300 2298/2298/2298
f 2303/2303/2303 2302/2302/2302 2301/2301/2301
f 2304/2304/2304 2303/2303/2303 2301/2301/2301
f 2307/2307/2307 2306/2306/2306 2305/2305/2305
f 2308/2308/2308 2307/2307/2307 2305/2305/2305
f 2311/2311/2311 2310/2310/2310 2309/2309/2309
f 2310/2310/2310 2312/2312/2312 2309/2309/2309
f 2309/2309/2309 2312/2312/2312 2313/2313/2313
f 2312/2312/2312 2314/2314/2314 2313/2313/2313
f 2313/2313/2313 2314/2314/2314 2315/2315/2315
f 2314/2314/2314 2316/2316/2316 2315/2315/2315
f 2317/2317/2317 2315/2315/2315 2316/2316/2316
f 2318/2318/2318 2317/2317/2317 2316/2316/2316
f 2318/2318/2318 2319/2319/2319 2317/2317/2317
f 2319/2319/2319 2320/2320/2320 2317/2317/2317
f 2319/2319/2319 2321/2321/2321 2320/2320/2320
f 2321/2321/2321 2322/2322/2322 2320/2320/2320
f 2321/2321/2321 2323/2323/2323 2322/2322/2322
f 2323/2323/2323 2324/2324/2324 2322/2322/2322
f 2327/2327/2327 2326/2326/2326 2325/2325/2325
f 2328/2328/2328 2327/2327/2327 2325/2325/2325
f 2325/2325/2325 2329/2329/2329 2328/2328/2328
f 2329/2329/2329 2330/2330/2330 2328/2328/2328
f 2333/2333/2333 2332/2332/2332 2331/2331/2331
f 2332/2332/2332 2334/2334/2334 2331/2331/2331
f 2335/2335/2335 2334/2334/2334 2332/2332/2332
f 2336/2336/2336 2335/2335/2335 2332/2332/2332
f 2335/2335/2335 2336/2336/2336 2337/2337/2337
f 2336/2336/2336 2338/2338/2338 2337/2337/2337
f 2341/2341/2341 2340/2340/2340 2339/2339/2339
f 2342/2342/2342 2341/2341/2341 2339/2339/2339
f 2345/2345/2345 2344/2344/2344 2343/2343/2343
f 2343/2343/2343 2346/2346/2346 2345/2345/2345
f 2343/2343/2343 2347/2347/2347 2346/2346/2346
f 2350/2350/2350 2349/2349/2349 2348/2348/2348
f 2351/2351/2351 2350/2350/2350 2348/2348/2348
f 2353/2353/2353 2352/2352/2352 2348/2348/2348
f 2354/2354/2354 2353/2353/2353 2348/2348/2348
f 2357/2357/2357 2356/2356/2356 2355/2355/2355
f 2358/2358/2358 2357/2357/2357 2355/2355/2355
f 2358/2358/2358 2355/2355/2355 2359/2359/2359
f 2360/2360/2360 2358/2358/2358 2359/2359/2359
f 2360/2360/2360 2359/2359/2359 2361/2361/2361
f 2362/2362/2362 2360/2360/2360 2361/2361/2361
f 2361/2361/2361 2363/2363/2363 2362/2362/2362
f 2363/2363/2363 2364/2364/2364 2362/2362/2362
f 2365/2365/2365 2364/2364/2364 2363/2363/2363
f 2366/2366/2366 2365/2365/2365 2363/2363/2363
f 2367/2367/2367 2365/2365/2365 2366/2366/2366
f 2368/2368/2368 2367/2367/2367 2366/2366/2366
f 2369/2369/2369 2367/2367/2367 2368/2368/2368
f 2370/2370/2370 2369/2369/2369 2368/2368/2368
f 2373/2373/2373 2372/2372/2372 2371/2371/2371
f 2372/2372/2372 2374/2374/2374 2371/2371/2371
f 2375/2375/2375 2371/2371/2371 2374/2374/2374
f 2376/2376/2376 2375/2375/2375 2374/2374/2374
f 2379/2379/2379 2378/2378/2378 2377/2377/2377
f 2380/2380/2380 2379/2379/2379 2377/2377/2377
f 2380/2380/2380 2381/2381/2381 2379/2379/2379
f 2381/2381/2381 2382/2382/2382 2379/2379/2379
f 2382/2382/2382 2381/2381/2381 2383/2383/2383
f 2384/2384/2384 2382/2382/2382 2383/2383/2383
g Combined Mesh (root: scene)_13
f 2387/2387/2387 2386/2386/2386 2385/2385/2385
f 2388/2388/2388 2387/2387/2387 2385/2385/2385
g Combined Mesh (root: scene)_14
f 2391/2391/2391 2390/2390/2390 2389/2389/2389
f 2392/2392/2392 2391/2391/2391 2389/2389/2389
f 2393/2393/2393 2391/2391/2391 2392/2392/2392
f 2394/2394/2394 2393/2393/2393 2392/2392/2392
f 2397/2397/2397 2396/2396/2396 2395/2395/2395
f 2396/2396/2396 2398/2398/2398 2395/2395/2395
f 2395/2395/2395 2398/2398/2398 2399/2399/2399
f 2398/2398/2398 2400/2400/2400 2399/2399/2399
g Combined Mesh (root: scene)_15
f 2403/2403/2403 2402/2402/2402 2401/2401/2401
f 2404/2404/2404 2403/2403/2403 2401/2401/2401
f 2407/2407/2407 2406/2406/2406 2405/2405/2405
f 2408/2408/2408 2407/2407/2407 2405/2405/2405
f 2411/2411/2411 2410/2410/2410 2409/2409/2409
f 2412/2412/2412 2411/2411/2411 2409/2409/2409
f 2415/2415/2415 2414/2414/2414 2413/2413/2413
f 2416/2416/2416 2415/2415/2415 2413/2413/2413
f 2419/2419/2419 2418/2418/2418 2417/2417/2417
f 2420/2420/2420 2419/2419/2419 2417/2417/2417
g Combined Mesh (root: scene)_16
f 2423/2423/2423 2422/2422/2422 2421/2421/2421
f 2426/2426/2426 2425/2425/2425 2424/2424/2424
f 2429/2429/2429 2428/2428/2428 2427/2427/2427
f 2432/2432/2432 2431/2431/2431 2430/2430/2430
f 2435/2435/2435 2434/2434/2434 2433/2433/2433
f 2438/2438/2438 2437/2437/2437 2436/2436/2436
f 2441/2441/2441 2440/2440/2440 2439/2439/2439
f 2444/2444/2444 2443/2443/2443 2442/2442/2442
f 2447/2447/2447 2446/2446/2446 2445/2445/2445
f 2447/2447/2447 2445/2445/2445 2448/2448/2448
f 2448/2448/2448 2449/2449/2449 2447/2447/2447
f 2449/2449/2449 2450/2450/2450 2447/2447/2447
f 2449/2449/2449 2451/2451/2451 2450/2450/2450
f 2449/2449/2449 2452/2452/2452 2451/2451/2451
f 2455/2455/2455 2454/2454/2454 2453/2453/2453
f 2456/2456/2456 2455/2455/2455 2453/2453/2453
f 2459/2459/2459 2458/2458/2458 2457/2457/2457
f 2457/2457/2457 2460/2460/2460 2459/2459/2459
f 2457/2457/2457 2461/2461/2461 2460/2460/2460
f 2461/2461/2461 2457/2457/2457 2462/2462/2462
f 2463/2463/2463 2461/2461/2461 2462/2462/2462
f 2462/2462/2462 2464/2464/2464 2463/2463/2463
f 2467/2467/2467 2466/2466/2466 2465/2465/2465
f 2468/2468/2468 2467/2467/2467 2465/2465/2465
f 2471/2471/2471 2470/2470/2470 2469/2469/2469
f 2469/2469/2469 2472/2472/2472 2471/2471/2471
f 2472/2472/2472 2469/2469/2469 2473/2473/2473
f 2474/2474/2474 2472/2472/2472 2473/2473/2473
f 2475/2475/2475 2474/2474/2474 2473/2473/2473
f 2473/2473/2473 2476/2476/2476 2475/2475/2475
f 2479/2479/2479 2478/2478/2478 2477/2477/2477
f 2480/2480/2480 2479/2479/2479 2477/2477/2477
f 2483/2483/2483 2482/2482/2482 2481/2481/2481
f 2484/2484/2484 2483/2483/2483 2481/2481/2481
f 2487/2487/2487 2486/2486/2486 2485/2485/2485
f 2488/2488/2488 2487/2487/2487 2485/2485/2485
f 2491/2491/2491 2490/2490/2490 2489/2489/2489
f 2492/2492/2492 2491/2491/2491 2489/2489/2489
f 2495/2495/2495 2494/2494/2494 2493/2493/2493
f 2496/2496/2496 2495/2495/2495 2493/2493/2493
f 2499/2499/2499 2498/2498/2498 2497/2497/2497
f 2500/2500/2500 2499/2499/2499 2497/2497/2497
f 2503/2503/2503 2502/2502/2502 2501/2501/2501
f 2504/2504/2504 2503/2503/2503 2501/2501/2501
f 2507/2507/2507 2506/2506/2506 2505/2505/2505
f 2508/2508/2508 2507/2507/2507 2505/2505/2505
g Combined Mesh (root: scene)_17
f 2511/2511/2511 2510/2510/2510 2509/2509/2509
f 2512/2512/2512 2511/2511/2511 2509/2509/2509
f 2515/2515/2515 2514/2514/2514 2513/2513/2513
f 2516/2516/2516 2515/2515/2515 2513/2513/2513
f 2519/2519/2519 2518/2518/2518 2517/2517/2517
f 2520/2520/2520 2519/2519/2519 2517/2517/2517
f 2523/2523/2523 2522/2522/2522 2521/2521/2521
f 2524/2524/2524 2523/2523/2523 2521/2521/2521
f 2527/2527/2527 2526/2526/2526 2525/2525/2525
f 2528/2528/2528 2527/2527/2527 2525/2525/2525
f 2531/2531/2531 2530/2530/2530 2529/2529/2529
f 2532/2532/2532 2531/2531/2531 2529/2529/2529
f 2535/2535/2535 2534/2534/2534 2533/2533/2533
f 2536/2536/2536 2535/2535/2535 2533/2533/2533
f 2539/2539/2539 2538/2538/2538 2537/2537/2537
f 2540/2540/2540 2539/2539/2539 2537/2537/2537
f 2543/2543/2543 2542/2542/2542 2541/2541/2541
f 2544/2544/2544 2543/2543/2543 2541/2541/2541
