g mesh
v -36.058804 157.06506 -7.0208354
v -46.36131 158.02188 -14.791049
v -36.058804 158.02188 -14.791049
v -25.75629 157.12238 -12.6608715
v -26.446024 157.12238 -12.6608715
v -26.5108 158.02188 -14.791049
v -25.75629 158.02188 -14.791049
v -26.368427 156.41365 -9.252725
v -25.75629 156.41365 -9.252725
v -26.315636 155.93636 -3.9564319
v -25.75629 155.93636 -4.0962586
v -25.75629 155.93636 0
v -36.058804 158.02188 -14.791049
v -32.27944 156.88867 -6.9245014
v -29.426289 156.3971 -3.9260488
v -30.336391 156.5539 -4.882501
v -30.838999 156.90323 -3.8972006
v -31.477596 156.6939 -2.126251
v -30.58944 155.84122 0
v -31.610163 156.36176 0
v -31.930815 156.91696 -2.0833693
v -27.54995 156.08623 0
v -29.580688 155.85118 0
v -26.69977 156.07248 0
v -32.641125 156.6591 0
v -32.39244 157.07819 -2.2098107
v -33.752953 157.68457 -1.944301
v -33.797226 157.51048 0
v -34.184864 157.94498 -1.401816
v -35.166897 159.01218 0
v -35.051865 158.89667 -1.5683017
v -35.545155 159.93317 -2.0715513
v -36.191307 160.13983 -1.0990195
v -36.31214 159.90063 0
v -37.601017 160.51993 -0.7428978
v -37.68833 160.26788 0
v -32.205685 157.3929 -3.869292
v -15.453776 157.12238 -12.6608715
v -25.75629 157.12238 -12.6608715
v -25.75629 158.02188 -14.791049
v -15.453776 158.02188 -14.791049
v -25.75629 156.41365 -9.252725
v -15.453776 156.41365 -9.252725
v -25.75629 155.93636 -4.0962586
v -15.453776 155.93636 -4.0962586
v -25.75629 155.93636 0
v -15.453776 155.93636 0
v -5.151259 157.12238 -12.6608715
v -15.453776 157.12238 -12.6608715
v -15.453776 158.02188 -14.791049
v -5.151259 158.02188 -14.791049
v -15.453776 156.41365 -9.252725
v -5.151259 156.41365 -9.252725
v -15.453776 155.93636 -4.0962586
v -5.151259 155.93636 -4.0962586
v -15.453776 155.93636 0
v -5.151259 155.93636 0
v 5.1512547 157.12238 -12.6608715
v -5.151259 157.12238 -12.6608715
v -5.151259 158.02188 -14.791049
v 5.1512547 158.02188 -14.791049
v -5.151259 156.41365 -9.252725
v 5.1512547 156.41365 -9.252725
v -5.151259 155.93636 -4.0962586
v 5.1512547 155.93636 -4.0962586
v -5.151259 155.93636 0
v 5.1512547 155.93636 0
v 11.083456 155.93636 -6.3198185
v 11.083457 155.93636 -7.758812
v 11.083457 155.93636 -5.865976
v 11.083457 155.93636 -5.4482584
v 11.083457 155.93636 -6.2870727
v 11.083457 155.93636 -7.63583
v 11.083457 155.93636 -8.80142
v 11.083457 155.93636 -4.65536
v 11.083457 155.93636 -4.7097225
v 11.083457 155.93636 -4.0962586
v 11.083457 155.93636 -3.8359082
v 11.083457 155.93636 -2.3155391
v 11.083457 155.93636 -2.0481293
v 11.083457 155.93636 -1.0240647
v 11.083457 155.93636 -1.0240647
v 11.083457 155.93636 0
v 11.083457 155.93636 -8.017786
v 11.083457 155.93636 -9.179025
v 5.1512547 156.41365 -9.252725
v 5.1512547 157.12238 -12.6608715
v 8.11231 157.36649 -12.066708
v 9.696469 155.93636 -8.303651
v 11.083457 155.93636 -9.179025
v 11.083457 155.93636 -8.017786
v 11.083456 155.93636 -6.3198185
v 5.1512547 155.93636 -4.0962586
v 11.083457 155.93636 -4.65536
v 11.083457 155.93636 -4.0962586
v 11.083457 155.93636 -2.0481293
v 5.1512547 155.93636 0
v 11.083457 155.93636 -1.0240647
v 11.083457 155.93636 0
v 5.1512547 158.02188 -14.791049
v 8.090499 158.77074 -14.791049
v 8.924239 158.01099 -12.062312
v -36.058804 157.06506 -7.0208354
v -46.36131 160.4782 0
v -46.36131 160.71431 -0.71369374
v -43.89173 160.16185 -0.5594168
v -43.909412 160.01332 0
v -43.56731 160.15088 -0.49613947
v -41.421654 160.46487 -0.5674104
v -41.457523 160.35745 0
v -39.25062 160.47124 -0.68680793
v -39.268936 160.18991 0
v -37.601017 160.51993 -0.7428978
v -37.68833 160.26788 0
v 29.380451 171.61606 0
v 29.251444 172.63887 -4.17099
v 31.84177 172.94987 -4.17099
v 32.31703 171.29723 0
v 28.226814 171.34366 0
v 28.100586 172.35617 -4.17099
v 26.572622 170.63 0
v 26.499363 171.00899 -4.17099
v 29.678663 172.807 -10.07409
v 31.212002 174.31046 -10.19686
v 30.765854 176.75833 -15.37092
v 33.060734 178.71576 -13.5981245
v 33.789635 176.14848 -10.196613
v 34.877514 179.67174 -13.513083
v 35.173996 177.4412 -10.110655
v 35.38218 180.98032 -13.390196
v 36.45571 178.52602 -10.088591
v 36.66783 183.49936 -13.408754
v 38.30935 181.28085 -10.082431
v 28.708937 175.65732 -15.198736
v 28.521313 172.29054 -10.010813
v 27.015951 175.40048 -15.1696825
v 27.013563 171.1872 -9.85991
v 25.403555 173.8812 -14.948764
v 41.548084 178.66515 -4.17099
v 34.092873 175.26836 -4.17099
v 35.44667 176.6643 -4.17099
v 36.5864 173.4537 0
v 37.85674 177.93591 -4.17099
v 39.86259 174.9561 0
v 35.98565 184.21637 -17.054623
v 34.71919 181.31577 -17.054623
v 28.37571 176.2312 -17.054623
v 30.647943 177.42528 -17.054623
v 33.315136 179.35774 -17.054623
v 34.128414 180.08838 -17.054623
v 33.235928 173.63881 -4.17099
v 34.369434 171.96904 0
v 26.44621 175.87677 -17.054623
v 24.56517 174.45578 -16.520998
v 23.177114 172.96997 -14.502236
v 22.385183 173.57631 -15.9889
v 22.245575 172.3888 -14.329643
v 22.789742 168.72285 -9.249461
v 24.4764 170.24605 -9.662824
v 22.063742 168.91585 -4.17099
v 24.0495 170.19073 -4.17099
v 19.998013 167.09766 -4.17099
v 21.061432 166.87003 -9.249461
v 22.024334 170.45392 -13.965154
v 21.102777 169.19829 -13.69096
v 18.8005 165.52396 -4.17099
v 18.513348 165.2895 -1.3078487
v 19.52196 166.25438 -1.2759137
v 18.47512 164.87221 0
v 19.409851 165.39873 0
v 22.47437 167.87938 0
v 24.408825 169.60385 0
v 17.466785 164.90863 -1.3409854
v 17.644503 165.27142 -4.17099
v 16.289883 163.76979 -3.6426818
v 15.693113 163.76656 -5.8166313
v 15.499451 162.50468 -3.3045409
v 14.776001 162.50468 -1.273418
v 15.847323 163.87486 -1.4424883
v 15.299894 163.48904 0
v 17.175404 164.46361 0
v 14.663834 162.50468 -5.706293
v 16.386902 164.10971 -9.249461
v 18.75514 165.66663 -8.773292
v 18.029493 165.42522 -13.03826
v 16.35696 163.81184 -13.193948
v 14.749173 162.49889 -9.22251
v 14.971681 162.25044 -10.346776
v 13.468865 161.06049 -10.695567
v 14.427795 163.35043 -13.193788
v 13.319752 162.59435 -11.77002
v 14.307741 162.50468 0
v 14.734194 163.92924 -14.791049
v 16.991652 164.55081 -14.791049
v 18.440313 165.57341 -14.791049
v 13.096869 163.4798 -14.791049
v 13.023516 163.15077 -12.844474
v 11.767695 162.14395 -12.545628
v 12.344135 161.55136 -11.532667
v 10.931095 160.39783 -12.2145815
v 11.467316 162.76651 -14.791049
v 10.482042 160.68344 -13.668339
v 10.592887 158.85355 -11.883532
v 8.145779 160.0599 -14.791049
v 9.225338 158.22563 -11.470683
v 10.960327 158.45003 -9.425759
v 9.009882 156.10728 -10.718254
v 10.357511 155.63635 -9.267105
v 8.163425 156.30249 -11.232161
v 7.701707 159.41417 -14.791049
v 6.9234715 156.53235 -14.791049
v 10.080319 161.11824 -14.791049
v 12.941807 160.93518 -10.519707
v 39.86259 174.9561 0
v 41.548084 178.66515 -4.17099
v 42.438217 175.49129 0
v 65.07159 191.60875 -4.17099
v 71.32345 194.48453 -0.065629676
v 66.96636 190.66861 0
v 60.640095 189.53334 -4.17099
v 61.815105 188.37193 0
v 54.90976 186.34473 -4.17099
v 56.663845 183.81708 0
v 50.24807 184.52402 -4.17099
v 51.512592 180.8579 0
v 46.51806 181.37048 -4.17099
v 49.17214 179.54405 0
v 46.61517 177.35155 0
v 39.738792 184.27055 -10.249931
v 50.83775 188.18993 -9.249461
v 38.0393 185.89911 -13.402064
v 43.39673 188.9891 -13.157507
v 40.372917 189.39464 -17.054623
v 43.361454 191.35345 -17.480007
v 47.102818 190.16748 -13.027248
v 37.944298 186.52933 -17.054623
v 50.83775 188.18993 -9.249461
v 42.438217 175.49129 0
v 48.381084 194.45856 -18.445272
v 53.743267 193.03479 -13.219975
v 60.99808 193.71983 -9.249461
v 52.947205 196.52135 -17.896992
v 57.536907 195.3404 -12.1276245
v 57.041405 204.03897 -18.325264
v 63.678505 202.79944 -11.7979145
v 68.26254 202.22 -8.346726
v 61.224895 209.02234 -18.88058
v 67.99019 209.02234 -13.595247
v 75.095825 209.02234 -9.143174
v 60.99808 193.71983 -9.249461
v 60.640095 189.53334 -4.17099
v 19.502851 166.30441 -13.243504
v 19.55775 166.78255 -14.791049
v 21.00858 169.6844 -15.045415
v 21.80517 171.02243 -15.394429
v 21.901281 173.0397 -15.82624
v 60.99808 193.71983 -9.249461
v 65.07621 193.08047 -4.44145
v 65.07159 191.60875 -4.17099
v 65.07159 191.60875 -4.17099
v 60.640095 189.53334 -4.17099
v 60.640095 189.53334 -4.17099
v 66.96636 190.66861 0
v 65.07159 191.60875 -4.17099
v 65.07621 193.08047 -4.44145
v 70.3455 201.33905 -0.02718231
v 77.15999 202.95668 0.10798907
v 65.07621 193.08047 -4.44145
v 83.426384 208.97037 -0.25347224
v 75.49728 203.31256 -4.09603
v 81.13623 209.02234 -4.0630007
v 68.26254 202.22 -8.346726
v 70.3455 201.33905 -0.02718231
v 60.99808 193.71983 -9.249461
v 75.095825 209.02234 -9.143174
v 68.26254 202.22 -8.346726
v 70.3455 201.33905 -0.02718231
v 65.07621 193.08047 -4.44145
v 68.26254 202.22 -8.346726
v 53.743267 193.03479 -13.219975
v 57.536907 195.3404 -12.1276245
v -43.812283 164.78722 -2.4784064
v -41.263268 164.31242 -2.5029159
v -41.898888 163.41185 -0.90517044
v -44.130096 163.88162 -0.8753218
v -43.752026 165.40512 -5.3829565
v -41.142742 164.89915 -5.59566
v -38.990044 162.39871 -1.1750282
v -38.254322 163.43504 -2.327032
v -38.44387 163.85577 -3.9932334
v -38.743027 163.35645 -5.7525864
v -46.36131 165.12074 -5.170253
v -46.36131 164.47166 -2.4538975
v -46.36131 163.56105 -0.845473
v -38.102642 162.33868 -2.036993
v -38.254322 163.43504 -2.327032
v -38.743027 163.35645 -5.7525864
v -38.303127 161.3377 -1.1692449
v -38.990044 162.39871 -1.1750282
v -38.102642 162.33868 -2.036993
v -42.077255 161.83986 -0.7199266
v -42.472054 159.81046 -0.2717806
v -46.36131 160.41534 -0.51209795
v -46.36131 162.22047 -0.8565042
v -38.303127 161.3377 -1.1692449
v -38.407047 160.18277 -0.34540564
v -41.898888 163.41185 -0.90517044
v -38.990044 162.39871 -1.1750282
v -44.130096 163.88162 -0.8753218
v -46.36131 163.56105 -0.845473
v -34.622253 159.0246 -1.2057287
v -33.758698 158.66963 -1.0684559
v -34.343445 157.99146 -0.9173184
v -35.929947 159.63159 -0.7799234
v -33.72891 158.95865 -1.2269361
v -38.102642 162.33868 -2.036993
v -37.900745 163.46269 -6.009991
v -36.8797 163.0636 -6.32203
v -35.4092 162.71306 -5.9857135
v -36.591297 161.85574 -1.8757374
v -38.743027 163.35645 -5.7525864
v -34.95762 162.13281 -4.2140937
v -35.00493 161.81523 -3.2444832
v -38.102642 162.33868 -2.036993
v -36.591297 161.85574 -1.8757374
v -37.147152 161.68753 -1.8670485
v -36.38788 161.42412 -1.7613695
v -36.051403 161.54584 -2.2781477
v -35.00493 161.81523 -3.2444832
v -27.477879 159.64333 -10.259265
v -28.018976 159.12944 -9.501387
v -29.675499 158.7556 -10.192026
v -28.748405 159.67589 -10.7982
v -30.340206 159.09073 -10.76162
v -30.123104 159.66975 -12.017109
v -28.441263 160.66211 -11.920207
v -27.762062 160.65707 -11.689441
v -27.033066 160.3481 -11.441756
v -27.284615 158.5122 -9.622884
v -27.477879 159.64333 -10.259265
v -27.033066 160.3481 -11.441756
v -26.636816 159.13477 -11.41023
v -28.202246 157.70502 -8.603046
v -28.018976 159.12944 -9.501387
v -32.751457 159.16449 -12.11401
v -32.70985 159.03627 -10.725043
v -33.876766 158.09634 -10.687214
v -34.07977 158.31624 -12.050133
v -30.340206 159.09073 -10.76162
v -30.123104 159.66975 -12.017109
v -34.58459 157.51785 -11.93673
v -34.166286 157.36739 -10.591845
v -33.396812 157.05797 -9.8522215
v -33.192245 157.90935 -9.922843
v -30.568588 157.72235 -10.163719
v -33.192245 157.90935 -9.922843
v -29.675499 158.7556 -10.192026
v -30.69264 156.74857 -9.934251
v -33.396812 157.05797 -9.8522215
v -27.052002 157.6919 -8.986503
v -27.116524 156.26826 -9.10856
v -28.438488 156.49202 -8.59003
v -28.202246 157.70502 -8.603046
v -25.97763 158.1841 -11.378699
v -25.939934 156.58932 -11.491566
v -26.636816 159.13477 -11.41023
v -27.284615 158.5122 -9.622884
v -35.929947 159.63159 -0.7799234
v -38.407047 160.18277 -0.34540564
v -38.303127 161.3377 -1.1692449
v -36.119144 160.85391 -0.6268196
v -35.23758 161.07872 -2.3313067
v -33.038692 159.15889 -5.7213593
v -31.867939 159.00311 -6.198581
v -32.933804 158.63307 -2.3625386
v -31.503258 158.47688 -2.663942
v -31.178965 158.50041 -2.8886223
v -33.72891 158.95865 -1.2269361
v -30.606695 158.53696 -5.4761205
v -31.12543 158.79373 -6.3336883
v -34.047596 159.0626 -2.4839041
v -34.622253 159.0246 -1.2057287
v -33.72891 158.95865 -1.2269361
v -35.929947 159.63159 -0.7799234
v -35.23758 161.07872 -2.3313067
v -35.25474 159.8484 -2.469798
v -30.70831 157.1524 -2.3444865
v -30.387726 157.21051 -4.315936
v -30.156805 156.4703 -4.242032
v -30.566254 156.47366 -2.20746
v -29.426348 156.37582 -5.5450654
v -29.715708 157.17746 -5.596916
v -30.356848 157.78317 -5.478917
v -29.568544 156.46028 -6.462451
v -29.974785 157.3848 -6.470197
v -31.074781 157.9554 -6.293629
v -30.606695 158.53696 -5.4761205
v -31.178965 158.50041 -2.8886223
v -31.12468 157.83115 -2.4378471
v -31.518486 157.72389 -2.0244923
v -31.503258 158.47688 -2.663942
v -31.12543 158.79373 -6.3336883
v -35.25474 159.8484 -2.469798
v -35.23758 161.07872 -2.3313067
v -34.704975 160.98157 -2.9109375
v -34.02949 160.27333 -2.8536444
v -35.00493 161.81523 -3.2444832
v -34.583336 161.32765 -5.6982775
v -33.690346 160.48874 -5.709818
v -33.78999 160.26266 -5.1018353
v -34.541286 160.8755 -4.482311
v -35.4092 162.71306 -5.9857135
v -34.02949 160.27333 -2.8536444
v -34.704975 160.98157 -2.9109375
v -35.00493 161.81523 -3.2444832
v -34.95762 162.13281 -4.2140937
v -34.008682 159.67839 -2.8228173
v -34.047596 159.0626 -2.4839041
v -34.622253 159.0246 -1.2057287
v -35.25474 159.8484 -2.469798
v -35.929947 159.63159 -0.7799234
v -34.008682 159.67839 -2.8228173
v -35.25474 159.8484 -2.469798
v -34.02949 160.27333 -2.8536444
v -33.758698 158.66963 -1.0684559
v -33.72891 158.95865 -1.2269361
v -32.933804 158.63307 -2.3625386
v -32.993378 158.05504 -2.0455778
v -32.939194 156.9927 -1.8585603
v -32.993378 158.05504 -2.0455778
v -31.518486 157.72389 -2.0244923
v -31.581814 156.47357 -1.5426551
v -32.939194 156.9927 -1.8585603
v -32.933804 158.63307 -2.3625386
v -31.503258 158.47688 -2.663942
v -30.566254 156.47366 -2.20746
v -30.70831 157.1524 -2.3444865
v -33.758698 158.66963 -1.0684559
v -32.939194 156.9927 -1.8585603
v -34.343445 157.99146 -0.9173184
v -33.038692 159.15889 -5.7213593
v -34.047596 159.0626 -2.4839041
v -34.008682 159.67839 -2.8228173
v -28.202246 157.70502 -8.603046
v -30.568588 157.72235 -10.163719
v -29.675499 158.7556 -10.192026
v -28.018976 159.12944 -9.501387
v -28.438488 156.49202 -8.59003
v -30.69264 156.74857 -9.934251
v -33.690346 160.48874 -5.709818
v -33.038692 159.15889 -5.7213593
v -33.78999 160.26266 -5.1018353
v -34.02949 160.27333 -2.8536444
v -34.008682 159.67839 -2.8228173
v -38.102642 162.33868 -2.036993
v -37.147152 161.68753 -1.8670485
v -38.303127 161.3377 -1.1692449
v -36.38788 161.42412 -1.7613695
v -36.119144 160.85391 -0.6268196
v -38.303127 161.3377 -1.1692449
v -37.147152 161.68753 -1.8670485
v -36.051403 161.54584 -2.2781477
v -35.23758 161.07872 -2.3313067
v -35.00493 161.81523 -3.2444832
v 12.181201 164.45868 -13.308708
v 12.309571 164.45763 -13.220804
v 12.167617 164.47731 -13.226155
v 12.319354 164.44017 -13.155299
v 12.3352785 164.5209 -13.227914
v 12.345167 164.50664 -13.309915
v 12.141453 164.39186 -13.241686
v 12.246996 164.01927 -13.221348
v 12.361655 164.1082 -13.098101
v 12.395244 164.53705 -13.241686
v 12.542988 164.12967 -13.221348
v 12.395244 164.53705 -13.241686
v 12.574812 163.47235 -12.928853
v 12.733555 163.58084 -12.736585
v 12.931187 163.60301 -12.928853
v 12.836456 162.88008 -12.781448
v 13.012163 162.96727 -12.651365
v 13.213581 163.06627 -12.769232
v 13.305482 163.11505 -12.979809
v 12.718843 162.81949 -12.979809
v 12.212487 163.55077 -12.7789135
v 12.215456 163.53824 -12.742249
v 12.146179 163.49666 -12.714304
v 12.204055 163.5399 -12.643743
v 12.210783 163.62468 -12.708352
v 12.212487 163.55077 -12.7789135
v 12.757889 163.12364 -12.932417
v 12.354721 163.32538 -12.6504135
v 12.343911 163.4224 -12.555342
v 12.832302 163.27792 -12.823741
v 12.204055 163.5399 -12.643743
v 12.210783 163.62468 -12.708352
v 12.146179 163.49666 -12.714304
v 12.343911 163.4224 -12.555342
v 12.34822 163.52736 -12.654519
v 12.931268 163.43924 -12.938519
v -0.9705698 157.70715 -12.091931
v -0.85607177 158.57513 -12.113268
v -0.543276 158.57513 -11.892152
v -0.5837947 157.70715 -11.814673
v -0.19853194 158.57513 -12.113268
v -0.19701965 157.50186 -12.091931
v -0.6004915 159.67719 -11.834629
v -0.8834068 159.67719 -12.072372
v -0.2738539 159.67719 -12.072372
v -1.2072823 157.27315 -12.081264
v -0.78134984 157.27315 -11.775935
v -1.4003607 156.83916 -12.070593
v -0.7925402 156.83916 -11.737196
v -0.15438843 156.83916 -12.070593
v -0.8834068 159.67719 -12.072372
v -1.0290005 160.71553 -12.068098
v -0.796325 160.94649 -11.773474
v -0.6004915 159.67719 -11.834629
v -0.47526327 161.08253 -12.068098
v -0.2738539 159.67719 -12.072372
v 0.5065333 160.4605 -11.607295
v 0.57251924 160.42311 -11.583405
v 0.49835593 160.40913 -11.558369
v 0.5264232 160.36156 -11.603621
v 0.016836805 160.31203 -11.696958
v 0.49835593 160.40913 -11.558369
v 0.061432723 160.23643 -11.768864
v -0.60174906 159.95013 -11.954947
v -0.55565506 160.15846 -12.059888
v 0.026860693 160.41455 -11.774998
v -0.5547557 159.7648 -12.05499
v 0.49835593 160.40913 -11.558369
v -1.604727 159.5815 -12.132651
v -1.6496073 159.60674 -12.145691
v -1.6232835 159.6106 -12.099719
v -1.2364957 159.56967 -12.073384
v -1.2223138 159.64659 -12.022828
v -1.6192088 159.64732 -12.129872
v -1.6232835 159.6106 -12.099719
v -1.2021965 159.7167 -12.076922
v -0.9612948 159.42638 -12.029455
v -0.89579636 159.5159 -12.109031
v -0.65492857 159.2662 -12.030949
v -0.7679964 159.12282 -12.135068
v -1.0098772 159.33878 -12.1070385
v -0.5522519 159.39105 -12.140914
v 4.1195736 156.82939 -9.919645
v 3.9207222 157.43782 -9.930524
v 4.032976 157.49266 -9.81773
v 4.2541227 156.873 -9.778195
v 3.877749 158.24873 -9.812048
v 3.7984328 158.24046 -9.902446
v 3.5764349 158.99022 -9.813772
v 3.4817727 158.96518 -9.876957
v 3.486533 159.02328 -9.86576
v 3.4961846 159.00945 -9.926475
v 4.186193 156.1624 -9.908751
v 4.347986 156.21484 -9.738678
v 4.2541227 156.873 -9.778195
v 4.032976 157.49266 -9.81773
v 4.1343293 157.54218 -9.930524
v 4.3886724 156.91661 -9.919645
v 3.9521146 158.30258 -9.903125
v 3.877749 158.24873 -9.812048
v 3.6076326 159.05354 -9.877653
v 3.5764349 158.99022 -9.813772
v 3.575799 159.04532 -9.867391
v 3.5687487 159.00264 -9.861991
v 3.5828586 159.03468 -9.927695
v 3.6076326 159.05354 -9.877653
v 4.347986 156.21484 -9.738678
v 4.5097804 156.26729 -9.908751
v 3.4961846 159.00945 -9.926475
v 3.5687487 159.00264 -9.861991
v 3.486533 159.02328 -9.86576
v 3.5764349 158.99022 -9.813772
v 3.5828586 159.03468 -9.927695
v 4.3264513 158.2207 -9.978702
v 4.317971 158.21649 -9.951727
v 4.2766147 158.25919 -9.931179
v 4.3172593 158.22493 -9.879261
v 4.3791203 158.23428 -9.926792
v 4.3264513 158.2207 -9.978702
v 3.9225214 157.71591 -9.922267
v 4.1529503 157.95444 -9.884174
v 4.223424 157.94066 -9.81423
v 4.0144215 157.6297 -9.842314
v 4.296149 157.9145 -9.887189
v 4.1058364 157.52469 -9.926752
v 4.3791203 158.23428 -9.926792
v 4.3172593 158.22493 -9.879261
v 4.2766147 158.25919 -9.931179
v 6.1246543 167.32457 -13.066918
v 6.150692 167.37555 -13.066918
v 6.1601586 167.33235 -13.03057
v 6.1297283 165.53142 -13.058797
v 6.1971335 165.53142 -12.991391
v 6.1601586 167.33235 -13.03057
v 6.150692 167.37555 -13.066918
v 6.1956654 167.34013 -13.066918
v 6.1971335 165.53142 -12.991391
v 6.2645383 165.53142 -13.058797
v 5.884077 155.93636 -13.167889
v 6.037798 158.93489 -13.213329
v 6.273246 158.93489 -12.977881
v 6.2390795 155.93636 -12.812884
v 6.1724286 161.16031 -12.94629
v 5.978595 161.16031 -13.140124
v 6.2390795 155.93636 -12.812884
v 6.273246 158.93489 -12.977881
v 6.508692 158.93489 -13.213329
v 6.594084 155.93636 -13.167889
v 6.366263 161.16031 -13.140124
v 6.1724286 161.16031 -12.94629
v 5.978595 161.16031 -13.140124
v 6.0068784 163.74158 -13.066918
v 6.123971 163.74158 -12.949829
v 6.1724286 161.16031 -12.94629
v 6.1971335 165.53142 -12.991391
v 6.1297283 165.53142 -13.058797
v 6.1724286 161.16031 -12.94629
v 6.123971 163.74158 -12.949829
v 6.2410617 163.74158 -13.066918
v 6.366263 161.16031 -13.140124
v 6.2645383 165.53142 -13.058797
v 6.1971335 165.53142 -12.991391
v 7.4808507 159.79184 -12.673061
v 7.5447764 159.72815 -12.648208
v 7.46445 159.72299 -12.621753
v 7.4870105 159.65416 -12.670664
v 6.9939146 159.70631 -12.77071
v 7.0297613 159.59692 -12.848431
v 6.201648 159.26761 -13.044747
v 6.2373724 159.41754 -13.156489
v 7.019976 159.8157 -12.852234
v 6.250783 159.01443 -13.151274
v 7.409252 163.56659 -13.365476
v 7.464156 163.50558 -13.386265
v 7.42244 163.51318 -13.3129835
v 7.42244 163.51318 -13.3129835
v 7.397555 163.4598 -13.361049
v 6.683357 163.49323 -12.999304
v 6.687213 163.41597 -13.092112
v 6.152459 163.21199 -12.969029
v 6.683357 163.49323 -12.999304
v 6.1024747 163.31787 -13.086124
v 6.619002 163.57048 -13.066286
v 6.202443 163.06668 -13.086124
v 7.42244 163.51318 -13.3129835
v 5.1788416 162.9864 -12.766122
v 5.1277075 163.05084 -12.746114
v 5.207254 163.03932 -12.719504
v 5.593973 162.98352 -12.928554
v 5.6453686 163.06613 -12.856929
v 6.145256 162.80453 -13.086124
v 6.1514597 162.97678 -12.969029
v 5.207254 163.03932 -12.719504
v 5.1277075 163.05084 -12.746114
v 5.196485 163.09224 -12.773025
v 5.6453686 163.06613 -12.856929
v 5.6345086 163.14874 -12.944414
v 6.1514597 162.97678 -12.969029
v 6.204918 163.05058 -13.086124
v 4.652011 160.64142 -13.049016
v 4.6362414 160.72404 -13.039272
v 4.6942763 160.67844 -12.997784
v 4.6942763 160.67844 -12.997784
v 4.719884 160.72476 -13.052377
v 5.5361304 160.3469 -13.047884
v 5.542395 160.4295 -13.1358185
v 6.16752 160.25204 -13.0554285
v 6.1859508 160.041 -13.176078
v 5.4995575 160.26428 -13.128097
v 6.193273 160.37392 -13.164538
v 4.6942763 160.67844 -12.997784
v 5.403691 159.05528 -13.70743
v 5.357026 159.13922 -13.762573
v 5.3632307 159.13022 -13.657724
v 5.678855 158.80615 -13.383379
v 5.614569 158.92522 -13.3043995
v 6.2645245 158.65695 -13.302824
v 6.2423935 158.91536 -13.045542
v 5.3632307 159.13022 -13.657724
v 5.357026 159.13922 -13.762573
v 5.426112 159.19559 -13.697569
v 5.614569 158.92522 -13.3043995
v 5.714484 159.02908 -13.367708
v 6.2423935 158.91536 -13.045542
v 6.350926 159.06606 -13.234035
v 4.702312 162.22333 -13.70348
v 4.683887 162.30595 -13.701455
v 4.71848 162.26035 -13.639061
v 4.71848 162.26035 -13.639061
v 4.76505 162.30667 -13.677368
v 5.500267 161.9288 -13.322776
v 5.543687 162.01141 -13.399498
v 6.0857463 161.81523 -13.074505
v 6.132432 161.6713 -13.143417
v 5.5016847 161.84619 -13.410921
v 6.133565 161.89835 -13.134167
v 4.71848 162.26035 -13.639061
v 6.9481616 164.54831 -12.767191
v 6.989744 164.516 -12.751024
v 6.9374924 164.5134 -12.733813
v 6.6483645 164.5604 -12.883741
v 6.631411 164.50493 -12.83071
v 6.139282 164.35852 -13.081658
v 6.116046 164.28249 -13.008968
v 6.9374924 164.5134 -12.733813
v 6.989744 164.516 -12.751024
v 6.952168 164.4785 -12.765631
v 6.631411 164.50493 -12.83071
v 6.6547294 164.44948 -12.881269
v 6.116046 164.28249 -13.008968
v 6.1370883 164.15413 -13.078266
v 6.5863843 165.04518 -12.802078
v 6.6253705 165.02911 -12.789132
v 6.5855875 165.01596 -12.775349
v 6.3995914 164.86256 -12.895421
v 6.3983264 164.81613 -12.85295
v 6.160941 164.72624 -13.053925
v 6.1592083 164.6626 -12.99571
v 6.5855875 165.01596 -12.775349
v 6.6253705 165.02911 -12.789132
v 6.6043577 164.99214 -12.80083
v 6.3983264 164.81613 -12.85295
v 6.4281487 164.77829 -12.893437
v 6.1592083 164.6626 -12.99571
v 6.2112455 164.57031 -13.051206
v 5.626322 164.60788 -13.036195
v 5.5963926 164.64586 -13.048491
v 5.6194463 164.63907 -13.004769
v 5.8161182 164.50966 -12.99486
v 5.6194463 164.63907 -13.004769
v 5.636649 164.67026 -13.031953
v 5.8332067 164.55833 -12.945805
v 6.1451526 164.38945 -13.041988
v 6.1627316 164.49094 -12.972992
v 5.8416724 164.60701 -12.997058
v 6.180311 164.53444 -13.041988
v 5.6194463 164.63907 -13.004769
v 5.870558 165.70625 -13.047705
v 5.852463 165.7292 -13.055138
v 5.866401 165.7251 -13.028704
v 5.9853086 165.64687 -13.022714
v 5.866401 165.7251 -13.028704
v 5.8768015 165.74396 -13.04514
v 5.9956408 165.67628 -12.9930525
v 5.866401 165.7251 -13.028704
v 6.000761 165.70572 -13.024041
v 6.1948743 165.63554 -13.009492
v 6.1842456 165.57417 -13.0512085
v 5.9956408 165.67628 -12.9930525
v 6.1948743 165.63554 -13.009492
v 6.205504 165.66183 -13.0512085
v 6.5151196 165.59363 -13.0159
v 6.543954 165.59773 -13.023747
v 6.5261736 165.57477 -13.031904
v 6.4061594 165.54482 -13.030736
v 6.4125204 165.51538 -13.06149
v 6.200301 165.50407 -12.999766
v 6.212599 165.4427 -13.041022
v 6.5200377 165.61249 -13.034718
v 6.543954 165.59773 -13.023747
v 6.5151196 165.59363 -13.0159
v 6.3970284 165.57425 -13.060786
v 6.4061594 165.54482 -13.030736
v 6.191359 165.53036 -13.041876
v 6.200301 165.50407 -12.999766
v 6.6725316 165.89012 -13.1504135
v 6.6807556 165.88298 -13.178546
v 6.660556 165.86848 -13.1614685
v 6.6627154 165.9057 -13.170284
v 6.4090104 165.86584 -13.026477
v 6.4094267 165.8348 -13.056286
v 6.227352 165.81851 -13.032106
v 6.239648 165.74846 -13.073364
v 6.218408 165.84854 -13.074217
v 6.4001203 165.89496 -13.056917
v 6.4355917 166.50735 -13.1504135
v 6.445396 166.50261 -13.178546
v 6.429685 166.48334 -13.1614685
v 6.4220476 166.51984 -13.170284
v 6.187561 166.41508 -13.026477
v 6.196072 166.38522 -13.056286
v 6.1713758 166.44086 -13.056917
v 6.017868 166.67944 -13.068347
v 6.012626 166.689 -13.0964775
v 6.0365973 166.69559 -13.0794
v 6.0216804 166.66142 -13.088214
v 6.175031 166.63 -13.026477
v 6.1924906 166.65567 -13.056286
v 6.165622 166.60106 -13.056917
v 5.973115 166.21071 -13.0529785
v 5.961542 166.22157 -13.07863
v 5.990325 166.21405 -13.073628
v 5.958484 166.19351 -13.06796
v 6.1865807 166.01407 -13.018896
v 5.973115 166.21071 -13.0529785
v 6.195707 166.03297 -13.056472
v 6.1570826 165.98953 -13.038409
v 5.973115 166.21071 -13.0529785
v 6.9175096 162.2654 -13.1197405
v 6.9624314 162.29681 -13.133626
v 6.953989 162.26979 -13.084676
v 6.78231 161.89534 -13.056636
v 6.826128 161.85753 -13.002803
v 6.4561925 161.78432 -13.092468
v 6.4944005 161.70857 -13.009859
v 6.137379 161.65176 -13.122314
v 6.199402 161.48839 -13.01145
v 6.527627 161.61523 -13.094593
v 6.2493834 161.34308 -13.128541
v 6.861656 161.8167 -13.060403
v 6.826128 161.85753 -13.002803
v 6.9873633 162.24893 -13.116783
v 6.953989 162.26979 -13.084676
v 14.550132 172.06769 -12.776525
v 14.574517 172.115 -12.776525
v 14.590864 172.0749 -12.733862
v 14.773404 170.40308 -12.7669935
v 14.852518 170.40308 -12.687879
v 14.590864 172.0749 -12.733862
v 14.574517 172.115 -12.776525
v 14.631595 172.08214 -12.776525
v 14.852518 170.40308 -12.687879
v 14.931632 170.40308 -12.7669935
v 14.97947 162.15399 -12.895031
v 14.984924 164.26889 -12.948368
v 15.257133 164.31609 -12.672023
v 15.466849 162.33582 -12.478363
v 15.009048 165.96585 -12.634942
v 14.783052 165.94237 -12.862446
v 15.466849 162.33582 -12.478363
v 15.257133 164.31609 -12.672023
v 15.529341 164.36328 -12.948368
v 15.954228 162.51764 -12.895031
v 15.235047 165.98933 -12.862446
v 15.009048 165.96585 -12.634942
v 14.783052 165.94237 -12.862446
v 14.748893 168.73996 -12.776525
v 14.886236 168.74252 -12.639094
v 15.009048 165.96585 -12.634942
v 14.852518 170.40308 -12.687879
v 14.773404 170.40308 -12.7669935
v 15.009048 165.96585 -12.634942
v 14.886236 168.74252 -12.639094
v 15.0235815 168.74507 -12.776525
v 15.235047 165.98933 -12.862446
v 14.931632 170.40308 -12.7669935
v 14.852518 170.40308 -12.687879
v 16.46928 166.4058 -12.314249
v 16.548195 166.3697 -12.285082
v 16.454767 166.35748 -12.254028
v 15.929455 166.37315 -12.5245495
v 15.90661 166.29463 -12.428864
v 15.04441 166.00424 -12.881653
v 15.013659 165.89204 -12.750502
v 16.454767 166.35748 -12.254028
v 16.548195 166.3697 -12.285082
v 16.485739 166.31343 -12.31144
v 15.90661 166.29463 -12.428864
v 15.956027 166.22293 -12.520084
v 15.013659 165.89204 -12.750502
v 15.089286 165.71637 -12.875533
v 16.377102 168.61441 -13.126945
v 16.440128 168.56161 -13.151341
v 16.391376 168.5672 -13.06533
v 15.450392 168.5968 -12.775783
v 15.524197 168.5281 -12.6971655
v 14.839299 168.34863 -12.799064
v 14.895674 168.25221 -12.6616335
v 16.391376 168.5672 -13.06533
v 16.440128 168.56161 -13.151341
v 16.361002 168.51889 -13.121748
v 15.524197 168.5281 -12.6971655
v 15.52705 168.4578 -12.806092
v 14.895674 168.25221 -12.6616335
v 14.951205 168.11961 -12.799064
v 13.74962 168.00119 -12.423477
v 13.690976 168.06056 -12.399994
v 13.783992 168.05286 -12.368763
v 14.23619 168.01639 -12.614123
v 14.298138 168.09633 -12.530057
v 14.878636 167.87433 -12.799064
v 14.88954 168.03423 -12.6616335
v 13.783992 168.05286 -12.368763
v 13.690976 168.06056 -12.399994
v 13.772439 168.10287 -12.43158
v 14.298138 168.09633 -12.530057
v 14.287106 168.17365 -12.632739
v 14.88954 168.03423 -12.6616335
v 14.953769 168.10483 -12.799064
v 13.209146 165.68336 -12.755511
v 13.182356 165.76337 -12.74408
v 13.254645 165.7253 -12.69538
v 14.2335205 165.42967 -12.848328
v 14.268062 165.51357 -12.754186
v 15.0529 165.32076 -12.904644
v 15.01175 165.51315 -12.763036
v 13.254645 165.7253 -12.69538
v 13.182356 165.76337 -12.74408
v 13.2797985 165.77425 -12.759457
v 14.268062 165.51357 -12.754186
v 14.267345 165.59311 -12.857392
v 15.01175 165.51315 -12.763036
v 15.030331 165.62941 -12.891102
v 16.276634 164.80913 -12.986487
v 16.403076 164.80136 -13.002386
v 16.32495 164.75844 -12.907641
v 15.703128 164.69778 -12.893799
v 15.780154 164.61511 -12.768519
v 15.216518 164.44319 -12.938854
v 15.284054 164.27557 -12.719103
v 16.32495 164.75844 -12.907641
v 16.403076 164.80136 -13.002386
v 16.352468 164.70442 -12.994649
v 15.780154 164.61511 -12.768519
v 15.824128 164.52727 -12.906769
v 15.284054 164.27557 -12.719103
v 15.278199 164.08849 -12.943381
v 14.265961 165.10733 -12.276502
v 14.175729 165.17664 -12.258733
v 14.287433 165.18265 -12.207109
v 14.772239 164.9393 -12.381885
v 14.806593 165.05713 -12.27163
v 15.189009 164.86018 -12.943431
v 15.241955 165.1089 -12.781923
v 14.287433 165.18265 -12.207109
v 14.175729 165.17664 -12.258733
v 14.274731 165.24413 -12.294247
v 14.806593 165.05713 -12.27163
v 14.786658 165.1528 -12.410087
v 15.241955 165.1089 -12.781923
v 15.268768 165.25272 -12.99477
v 13.176003 167.2424 -13.52366
v 13.156045 167.32117 -13.521285
v 13.195674 167.27924 -13.448052
v 14.104737 166.93771 -13.1802845
v 14.104767 167.01567 -13.076824
v 14.839732 166.82304 -12.866313
v 14.788089 166.95294 -12.785428
v 13.195674 167.27924 -13.448052
v 13.156045 167.32117 -13.521285
v 13.2511425 167.32692 -13.493011
v 14.104767 167.01567 -13.076824
v 14.157313 167.0968 -13.166876
v 14.788089 166.95294 -12.785428
v 14.8458395 167.03365 -12.8554535
v 16.360859 163.93878 -14.231085
v 16.408075 163.8762 -14.243653
v 16.407576 163.91954 -14.161211
v 15.992803 164.14673 -13.903631
v 16.064774 164.11299 -13.792604
v 15.348713 164.26308 -13.108934
v 15.443365 164.21523 -12.956753
v 16.407576 163.91954 -14.161211
v 16.408075 163.8762 -14.243653
v 16.354633 163.85587 -14.160724
v 16.064774 164.11299 -13.792604
v 15.980482 164.01157 -13.791835
v 15.443365 164.21523 -12.956753
v 15.3126745 164.00644 -12.899528
v 15.853147 169.49045 -12.424731
v 15.905868 169.46046 -12.405757
v 15.8445215 169.4581 -12.385557
v 15.499809 169.50168 -12.561529
v 15.485088 169.45035 -12.499286
v 14.904397 169.31448 -12.793824
v 14.875524 169.24387 -12.708509
v 15.8445215 169.4581 -12.385557
v 15.905868 169.46046 -12.405757
v 15.860981 169.42654 -12.422902
v 15.485088 169.45035 -12.499286
v 15.511261 169.39977 -12.558624
v 14.875524 169.24387 -12.708509
v 14.910323 169.12512 -12.789843
v 15.368312 169.95169 -12.465681
v 15.416017 169.93678 -12.450483
v 15.370917 169.92458 -12.434308
v 15.171202 169.78218 -12.575235
v 15.175345 169.73907 -12.525388
v 14.9076185 169.65564 -12.7612705
v 14.913296 169.59656 -12.6929455
v 15.370917 169.92458 -12.434308
v 15.416017 169.93678 -12.450483
v 15.395836 169.90247 -12.464215
v 15.175345 169.73907 -12.525388
v 15.214933 169.70395 -12.57291
v 14.913296 169.59656 -12.6929455
v 14.985557 169.51088 -12.758082
v 14.294477 169.54575 -12.740463
v 14.2547455 169.58101 -12.754895
v 14.282627 169.5747 -12.703578
v 14.528281 169.45451 -12.691948
v 14.543303 169.49976 -12.634374
v 14.911935 169.34317 -12.747264
v 14.93471 169.43726 -12.666282
v 14.282627 169.5747 -12.703578
v 14.2547455 169.58101 -12.754895
v 14.299039 169.60365 -12.735486
v 14.543303 169.49976 -12.634374
v 14.547341 169.54494 -12.694529
v 14.93471 169.43726 -12.666282
v 14.953597 169.47757 -12.747264
v 14.448025 170.56538 -12.753973
v 14.424004 170.5867 -12.762697
v 14.440862 170.58289 -12.731671
v 14.589908 170.51025 -12.72464
v 14.598467 170.53757 -12.689828
v 14.83221 170.44278 -12.758083
v 14.837246 170.49974 -12.709121
v 14.440862 170.58289 -12.731671
v 14.424004 170.5867 -12.762697
v 14.450784 170.60039 -12.750961
v 14.598467 170.53757 -12.689828
v 14.600909 170.5649 -12.7262
v 14.837246 170.49974 -12.709121
v 14.846532 170.52415 -12.758083
v 15.218201 170.46083 -12.716642
v 15.251548 170.46465 -12.725857
v 15.233459 170.44333 -12.735427
v 15.0962305 170.41551 -12.734053
v 15.107259 170.3882 -12.770155
v 14.8595495 170.3777 -12.697707
v 14.88142 170.32072 -12.74613
v 15.221688 170.47833 -12.73873
v 15.251548 170.46465 -12.725857
v 15.218201 170.46083 -12.716642
v 15.081944 170.44284 -12.769326
v 15.0962305 170.41551 -12.734053
v 14.845867 170.4021 -12.747133
v 14.8595495 170.3777 -12.697707
v 15.3670225 170.73607 -12.874523
v 15.377542 170.72945 -12.907541
v 15.355591 170.71599 -12.887499
v 15.060669 170.71353 -12.729058
v 15.3670225 170.73607 -12.874523
v 15.064919 170.68471 -12.764047
v 14.853191 170.6696 -12.735665
v 14.876116 170.60455 -12.784088
v 14.839056 170.69746 -12.785091
v 15.046707 170.74055 -12.764785
v 15.353614 170.75053 -12.897844
v 15.377542 170.72945 -12.907541
v 15.014126 171.30905 -12.874523
v 15.026206 171.30466 -12.907541
v 15.010101 171.28676 -12.887499
v 14.734192 171.2234 -12.729058
v 14.747798 171.19568 -12.764047
v 14.996714 171.32063 -12.897844
v 15.026206 171.30466 -12.907541
v 15.014126 171.30905 -12.874523
v 14.7120695 171.24733 -12.764785
v 14.734192 171.2234 -12.729058
v 14.502986 171.46881 -12.7782
v 14.495672 171.47766 -12.811218
v 14.523006 171.4838 -12.791174
v 14.693438 171.42291 -12.729058
v 14.710817 171.44675 -12.764047
v 14.509639 171.45209 -12.80152
v 14.495672 171.47766 -12.811218
v 14.502986 171.46881 -12.7782
v 14.685901 171.39604 -12.764785
v 14.693438 171.42291 -12.729058
v 14.507263 171.03368 -12.760162
v 14.492363 171.04376 -12.790271
v 14.527056 171.03679 -12.7844
v 14.49217 171.01772 -12.777747
v 14.781636 170.85114 -12.7201605
v 14.749991 170.82835 -12.743062
v 14.781636 170.85114 -12.7201605
v 14.781636 170.85114 -12.7201605
v 14.790058 170.86868 -12.764262
v 15.771986 167.42369 -12.838523
v 15.825301 167.45494 -12.85482
v 15.8148155 167.42998 -12.797367
v 15.605565 167.07881 -12.764457
v 15.8148155 167.42998 -12.797367
v 15.853457 167.41325 -12.835048
v 15.65606 167.04773 -12.701269
v 15.8148155 167.42998 -12.797367
v 15.696778 167.01337 -12.768877
v 15.264374 166.88628 -12.709553
v 15.305882 166.80368 -12.809005
v 14.933459 166.65948 -12.711421
v 15.005459 166.53 -12.848851
v 14.845591 166.80534 -12.841544
v 15.264374 166.88628 -12.709553
v 15.221252 166.95279 -12.806511
v 15.65606 167.04773 -12.701269
v 15.8148155 167.42998 -12.797367
v 23.876015 170.51036 -9.313335
v 23.385159 170.82184 -9.323508
v 23.4627 170.90913 -9.218082
v 23.963799 170.60919 -9.181142
v 22.884378 171.49184 -9.213733
v 22.813246 171.47052 -9.298469
v 22.500141 172.29501 -9.213547
v 22.417856 172.25548 -9.272941
v 22.411882 172.3096 -9.262265
v 22.423317 172.29886 -9.319022
v 24.370634 169.95665 -9.30316
v 24.476198 170.0755 -9.144201
v 23.963799 170.60919 -9.181142
v 23.4627 170.90913 -9.218082
v 23.532711 171.02513 -9.323508
v 24.1123 170.70802 -9.313335
v 22.943233 171.55482 -9.298469
v 22.884378 171.49184 -9.213733
v 22.51765 172.3589 -9.272941
v 22.500141 172.29501 -9.213547
v 22.489882 172.34567 -9.263472
v 24.476198 170.0755 -9.144201
v 24.581757 170.19435 -9.30316
v 22.500141 172.29501 -9.213547
v 22.490978 172.30524 -9.258587
v 22.498365 172.3374 -9.319851
v 22.51765 172.3589 -9.272941
v 22.423317 172.29886 -9.319022
v 22.490978 172.30524 -9.258587
v 22.411882 172.3096 -9.262265
v 22.500141 172.29501 -9.213547
v 22.498365 172.3374 -9.319851
v 23.472126 171.74849 -9.368534
v 23.466295 171.74184 -9.343326
v 23.415375 171.76404 -9.324113
v 23.462677 171.74887 -9.275599
v 23.51283 171.77895 -9.320021
v 23.472126 171.74849 -9.368534
v 23.287878 171.06287 -9.315784
v 23.402283 171.35094 -9.280185
v 23.468103 171.36407 -9.214818
v 23.397959 171.021 -9.241065
v 23.540257 171.36731 -9.283008
v 23.514294 170.96272 -9.319981
v 23.51283 171.77895 -9.320021
v 23.462677 171.74887 -9.275599
v 23.415375 171.76404 -9.324113
v -25.206377 160.20467 -13.221855
v -25.256617 162.96037 -13.154717
v -25.149231 162.96037 -13.047337
v -25.028616 160.20467 -13.044091
v -24.984463 164.6018 -13.085453
v -25.046278 164.6018 -13.14727
v -24.984463 164.6018 -13.085453
v -24.984463 164.6018 -13.085453
v -24.922647 164.6018 -13.14727
v -25.149231 162.96037 -13.047337
v -25.04185 162.96037 -13.154717
v -25.028616 160.20467 -13.044091
v -24.850851 160.20467 -13.221855
v -25.046278 164.6018 -13.14727
v -25.026148 164.6607 -13.146384
v -24.984463 164.6018 -13.085453
v -24.984463 164.6018 -13.085453
v -25.026148 164.6607 -13.146384
v -24.922647 164.6018 -13.14727
v -24.243452 160.9573 -12.801428
v -24.176216 160.92711 -12.777001
v -24.247179 160.90921 -12.751069
v -24.660753 160.87183 -12.957905
v -24.666677 160.79541 -12.877891
v -25.005476 160.64557 -13.23686
v -25.038239 160.53839 -13.134384
v -24.247179 160.90921 -12.751069
v -24.176216 160.92711 -12.777001
v -24.216589 160.86278 -12.793143
v -24.666677 160.79541 -12.877891
v -24.618069 160.72163 -12.944743
v -25.038239 160.53839 -13.134384
v -24.993181 160.3574 -13.232079
v -25.195456 162.51897 -13.166973
v -24.767399 162.82742 -13.167065
v -24.696934 162.7707 -13.103084
v -24.696934 162.7707 -13.103084
v -25.133286 162.43652 -13.055616
v -24.57443 162.869 -13.4367895
v -24.696934 162.7707 -13.103084
v -24.682034 162.69722 -13.1846485
v -25.066319 162.30754 -13.1569605
v -24.57443 162.869 -13.4367895
v -25.724741 162.24059 -12.871544
v -25.73229 162.31209 -12.84222
v -25.67988 162.25873 -12.821338
v -25.656925 162.31139 -12.860882
v -25.40428 162.1737 -12.947959
v -25.67988 162.25873 -12.821338
v -25.36362 162.25337 -13.013338
v -25.118376 162.01868 -13.0716505
v -25.201624 161.91023 -13.20517
v -25.031086 162.0629 -13.166199
v -25.47973 162.14883 -13.025183
v -25.40428 162.1737 -12.947959
v -25.67988 162.25873 -12.821338
v -26.50915 160.11728 -13.138298
v -26.523615 160.19305 -13.129365
v -26.470392 160.15123 -13.091315
v -26.470392 160.15123 -13.091315
v -26.446907 160.19371 -13.141381
v -25.69834 159.84718 -13.137261
v -25.692596 159.92294 -13.217905
v -25.119307 159.7602 -13.144178
v -25.102404 159.56665 -13.254826
v -25.731884 159.77142 -13.210822
v -25.09569 159.87196 -13.244246
v -26.470392 160.15123 -13.091315
v -24.189003 159.6948 -13.318771
v -24.09105 159.66597 -13.331197
v -24.15529 159.63478 -13.257168
v -24.644722 159.67502 -13.246349
v -24.591156 159.57968 -13.148464
v -25.044 159.50214 -13.281556
v -25.00455 159.32663 -13.10985
v -24.15529 159.63478 -13.257168
v -24.09105 159.66597 -13.331197
v -24.138044 159.57468 -13.32515
v -24.591156 159.57968 -13.148464
v -24.563755 159.48416 -13.256484
v -25.00455 159.32663 -13.10985
v -25.022684 159.15111 -13.285091
v -25.238272 158.55225 -13.288989
v -25.206377 160.20467 -13.221855
v -25.028616 160.20467 -13.044091
v -25.022348 158.55225 -13.073064
v -24.850851 160.20467 -13.221855
v -24.806425 158.55225 -13.288989
v -24.971636 156.82185 -12.938343
v -24.54185 156.82185 -13.262827
v -25.401423 156.82185 -13.262827
v -25.082758 161.06175 -13.224874
v -25.661207 161.22217 -13.470196
v -25.662506 161.29793 -13.38936
v -25.662506 161.29793 -13.38936
v -25.125574 161.19376 -13.161675
v -25.749018 161.36752 -13.717275
v -25.622688 161.37369 -13.459721
v -25.662506 161.29793 -13.38936
v -25.08172 161.26999 -13.216389
v -24.793016 163.74776 -13.054623
v -24.741169 163.72815 -13.03741
v -24.793009 163.71048 -13.018206
v -24.768026 163.67851 -13.050935
v -25.106686 163.60515 -13.114027
v -24.793009 163.71048 -13.018206
v -25.066994 163.55438 -13.166033
v -25.1067 163.6644 -13.171894
v -24.793009 163.71048 -13.018206
v -24.693972 161.42929 -12.9118395
v -24.658216 161.41455 -12.899964
v -24.694702 161.40248 -12.887325
v -24.865274 161.26181 -12.997438
v -24.866434 161.21922 -12.958492
v -25.084137 161.13681 -13.142798
v -25.085728 161.07843 -13.089414
v -24.694702 161.40248 -12.887325
v -24.658216 161.41455 -12.899964
v -24.677486 161.38065 -12.910693
v -24.866434 161.21922 -12.958492
v -24.839087 161.18452 -12.995623
v -25.085728 161.07843 -13.089414
v -25.038002 160.9938 -13.140306
v -25.407557 163.027 -13.170295
v -25.442064 163.07077 -13.184471
v -25.415483 163.06294 -13.134061
v -25.18872 162.91373 -13.122635
v -25.415483 163.06294 -13.134061
v -25.395649 163.0989 -13.165403
v -25.169014 162.96986 -13.066074
v -25.415483 163.06294 -13.134061
v -25.159254 163.02599 -13.125171
v -25.196201 164.12543 -13.143363
v -25.2176 164.15259 -13.152152
v -25.201118 164.14774 -13.1208935
v -25.06051 164.0552 -13.1138115
v -25.201118 164.14774 -13.1208935
v -25.188818 164.17003 -13.14033
v -25.04829 164.09001 -13.078737
v -25.201118 164.14774 -13.1208935
v -25.042236 164.12482 -13.11538
v -24.846321 164.23627 -13.098905
v -24.808466 164.24165 -13.109211
v -24.831812 164.2115 -13.119919
v -24.839869 164.26102 -13.123611
v -24.989376 164.17218 -13.118382
v -25.001368 164.21082 -13.157837
v -24.989376 164.17218 -13.118382
v -24.989376 164.17218 -13.118382
v -24.981026 164.13354 -13.158763
v -30.81721 166.19647 -8.971372
v -30.7831 166.24089 -8.971371
v -30.78167 166.19765 -8.935809
v -30.76903 165.37852 -8.963426
v -30.70309 165.37852 -8.897479
v -30.78167 166.19765 -8.935809
v -30.7831 166.24089 -8.971371
v -30.746128 166.19884 -8.971371
v -30.70309 165.37852 -8.897479
v -30.63714 165.37852 -8.963426
v -31.10867 157.62466 -9.136417
v -31.083858 158.92484 -9.114612
v -30.761946 158.92484 -8.884262
v -30.676281 157.62466 -8.759515
v -30.795237 160.68762 -8.853355
v -31.033722 160.68762 -9.042994
v -31.152998 156.9644 -9.159741
v -30.553087 157.18051 -8.6963825
v -30.428976 156.73637 -8.39598
v -30.676281 157.62466 -8.759515
v -30.761946 158.92484 -8.884262
v -30.449486 158.92484 -9.114612
v -30.27439 157.79596 -9.136417
v -30.556753 160.68762 -9.042994
v -30.795237 160.68762 -8.853355
v -30.553087 157.18051 -8.6963825
v -29.99132 157.14719 -9.14808
v -30.428976 156.73637 -8.39598
v -29.834719 156.66971 -9.159741
v -31.033722 160.68762 -9.042994
v -30.968647 163.62744 -8.971372
v -30.854092 163.62744 -8.856814
v -30.795237 160.68762 -8.853355
v -30.70309 165.37852 -8.897479
v -30.76903 165.37852 -8.963426
v -30.795237 160.68762 -8.853355
v -30.854092 163.62744 -8.856814
v -30.739532 163.62744 -8.971372
v -30.556753 160.68762 -9.042994
v -30.63714 165.37852 -8.963426
v -30.70309 165.37852 -8.897479
v -29.781254 160.76114 -8.66714
v -29.701195 160.76399 -8.646071
v -29.762926 160.73146 -8.601441
v -29.71763 160.68346 -8.635767
v -30.144327 160.4355 -8.617526
v -29.762926 160.73146 -8.601441
v -30.072357 160.35924 -8.672064
v -30.788778 160.25032 -8.949679
v -30.144327 160.4355 -8.617526
v -30.740707 160.05724 -9.0539
v -30.75383 160.36465 -9.059003
v -30.144327 160.4355 -8.617526
v -30.173454 160.48267 -8.721914
v -29.762926 160.73146 -8.601441
v -30.047886 163.53273 -9.263463
v -29.994164 163.47305 -9.283802
v -30.034977 163.4805 -9.212105
v -30.059328 163.42825 -9.259131
v -30.317495 163.38446 -8.905221
v -30.380455 163.46005 -8.970752
v -30.8858 163.2129 -8.99016
v -30.317495 163.38446 -8.905221
v -30.317495 163.38446 -8.905221
v -30.836905 163.10931 -8.875602
v -30.034977 163.4805 -9.212105
v -30.317495 163.38446 -8.905221
v -30.313723 163.30888 -8.996017
v -30.787994 162.96715 -8.99016
v -31.789438 162.88863 -8.677087
v -31.839468 162.95168 -8.657514
v -31.761642 162.9404 -8.631479
v -31.383291 162.8858 -8.836001
v -31.333008 162.96663 -8.765926
v -30.843946 162.7107 -8.99016
v -30.837883 162.87921 -8.875602
v -31.761642 162.9404 -8.631479
v -31.839468 162.95168 -8.657514
v -31.772177 162.99217 -8.683839
v -31.333008 162.96663 -8.765926
v -31.343632 163.04744 -8.851519
v -30.837883 162.87921 -8.875602
v -30.785578 162.95142 -8.99016
v -32.304863 160.59442 -8.9538555
v -32.32029 160.67525 -8.9443245
v -32.26351 160.63063 -8.903733
v -32.26351 160.63063 -8.903733
v -32.238457 160.67595 -8.957143
v -31.439882 160.30627 -8.952747
v -31.433754 160.38708 -9.038779
v -30.822163 160.21347 -8.960129
v -30.804134 160.00699 -9.078167
v -31.475664 160.22545 -9.031224
v -30.796967 160.3327 -9.066878
v -32.26351 160.63063 -8.903733
v -31.475965 159.89505 -8.554573
v -31.545073 159.97717 -8.5397625
v -31.45176 159.96835 -8.496732
v -31.457113 160.0323 -8.5693655
v -31.030968 159.76779 -8.550513
v -31.45176 159.96835 -8.496732
v -31.03948 159.86942 -8.665925
v -30.664816 159.75815 -8.975873
v -30.729689 159.50534 -9.110496
v -31.069437 159.65132 -8.642418
v -30.630478 159.90558 -9.153291
v -31.45176 159.96835 -8.496732
v -32.25565 162.14207 -9.59415
v -32.273678 162.2229 -9.592167
v -32.23983 162.17828 -9.531126
v -32.23983 162.17828 -9.531126
v -32.194263 162.2236 -9.568601
v -31.474972 161.85393 -9.221688
v -31.432487 161.93475 -9.296749
v -30.902166 161.7428 -8.978793
v -30.856497 161.60199 -9.046215
v -31.473581 161.7731 -9.307925
v -30.855387 161.82413 -9.037161
v -32.23983 162.17828 -9.531126
v -28.908197 159.65514 -8.3727665
v -28.846848 159.56395 -8.326071
v -28.960052 159.59337 -8.302097
v -29.491228 159.8552 -8.699836
v -29.573627 159.75706 -8.587556
v -30.623081 159.73416 -9.2456045
v -30.736025 159.59967 -9.091704
v -28.960052 159.59337 -8.302097
v -28.846848 159.56395 -8.326071
v -28.944817 159.50818 -8.365372
v -29.573627 159.75706 -8.587556
v -29.549416 159.62167 -8.688099
v -30.736025 159.59967 -9.091704
v -30.736217 159.30566 -9.22725
v -30.058428 164.4167 -8.678132
v -30.017748 164.3851 -8.662315
v -30.068861 164.38255 -8.645479
v -30.35173 164.42854 -8.79216
v -30.368315 164.37427 -8.740277
v -30.849794 164.23103 -8.98579
v -30.872524 164.15665 -8.914676
v -30.068861 164.38255 -8.645479
v -30.017748 164.3851 -8.662315
v -30.054504 164.3484 -8.676607
v -30.368315 164.37427 -8.740277
v -30.345507 164.32002 -8.78974
v -30.872524 164.15665 -8.914676
v -30.841257 164.03107 -8.982471
v -30.412373 164.90282 -8.712265
v -30.374233 164.8871 -8.699599
v -30.413149 164.87424 -8.686115
v -30.595121 164.72415 -8.803585
v -30.596354 164.67873 -8.762035
v -30.828604 164.59079 -8.958657
v -30.8303 164.52853 -8.901704
v -30.413149 164.87424 -8.686115
v -30.374233 164.8871 -8.699599
v -30.394789 164.85094 -8.711043
v -30.596354 164.67873 -8.762035
v -30.567177 164.64171 -8.801646
v -30.8303 164.52853 -8.901704
v -30.779385 164.43825 -8.955999
v -31.497477 164.58176 -8.941314
v -31.526756 164.61891 -8.953341
v -31.504206 164.61226 -8.910566
v -31.487377 164.64278 -8.937161
v -31.165958 164.37889 -8.900873
v -30.844051 164.26129 -8.946981
v -31.149242 164.42651 -8.852879
v -30.826853 164.36058 -8.879477
v -31.14096 164.47414 -8.903022
v -30.80965 164.40314 -8.946981
v -31.504206 164.61226 -8.910566
v -31.117044 165.61674 -8.952573
v -31.134752 165.6392 -8.959845
v -31.121115 165.6352 -8.933984
v -30.910322 165.49147 -8.9281225
v -31.121115 165.6352 -8.933984
v -31.110935 165.65364 -8.950062
v -30.900217 165.52026 -8.899104
v -30.715693 165.42036 -8.955999
v -30.705297 165.48041 -8.915188
v -30.895205 165.54906 -8.929422
v -31.121115 165.6352 -8.933984
v -30.900217 165.52026 -8.899104
v -30.705297 165.48041 -8.915188
v -30.694899 165.50613 -8.955999
v -30.391985 165.43939 -8.921457
v -30.363773 165.4434 -8.929135
v -30.381168 165.42094 -8.937115
v -30.498589 165.39163 -8.93597
v -30.492361 165.36284 -8.96606
v -30.699987 165.35178 -8.905673
v -30.687954 165.29173 -8.946035
v -30.387169 165.45784 -8.939868
v -30.363773 165.4434 -8.929135
v -30.391985 165.43939 -8.921457
v -30.50752 165.42043 -8.96537
v -30.498589 165.39163 -8.93597
v -30.708733 165.3775 -8.946873
v -30.699987 165.35178 -8.905673
v -30.285727 165.72948 -9.053059
v -30.277683 165.72249 -9.08058
v -30.297447 165.7083 -9.063873
v -30.295336 165.74472 -9.072497
v -30.543547 165.70572 -8.931805
v -30.543139 165.67534 -8.96097
v -30.72127 165.65941 -8.937313
v -30.709246 165.59087 -8.977675
v -30.730024 165.68878 -8.978512
v -30.552242 165.73419 -8.961585
v -30.961657 166.0431 -8.975276
v -30.972975 166.05374 -9.000371
v -30.944817 166.04639 -8.99548
v -30.975971 166.02629 -8.989933
v -30.752811 165.85074 -8.941932
v -30.961657 166.0431 -8.975276
v -30.743887 165.86923 -8.978693
v -30.781673 165.82674 -8.96102
v -30.961657 166.0431 -8.975276
v -30.088415 162.18323 -9.02305
v -30.044464 162.21397 -9.0366335
v -30.052727 162.18752 -8.988744
v -30.220688 161.8212 -8.961309
v -30.177814 161.7842 -8.908644
v -30.539745 161.71257 -8.996367
v -30.50236 161.63846 -8.915546
v -30.851658 161.58287 -9.025568
v -30.790974 161.42305 -8.917103
v -30.469854 161.54713 -8.998446
v -30.742075 161.28088 -9.031659
v -30.14306 161.74425 -8.964995
v -30.177814 161.7842 -8.908644
v -30.020077 162.16713 -9.020156
v -30.052727 162.18752 -8.988744
v -39.73501 159.30975 -10.218111
v -39.284206 164.30681 -10.293885
v -38.79209 164.30681 -9.901474
v -38.849037 159.30975 -9.62651
v -38.591022 167.30956 -9.848835
v -38.914043 167.30956 -10.171863
v -38.849037 159.30975 -9.62651
v -38.79209 164.30681 -9.901474
v -38.299976 164.30681 -10.293885
v -37.963047 159.30975 -10.218111
v -38.267994 167.30956 -10.171863
v -38.591022 167.30956 -9.848835
v -38.914043 167.30956 -10.171863
v -38.802074 172.31717 -10.049873
v -38.706303 172.31717 -9.854727
v -38.591022 167.30956 -9.848835
v -38.758293 172.54442 -9.998887
v -38.591022 167.30956 -9.848835
v -38.706303 172.31717 -9.854727
v -38.610527 172.31717 -10.049873
v -38.267994 167.30956 -10.171863
v -38.758293 172.54442 -9.998887
v -36.937023 167.44635 -9.393504
v -36.83049 167.36363 -9.352083
v -36.96435 167.35693 -9.307994
v -36.926754 167.26749 -9.389511
v -37.7485 167.33525 -9.556227
v -36.96435 167.35693 -9.307994
v -37.68876 167.19316 -9.685721
v -38.59505 167.17685 -10.012899
v -38.59505 167.17685 -10.012899
v -38.51317 166.84796 -10.190437
v -38.53551 167.37164 -10.199126
v -37.7485 167.33525 -9.556227
v -37.70507 167.47737 -9.692091
v -36.96435 167.35693 -9.307994
v -37.92594 170.98393 -10.520853
v -37.833378 170.96062 -10.545029
v -37.878593 170.94092 -10.459766
v -38.160027 170.70834 -10.17287
v -38.08518 170.61848 -10.094961
v -38.760788 170.41454 -10.195941
v -38.702652 170.29138 -10.059755
v -37.878593 170.94092 -10.459766
v -37.833378 170.96062 -10.545029
v -37.868 170.87323 -10.5157
v -38.08518 170.61848 -10.094961
v -38.080692 170.52864 -10.202902
v -38.702652 170.29138 -10.059755
v -38.64452 170.12236 -10.195941
v -39.4591 170.71396 -9.95672
v -39.535484 170.8016 -9.9342
v -39.398766 170.76352 -9.9042425
v -38.73404 170.57864 -10.139552
v -38.627552 170.65378 -10.058928
v -39.398766 170.76352 -9.9042425
v -39.535484 170.8016 -9.9342
v -39.40692 170.82556 -9.964488
v -38.627552 170.65378 -10.058928
v -38.629875 170.7487 -10.157397
v -40.390064 166.59207 -10.019998
v -40.41635 166.72975 -10.003793
v -40.31963 166.65378 -9.9346
v -40.31963 166.65378 -9.9346
v -40.276962 166.73093 -10.02559
v -39.70414 166.65996 -10.018137
v -39.765087 166.52228 -10.15181
v -38.621204 166.15015 -10.231782
v -38.651924 166.50185 -10.0307045
v -39.6937 166.79762 -10.164686
v -38.609 166.70493 -10.212518
v -39.70414 166.65996 -10.018137
v -40.31963 166.65378 -9.9346
v -37.277756 164.89536 -10.347976
v -37.099754 164.84294 -10.370557
v -37.21649 164.78632 -10.236031
v -38.105877 164.85942 -10.21638
v -38.008537 164.68613 -10.038496
v -38.831444 164.54523 -10.280347
v -38.759754 164.22635 -9.968325
v -37.21649 164.78632 -10.236031
v -37.099754 164.84294 -10.370557
v -37.18515 164.6771 -10.359571
v -38.008537 164.68613 -10.038496
v -37.958748 164.5126 -10.234796
v -38.759754 164.22635 -9.968325
v -38.7927 163.9074 -10.286787
v -40.166306 165.27272 -9.339894
v -40.28402 165.41263 -9.314663
v -40.12507 165.39758 -9.241371
v -40.134193 165.50653 -9.365083
v -39.408302 165.05598 -9.332947
v -40.12507 165.39758 -9.241371
v -39.422794 165.22905 -9.529554
v -38.784595 165.03952 -10.057538
v -38.895103 164.6089 -10.286852
v -39.47383 164.85756 -9.489534
v -38.7261 165.29066 -10.359733
v -40.12507 165.39758 -9.241371
v -39.70205 169.49348 -10.796122
v -39.732758 169.63115 -10.792734
v -39.675102 169.55518 -10.688753
v -39.675102 169.55518 -10.688753
v -39.597496 169.63234 -10.752615
v -39.31654 169.29619 -10.476239
v -38.7104 168.867 -10.177357
v -38.7882 169.1069 -10.062508
v -39.244186 169.43385 -10.604117
v -38.70851 169.24542 -10.161942
v -39.31654 169.29619 -10.476239
v -39.314182 169.15851 -10.623148
v -39.31654 169.29619 -10.476239
v -39.675102 169.55518 -10.688753
v -37.324535 163.27216 -12.115193
v -37.27551 163.14102 -12.132988
v -37.26609 163.21927 -12.0159445
v -37.783695 163.77515 -11.650206
v -37.69084 163.69112 -11.492555
v -38.669933 164.18378 -10.521842
v -38.542656 164.06856 -10.305771
v -37.26609 163.21927 -12.0159445
v -37.27551 163.14102 -12.132988
v -37.351757 163.12592 -12.015243
v -37.69084 163.69112 -11.492555
v -37.826958 163.54279 -11.491465
v -38.542656 164.06856 -10.305771
v -38.754295 163.76038 -10.224504
v -37.402065 169.8571 -10.137876
v -37.327198 169.90948 -10.161032
v -37.34127 169.86443 -10.079449
v -37.627373 169.24043 -10.032689
v -37.55435 169.1774 -9.942989
v -38.170853 169.0554 -10.092435
v -38.10717 168.92917 -9.954769
v -38.702156 168.83449 -10.142179
v -38.598793 168.5622 -9.957401
v -38.051804 168.7736 -10.09593
v -38.515495 168.32007 -10.152503
v -37.495148 169.10936 -10.039
v -37.55435 169.1774 -9.942989
v -37.285656 169.82968 -10.132928
v -37.34127 169.86443 -10.079449
v -21.779472 156.83266 -5.471226
v -21.74518 157.32274 -5.485855
v -21.575356 157.32274 -5.3325176
v -21.5875 156.79747 -5.278789
v -21.898388 156.40598 -5.4623327
v -21.690624 156.35878 -5.2519293
v -21.554695 157.76855 -5.3293543
v -21.674047 157.82922 -5.4676456
v -21.43997 158.20284 -5.326264
v -21.510994 158.2862 -5.4481764
v -21.111765 158.67104 -5.325921
v -21.193089 158.77602 -5.412307
v -21.117937 158.80101 -5.396779
v -21.129736 158.78146 -5.479331
v -22.231283 155.97148 -5.4562597
v -21.926958 155.97148 -5.225061
v -21.5875 156.79747 -5.278789
v -21.575356 157.32274 -5.3325176
v -21.422016 157.32274 -5.485855
v -21.395176 156.80403 -5.470887
v -21.690624 156.35878 -5.2519293
v -21.48488 156.31471 -5.4649754
v -21.420324 157.73164 -5.4676456
v -21.554695 157.76855 -5.3293543
v -21.322319 158.16302 -5.450687
v -21.43997 158.20284 -5.326264
v -21.015574 158.66562 -5.412307
v -21.111765 158.67104 -5.325921
v -21.042866 158.70107 -5.3985343
v -21.100021 158.6872 -5.391428
v -21.052021 158.6865 -5.4805346
v -21.015574 158.66562 -5.412307
v -21.926958 155.97148 -5.225061
v -21.58404 155.97148 -5.4562597
v -21.129736 158.78146 -5.479331
v -21.100021 158.6872 -5.391428
v -21.117937 158.80101 -5.396779
v -21.111765 158.67104 -5.325921
v -21.052021 158.6865 -5.4805346
v -22.29787 157.73645 -5.415282
v -22.286238 157.7206 -5.3817577
v -22.296753 157.66586 -5.357169
v -22.278555 157.70966 -5.283487
v -22.295822 157.801 -5.3360753
v -22.29787 157.73645 -5.415282
v -21.880972 157.53975 -5.290438
v -22.278555 157.70966 -5.283487
v -21.838776 157.63626 -5.3893256
v -21.559765 157.1148 -5.440845
v -21.705505 157.00993 -5.535263
v -21.9448 157.46425 -5.3842063
v -21.432177 157.24193 -5.569496
v -22.278555 157.70966 -5.283487
v 15.963168 163.86273 -4.1065307
v 15.758375 164.74594 -4.1361256
v 15.903017 164.79686 -3.9827886
v 16.181248 163.93951 -3.8753314
v 15.579213 165.63014 -3.9764605
v 15.903017 164.79686 -3.9827886
v 16.047651 164.84778 -4.1361256
v 16.399328 164.01628 -4.1065307
v 15.687823 165.69276 -4.0997076
v 15.579213 165.63014 -3.9764605
v 15.496 166.49228 -4.0625787
v 15.428691 166.42334 -3.9761925
v 15.435412 165.60884 -4.0997076
v 15.29613 166.43105 -4.0625787
v 15.326687 166.50412 -4.0470495
v 15.333657 166.48238 -4.1296015
v 15.451335 166.495 -4.0488057
v 15.424238 166.44281 -4.0416985
v 15.456312 166.47852 -4.1308064
v 15.496 166.49228 -4.0625787
v 15.333657 166.48238 -4.1296015
v 15.424238 166.44281 -4.0416985
v 15.326687 166.50412 -4.0470495
v 15.428691 166.42334 -3.9761925
v 15.456312 166.47852 -4.1308064
v 15.048693 165.36224 -4.0291157
v 15.0585375 165.41612 -4.0227704
v 15.08306 165.37479 -3.9957488
v 15.08306 165.37479 -3.9957488
v 15.1095 165.3969 -4.031303
v 15.516438 164.97554 -4.028377
v 15.539665 165.02423 -4.085646
v 15.877626 164.76952 -4.0332904
v 15.839211 164.637 -4.1118646
v 15.474814 164.93396 -4.0806165
v 15.921908 164.83748 -4.10435
v 15.08306 165.37479 -3.9957488
v 15.899753 166.17299 -4.123842
v 15.920555 166.20201 -4.132884
v 15.921213 166.18358 -4.1010046
v 15.896722 165.91643 -4.0827427
v 15.921213 166.18358 -4.1010046
v 15.931821 165.90268 -4.0476837
v 15.720407 165.7777 -4.1060796
v 15.760254 165.73943 -4.052279
v 15.55322 165.62732 -4.1255183
v 15.626657 165.54037 -4.0533156
v 15.800854 165.68927 -4.107463
v 15.688783 165.46191 -4.129573
v 15.962481 165.88527 -4.0851965
v 15.931821 165.90268 -4.0476837
v 15.946228 166.17798 -4.121914
v 15.921213 166.18358 -4.1010046
v 15.920555 166.20201 -4.132884
v 4.4113145 157.29013 -10.758551
v 4.6286397 157.52454 -11.137702
v 5.2421074 157.78854 -11.053364
v 5.270039 157.31532 -10.669464
v 5.3579426 157.84645 -11.389409
v 4.58909 157.47658 -11.442834
v 4.1716285 157.06519 -11.149732
v 5.8182697 157.8073 -10.938195
v 6.1165223 157.45662 -10.582774
v 5.980313 157.75537 -11.235109
v 6.3900247 157.2507 -11.0238905
v 4.5041785 156.97816 -10.6662855
v 5.240535 156.91432 -10.560456
v 5.9936566 156.97508 -10.490563
v 6.1564646 156.7729 -10.85502
v 5.288259 156.65569 -10.9466
v 4.3374386 156.78638 -11.024751
v 4.9036055 156.87909 -8.747091
v 5.0226545 157.23991 -9.027833
v 5.3587084 157.24814 -8.9653845
v 5.374009 156.89774 -8.681126
v 5.4221625 157.29102 -9.214206
v 5.000989 157.2044 -9.253765
v 4.772306 156.71254 -9.036739
v 5.6743274 157.10376 -8.880109
v 5.8377085 156.8441 -8.61694
v 5.763093 157.06532 -9.0999565
v 5.9875317 156.69164 -8.943561
v 4.9544744 156.48984 -8.678776
v 5.3578467 156.44257 -8.543807
v 4.8539395 156.35258 -8.793835
v 5.3862114 156.24632 -8.668123
v 5.8460975 156.34163 -8.593657
v 5.7704034 156.48755 -8.492055
v 6.2688513 157.41899 -9.587368
v 6.287966 157.99583 -9.9549265
v 6.808213 158.09622 -10.031743
v 6.9882903 157.57031 -9.719876
v 6.8068237 158.17767 -10.351968
v 6.180787 157.93645 -10.213672
v 5.996943 157.13274 -9.878416
v 7.3305798 157.9605 -10.079784
v 7.7086596 157.61057 -9.854957
v 7.3901052 157.92558 -10.381088
v 7.83896 157.41922 -10.315255
v 6.430881 156.84363 -9.548321
v 7.065667 156.87773 -9.63926
v 6.223075 156.60497 -9.827528
v 7.0329766 156.59496 -9.997825
v 7.749927 156.85071 -10.127205
v 7.689892 157.05374 -9.761297
v 9.531147 160.37344 -11.390759
v 10.00673 161.23323 -12.149959
v 10.2556 161.04492 -10.934419
v 9.5184145 159.2385 -11.743543
v 10.46389 160.7413 -12.471507
v 11.459246 161.53873 -12.175086
v 10.749412 161.72032 -11.794473
v 11.430969 161.72614 -11.24079
v 11.347968 161.47191 -10.401075
v 12.165998 161.35344 -11.461002
v 12.514439 160.62831 -10.601597
v 10.162998 159.6774 -10.2879505
v 11.120363 160.3496 -10.068149
v 11.999839 159.53828 -9.968657
v 9.655147 158.29839 -11.09965
v 9.41049 159.27269 -10.787109
v 10.924343 158.63731 -10.47938
v 2.0857017 156.85718 -9.89855
v 2.1762073 157.0997 -10.140661
v 2.4098048 157.01755 -10.099112
v 2.5367608 156.8184 -9.846131
v 2.4096606 157.008 -10.301989
v 2.0152001 157.06801 -10.339046
v 1.9264196 156.72093 -10.037524
v 2.672058 156.99477 -10.177622
v 2.9163408 156.87677 -9.998869
v 2.71362 156.93443 -10.354675
v 3.009172 156.71945 -10.252226
v 2.2019198 156.65112 -9.802945
v 2.5949993 156.68292 -9.709444
v 2.084925 156.48305 -9.720966
v 2.5889971 156.48933 -9.73657
v 2.9650683 156.5663 -9.913069
v 2.916409 156.71808 -9.872221
v 7.1795807 159.10332 -10.561175
v 7.1550975 159.91513 -11.683547
v 7.7244334 159.85034 -10.357784
v 7.779569 160.77849 -11.475138
v 8.242974 160.70857 -12.518125
v 7.4192405 159.47481 -12.632521
v 8.637154 160.74817 -11.19822
v 8.633518 160.06683 -10.175105
v 9.195086 160.4444 -12.140237
v 9.892261 159.2356 -11.596498
v 7.113711 156.83424 -11.485024
v 6.9034605 157.80734 -10.360944
v 7.931913 158.24014 -10.107892
v 8.526281 157.20653 -11.346649
v 9.6593 158.21545 -11.1228285
v 8.947731 158.994 -9.949353
v 7.7244334 159.85034 -10.357784
v 7.1795807 159.10332 -10.561175
v 8.633518 160.06683 -10.175105
v 9.892261 159.2356 -11.596498
v 6.702462 157.95833 -11.785024
v 7.4192405 159.47481 -12.632521
v 7.1795807 159.10332 -10.561175
v 6.9034605 157.80734 -10.360944
v 7.113711 156.83424 -11.485024
v 14.048996 163.61644 -8.333896
v 14.58641 164.37907 -8.614242
v 15.148186 164.43416 -8.224826
v 14.865207 163.71426 -7.84042
v 15.595385 164.89359 -8.710138
v 14.644592 164.61302 -9.318079
v 13.852476 163.33777 -9.477535
v 15.684915 164.20906 -7.9681535
v 15.69422 163.68475 -7.4434085
v 16.32906 164.41156 -8.381209
v 16.748753 163.54544 -8.221444
v 14.306602 162.9176 -8.494718
v 14.859283 162.88228 -8.173743
v 14.228478 162.49028 -9.527566
v 15.297712 162.37198 -9.173223
v 16.33124 162.65253 -8.420046
v 15.575021 163.0206 -7.7234945
v -33.062824 157.60863 -0.5142163
v -32.92089 157.74495 -0.96941584
v -32.264675 157.76083 -1.1186389
v -32.274967 157.3114 -0.70632565
v -32.258385 157.77132 -1.4785675
v -33.076603 157.71523 -1.2374475
v -33.484524 157.48943 -0.776958
v -31.716448 157.56314 -1.1957257
v -31.457851 157.12646 -0.9116455
v -31.695007 157.45447 -1.5195252
v -31.442629 156.83333 -1.3866463
v -33.05975 157.28455 -0.41714355
v -32.40404 156.95042 -0.54330933
v -31.702322 156.72562 -0.7244775
v -31.756037 156.47728 -1.0927881
v -32.585304 156.69266 -0.88825375
v -33.395023 157.16887 -0.67653805
v -26.16552 156.90425 -9.01919
v -26.148088 157.34097 -9.313366
v -25.7905 157.32661 -9.316148
v -25.677185 156.8984 -9.055851
v -25.882519 157.45459 -9.744853
v -26.32423 157.38753 -9.724057
v -26.518095 156.85071 -9.589388
v -25.474699 157.16142 -9.37255
v -25.214054 156.82556 -9.140964
v -25.54412 157.2031 -9.813101
v -25.214054 156.82556 -9.140964
v -26.169037 156.51595 -9.174322
v -25.714783 156.42407 -9.110465
v -26.371897 156.42818 -9.430826
v -25.817385 156.28436 -9.467074
v -25.314526 156.34723 -9.434639
v -25.283438 156.44788 -9.1344
v -25.214054 156.82556 -9.140964
v -25.32381 156.79825 -9.864635
v -25.283438 156.44788 -9.1344
v -25.314526 156.34723 -9.434639
v -25.283438 156.44788 -9.1344
v -25.314526 156.34723 -9.434639
v -25.89907 157.66833 -9.867178
v -25.738903 158.30388 -10.785374
v -24.994001 158.26474 -10.977269
v -24.866066 157.62813 -10.198197
v -24.977064 158.35567 -11.777222
v -25.901333 158.26894 -11.431746
v -26.342573 157.42899 -10.594244
v -24.300882 157.9626 -11.097281
v -23.857517 157.4642 -10.535645
v -24.226397 157.90657 -11.849969
v -23.72112 157.2138 -11.685512
v -25.80763 156.982 -9.769635
v -24.919218 156.83603 -9.996809
v -26.151201 156.77695 -10.467124
v -25.030087 156.53123 -10.892539
v -23.976349 156.60779 -11.215744
v -24.01257 156.85083 -10.30167
v -29.695652 156.53902 -3.3499107
v -29.649529 156.81734 -3.597702
v -29.364878 156.76031 -3.572428
v -29.167227 156.56099 -3.3288286
v -29.379679 156.74773 -3.7748034
v -29.845226 156.75745 -3.7844849
v -29.868052 156.3645 -3.477542
v -29.066236 156.77173 -3.668886
v -28.752653 156.67801 -3.5074658
v -29.023031 156.70929 -3.8483942
v -28.641262 156.515 -3.7666461
v -29.52183 156.32898 -3.262581
v -29.067928 156.42102 -3.1965063
v -29.622969 156.1275 -3.1727123
v -29.046227 156.20612 -3.223147
v -28.640558 156.34296 -3.4252496
v -28.717302 156.50403 -3.3811266
v -19.528633 157.07106 -10.184314
v -19.511204 157.38107 -10.477927
v -19.363396 157.46527 -10.512003
v -19.25408 157.2181 -10.249693
v -19.41412 157.52379 -10.733014
v -19.6447 157.30249 -10.644628
v -19.672493 156.73593 -10.42007
v -19.189411 157.43765 -10.5320835
v -18.955032 157.26077 -10.3164625
v -19.127878 157.41411 -10.747681
v -18.756878 157.08559 -10.697195
v -19.4342 156.75197 -10.131585
v -19.114231 156.78616 -10.186622
v -19.498957 156.57072 -10.383152
v -19.0818 156.5966 -10.490221
v -18.739836 156.79254 -10.570482
v -18.807503 156.91841 -10.26288
v -18.756878 157.08559 -10.697195
v -19.672493 156.73593 -10.42007
v 12.732758 162.70847 -11.038371
v 12.8785925 162.94368 -11.837034
v 13.397932 163.23103 -11.878859
v 13.46528 163.08772 -11.146319
v 13.5081215 163.16148 -12.564272
v 12.6930895 162.60497 -12.354302
v 12.384453 161.79291 -11.373933
v 13.943673 163.27423 -11.808736
v 14.220299 163.33185 -11.230386
v 14.2971735 163.10895 -12.373897
v 14.905212 162.73152 -11.921779
v 13.090977 162.21141 -10.789965
v 13.61198 162.40294 -10.808186
v 12.903274 161.28636 -11.022833
v 13.861952 161.45158 -11.162087
v 14.776512 162.10442 -11.329047
v 14.24394 162.7764 -10.925834
v 13.941586 163.26047 -5.599416
v 14.5909605 163.88129 -5.7320423
v 15.0214405 164.04008 -5.0920734
v 14.532513 163.41516 -4.7281027
v 15.596045 164.17596 -5.266538
v 14.994054 163.85089 -6.02108
v 14.332623 163.02388 -6.1392965
v 15.387854 163.92964 -4.4531474
v 15.123705 163.44818 -3.8663952
v 15.992301 163.99472 -4.547843
v 16.015234 163.32274 -3.9716547
v 13.95852 162.66853 -5.4159665
v 14.401293 162.64758 -4.6410017
v 14.356703 162.47221 -5.8620825
v 15.01731 162.39627 -4.908269
v 15.601401 162.6581 -4.0296197
v 14.91788 162.81496 -3.8851995
v 14.762344 163.30804 -2.6579711
v 14.750907 163.87088 -3.2695358
v 15.33752 164.30424 -2.89902
v 15.566806 163.92575 -2.3219385
v 15.297121 164.37402 -3.7112274
v 14.698231 163.77826 -3.7652388
v 14.605896 163.09798 -3.275375
v 15.857834 164.60399 -2.8317826
v 16.279194 164.54544 -2.3376353
v 15.922275 164.69276 -3.4706035
v 16.476912 164.62277 -3.1259415
v 15.063132 162.97597 -2.5735748
v 15.711712 163.35565 -2.1968946
v 14.871656 162.79887 -3.147377
v 15.792858 163.26613 -2.8603158
v 16.55551 164.031 -2.8539255
v 16.34214 163.97453 -2.21082
v 14.375511 163.16748 -1.156759
v 14.680657 163.42798 -1.3190405
v 14.867052 163.47386 -1.097373
v 14.649442 163.22734 -0.8675854
v 15.101641 163.55937 -1.3202331
v 14.766025 163.41995 -1.6541748
v 14.334208 162.89856 -1.6437122
v 15.012544 163.37567 -0.89606446
v 14.912463 163.20987 -0.60128725
v 15.282241 163.3511 -1.0274854
v 15.302734 162.95639 -0.8023132
v 14.385146 162.8227 -1.1067468
v 14.557925 162.81657 -0.8790442
v 14.3570385 162.49107 -1.5199108
v 14.695302 162.41193 -1.1894788
v 15.052159 162.56721 -0.7919031
v 14.799547 162.8866 -0.6275109
v 14.7475195 162.90965 -1.8187459
v 14.7371435 162.71729 -1.8606524
v 14.566119 162.65024 -1.8530118
v 14.5111475 162.80682 -1.8181921
v 14.573748 162.47765 -1.9552484
v 14.858072 162.62947 -1.9766737
v 14.951562 162.93066 -2.0259435
v 14.397532 162.6217 -1.8881961
v 14.276132 162.71686 -1.8457857
v 14.316842 162.46198 -2.0259352
v 14.124006 162.54259 -2.1241071
v 14.702424 162.98445 -1.9320589
v 14.495018 162.9145 -1.9427613
v 14.8596325 163.0256 -2.1540363
v 14.49816 162.88786 -2.2275891
v 14.172482 162.73045 -2.190097
v 14.289355 162.81744 -1.9349592
v 5.0555162 158.68547 -13.706736
v 5.257911 158.95766 -14.386411
v 5.9786963 159.13823 -14.422002
v 6.072166 158.9724 -13.798601
v 6.131624 159.05774 -15.005301
v 5.0004606 158.56569 -14.826612
v 4.5721107 157.69322 -13.992302
v 5.0555162 158.68547 -13.706736
v 6.7361174 159.53304 -14.362327
v 7.120043 159.5997 -13.870144
v 7.2267356 159.34175 -14.843288
v 7.120043 159.5997 -13.870144
v 8.070619 158.77942 -14.458528
v 5.5526795 158.17754 -13.495337
v 6.275771 158.39917 -13.510844
v 7.152853 158.83136 -13.610966
v 7.152853 158.83136 -13.610966
v 7.891996 158.05371 -13.954106
v 6.275771 158.39917 -13.510844
v 6.6226916 157.29823 -13.812021
v 5.2921715 157.10703 -13.693513
v 5.5526795 158.17754 -13.495337
v 5.2921715 157.10703 -13.693513
v 5.5526795 158.17754 -13.495337
v 20.1094 169.21547 -8.631546
v 20.079428 170.20964 -10.006054
v 20.776655 170.13031 -8.382463
v 20.844189 171.26695 -9.750827
v 22.082855 171.29523 -9.093183
v 22.030373 170.44415 -7.9214373
v 20.079428 170.20964 -10.006054
v 20.402906 169.67041 -11.16821
v 21.451328 171.19508 -10.961125
v 20.844189 171.26695 -9.750827
v 22.082855 171.29523 -9.093183
v 22.91822 170.97597 -9.989729
v 22.030373 170.44415 -7.9214373
v 20.1094 169.21547 -8.631546
v 24.132692 169.98817 -8.714231
v 20.028734 166.43666 -9.762934
v 19.771257 167.62834 -8.3863325
v 21.030754 168.15839 -8.076433
v 21.75863 166.89258 -9.5934725
v 23.44297 168.23114 -8.817732
v 22.414316 169.13004 -7.646382
v 20.776655 170.13031 -8.382463
v 20.1094 169.21547 -8.631546
v 22.030373 170.44415 -7.9214373
v 24.132692 169.98817 -8.714231
v 22.414316 169.13004 -7.646382
v 24.132692 169.98817 -8.714231
v 19.525093 167.81325 -10.130328
v 20.402906 169.67041 -11.16821
v 20.1094 169.21547 -8.631546
v 19.771257 167.62834 -8.3863325
v 20.028734 166.43666 -9.762934
v 18.840233 167.68185 -7.1372113
v 19.529026 168.51703 -7.9608603
v 19.641048 168.2522 -6.5606136
v 18.599731 166.44028 -7.5759954
v 19.776228 167.89644 -8.32789
v 20.775055 168.56639 -7.9232516
v 20.241701 168.89835 -7.5080404
v 20.7725 168.76659 -6.845095
v 20.612787 168.49837 -5.891669
v 21.270761 168.22047 -7.0810676
v 21.332485 167.35622 -6.102997
v 19.186668 166.77774 -5.8646894
v 20.120188 167.31839 -5.395678
v 20.120188 167.31839 -5.395678
v 20.617136 166.2669 -5.5769773
v 19.186668 166.77774 -5.8646894
v 19.529486 165.50085 -6.0876245
v 18.441854 165.38571 -6.860577
v 18.373857 166.518 -6.4861474
v 24.03241 170.3327 -7.455925
v 24.107141 170.50731 -7.5965056
v 24.290653 170.57545 -7.5804367
v 24.29045 170.42941 -7.447252
v 24.349579 170.67746 -7.760686
v 24.033081 170.51222 -7.7706175
v 23.856524 170.14503 -7.660257
v 24.46528 170.56439 -7.5753636
v 24.546728 170.48773 -7.4529505
v 24.609219 170.61526 -7.749829
v 24.781166 170.42801 -7.7224693
v 24.066618 170.14925 -7.485914
v 24.288158 170.20213 -7.475061
v 23.931189 169.92334 -7.6763697
v 24.329077 169.98547 -7.708486
v 24.684877 170.16779 -7.677668
v 24.514107 170.30096 -7.4663434
v 10.766014 161.70044 -13.351253
v 10.677299 162.09616 -13.83229
v 10.842546 162.92722 -13.72529
v 11.357254 162.61609 -13.23823
v 10.865332 163.08994 -14.151633
v 10.698979 162.02034 -14.2194195
v 10.828741 161.28815 -13.847554
v 11.237309 163.54291 -13.579174
v 11.818333 163.60245 -13.128243
v 11.408107 163.67494 -13.955876
v 12.230251 163.74023 -13.687895
v 11.158863 161.57314 -13.2342005
v 11.755149 162.29688 -13.099928
v 12.233278 163.12772 -13.011252
v 12.561665 163.1525 -13.473644
v 12.059794 162.16074 -13.589835
v 11.239399 161.26093 -13.688987
v 18.18015 166.33292 -11.92852
v 18.596075 166.89554 -12.08202
v 19.018557 167.07921 -11.626981
v 18.59461 166.36166 -11.301457
v 19.332796 167.01404 -11.807905
v 18.703741 166.73941 -12.337248
v 18.060438 165.95892 -12.37335
v 19.35543 166.94243 -11.164364
v 19.074093 166.43883 -10.68826
v 19.590689 166.71251 -11.281651
v 19.074093 166.43883 -10.68826
v 17.78756 166.0103 -11.587855
v 17.952137 165.7179 -11.074651
v 18.55408 165.80475 -10.681777
v 18.707836 165.33186 -10.844462
v 17.995672 165.19534 -11.3269
v 17.724876 165.67012 -11.961457
v 19.342573 165.89664 -10.836626
v 19.074093 166.43883 -10.68826
v 9.036201 155.94489 -8.054645
v 9.098001 156.35031 -8.043292
v 9.250389 156.31113 -7.9754233
v 9.128617 155.94647 -8.012759
v 9.324943 156.5717 -8.067434
v 9.23483 156.59055 -8.122265
v 9.304729 156.63484 -8.147469
v 8.975004 155.94537 -8.001609
v 8.974519 156.29443 -7.983878
v 9.137712 156.25827 -7.946143
v 9.078006 155.94601 -7.975079
v 9.117925 156.5812 -7.8684998
v 9.015986 156.60081 -7.895049
v 9.051433 156.69748 -7.829266
v 8.898859 155.94563 -7.967395
v 8.83105 156.2668 -7.9228525
v 8.951259 156.29842 -7.9228525
v 8.975148 155.94519 -7.967395
v 8.84769 156.60071 -7.8220572
v 8.779568 156.56584 -7.8220572
v 8.771899 156.64426 -7.77498
v 8.9200115 155.94492 -8.060069
v 8.906656 156.46542 -8.10063
v 9.077975 156.46959 -8.10136
v 9.027026 155.94534 -8.060069
v 9.029945 156.78471 -8.20361
v 8.92371 156.79901 -8.211237
v 8.97106 156.85497 -8.27299
v 8.857961 155.9462 -8.024295
v 8.714446 156.32419 -8.067453
v 8.859027 156.41528 -8.080271
v 8.963811 155.94536 -8.024038
v 8.667075 156.58961 -8.216036
v 8.582142 156.52882 -8.190774
v 8.568345 156.57565 -8.273255
v 8.885213 155.94745 -7.9938774
v 8.802249 156.05222 -7.9720745
v 8.84147 156.10822 -7.972095
v 8.919314 155.94629 -7.994032
v 8.738674 156.18956 -7.9193854
v 8.726518 156.14926 -7.919016
v 8.692251 156.17644 -7.893803
v 9.050511 155.9406 -7.9997115
v 9.126709 156.0791 -7.9693894
v 9.189236 156.02159 -7.9757237
v 9.09499 155.94191 -7.999904
v 9.276193 156.12854 -7.911005
v 9.240628 156.16638 -7.9036975
v 9.293827 156.18335 -7.874738
v -1.0554767 156.7921 -11.405663
v -0.97363156 157.32907 -11.390616
v -0.77182066 157.27718 -11.30073
v -0.93307006 156.79419 -11.350178
v -0.6730676 157.6223 -11.422605
v -0.7924035 157.64725 -11.495213
v -0.6998431 157.70593 -11.528607
v -1.1365657 156.79276 -11.335414
v -1.1372052 157.25507 -11.311927
v -0.92105347 157.20717 -11.26195
v -1.0001361 156.7936 -11.3002825
v -0.8956079 157.49565 -11.159119
v -1.014273 157.56499 -11.194481
v -0.92770565 157.67012 -11.107082
v -1.2373737 156.7931 -11.290098
v -1.3272259 157.21848 -11.231111
v -1.168003 157.26035 -11.231111
v -1.1363702 156.79251 -11.290098
v -1.3051534 157.6607 -11.097608
v -1.3953735 157.61455 -11.097608
v -1.405553 157.71838 -11.035252
v -1.2093995 156.79214 -11.412843
v -1.2525903 157.46674 -11.468296
v -1.0293158 157.50745 -11.466104
v -1.0676258 156.79271 -11.412843
v -1.1551721 157.91022 -11.602178
v -1.2969421 157.90709 -11.61422
v -1.2453839 157.99028 -11.695086
v -1.2292279 156.84575 -11.36536
v -1.5530591 157.27223 -11.422556
v -1.4034772 157.44205 -11.439963
v -1.094422 156.8843 -11.365279
v -1.7128576 157.5915 -11.6194935
v -1.7979968 157.48251 -11.585776
v -1.8331939 157.53673 -11.695034
v -1.2554785 156.7955 -11.32518
v -1.3653587 156.93427 -11.296304
v -1.3134222 157.00842 -11.296324
v -1.2103027 156.79398 -11.325376
v -1.4495441 157.11617 -11.226516
v -1.4656482 157.06279 -11.226019
v -1.51104 157.09877 -11.192628
v -1.0365515 156.78644 -11.3329
v -0.93559325 156.96986 -11.292747
v -0.8528155 156.89369 -11.301132
v -0.97761655 156.78816 -11.333157
v -0.73760986 157.03534 -11.215419
v -0.78475827 157.08546 -11.205739
v -0.7142834 157.10794 -11.167385
v -7.129265 155.99251 -5.682835
v -7.04742 156.52948 -5.66779
v -6.845609 156.47758 -5.5779023
v -7.0068583 155.9946 -5.6273503
v -6.7468557 156.82271 -5.699777
v -6.866192 156.84766 -5.7723846
v -6.7736316 156.90634 -5.8057795
v -7.210354 155.99316 -5.612586
v -7.2109933 156.45547 -5.5890994
v -6.9948416 156.40758 -5.539124
v -7.0739245 155.994 -5.5774555
v -6.969396 156.69606 -5.4362907
v -7.0880613 156.7654 -5.4716535
v -7.001494 156.87053 -5.3842545
v -7.311162 155.99352 -5.5672708
v -7.4010143 156.41888 -5.508283
v -7.2417912 156.46075 -5.508283
v -7.2101583 155.99292 -5.5672708
v -7.3789415 156.86111 -5.3747783
v -7.469162 156.81496 -5.3747783
v -7.479341 156.9188 -5.3124237
v -7.283188 155.99255 -5.6900153
v -7.326379 156.66714 -5.745468
v -7.103104 156.70786 -5.7432756
v -7.141414 155.99312 -5.6900153
v -7.2289605 157.11063 -5.8793497
v -7.3707304 157.1075 -5.891392
v -7.3191724 157.19069 -5.97226
v -7.303016 156.04616 -5.6425323
v -7.6268473 156.47264 -5.6997285
v -7.4772654 156.64246 -5.7171354
v -7.1682105 156.0847 -5.642452
v -7.786646 156.79192 -5.8966656
v -7.871785 156.68292 -5.8629484
v -7.9069824 156.73714 -5.972206
v -7.329267 155.99591 -5.6023526
v -7.439147 156.13467 -5.573476
v -7.3872104 156.20883 -5.5734963
v -7.284091 155.99438 -5.602548
v -7.523332 156.31657 -5.5036883
v -7.5394363 156.2632 -5.5031915
v -7.5848284 156.29918 -5.4698005
v -7.1103396 155.98685 -5.6100726
v -7.009382 156.17027 -5.5699186
v -6.926604 156.0941 -5.578305
v -7.051405 155.98857 -5.6103287
v -6.811398 156.23575 -5.492591
v -6.8585467 156.28587 -5.482912
v -6.7880716 156.30835 -5.444557
v -29.215963 156.57588 -8.274827
v -29.06406 157.07275 -8.285596
v -28.863167 156.99341 -8.264156
v -29.08926 156.5595 -8.26094
v -28.762917 157.3124 -8.404352
v -28.888268 157.35472 -8.434713
v -28.806818 157.3996 -8.492673
v -29.268032 156.58409 -8.186803
v -29.198093 157.02072 -8.165268
v -28.99554 156.94499 -8.184376
v -29.13488 156.56554 -8.195587
v -28.929892 157.34882 -8.083116
v -29.05816 157.39256 -8.074752
v -28.972569 157.50386 -8.009609
v -29.34533 156.59566 -8.115513
v -29.350075 157.00745 -8.035129
v -29.20119 157.02628 -8.082636
v -29.25455 156.5819 -8.145673
v -29.230001 157.41739 -7.9204016
v -29.317556 157.3855 -7.8934484
v -29.293915 157.48242 -7.8337884
v -29.35644 156.59634 -8.235432
v -29.293442 157.25346 -8.278947
v -29.088932 157.22906 -8.347551
v -29.228943 156.57837 -8.277723
v -29.128742 157.63821 -8.4516115
v -29.255636 157.67496 -8.418796
v -29.213182 157.74042 -8.511839
v -29.416185 156.60667 -8.167823
v -29.535069 157.10777 -8.1630535
v -29.351328 157.1977 -8.2356205
v -29.290148 156.58728 -8.20937
v -29.601233 157.45715 -8.323145
v -29.703606 157.39421 -8.259161
v -29.743776 157.45999 -8.352966
v -29.371525 156.60178 -8.142016
v -29.44274 156.74623 -8.082974
v -29.385893 156.80965 -8.098486
v -29.331177 156.59444 -8.155686
v -29.472876 156.9264 -7.9944167
v -29.494509 156.87798 -7.9891806
v -29.52051 156.91653 -7.9452906
v -29.178192 156.56493 -8.21438
v -29.05042 156.72363 -8.207987
v -28.988892 156.64107 -8.2403345
v -29.125113 156.55887 -8.232178
v -28.840523 156.75641 -8.196825
v -28.873129 156.80959 -8.173969
v -28.795311 156.81999 -8.160162
v -33.84359 157.53816 -0.91243285
v -33.517757 157.87752 -0.92217463
v -33.387875 157.7313 -0.90276915
v -33.747917 157.47313 -0.8998523
v -33.176495 157.94804 -1.0297132
v -33.260468 158.03348 -1.0571954
v -33.176323 158.03644 -1.1096833
v -33.882313 157.56607 -0.8327197
v -33.647324 157.89026 -0.8132251
v -33.51462 157.74629 -0.8305261
v -33.78231 157.49666 -0.8406799
v -33.296516 158.04573 -0.7388379
v -33.38227 158.1335 -0.7312634
v -33.267624 158.18843 -0.6722827
v -33.94004 157.60701 -0.76817566
v -33.77555 157.94167 -0.6953851
v -33.64755 157.89603 -0.73839474
v -33.87231 157.55879 -0.7954773
v -33.51096 158.2238 -0.59149474
v -33.59474 158.23383 -0.5670935
v -33.53602 158.30247 -0.5130749
v -33.948727 157.6121 -0.8767535
v -33.629227 158.11728 -0.9161523
v -33.473965 158.01398 -0.9782855
v -33.853065 157.54547 -0.9150519
v -33.338886 158.36082 -1.0724994
v -33.426395 158.44238 -1.0427861
v -33.365337 158.47792 -1.1270386
v -33.99278 157.64487 -0.81554806
v -33.884 158.09834 -0.8112268
v -33.698795 158.09589 -0.87692136
v -33.898876 157.57768 -0.8531512
v -33.794655 158.40767 -0.9561755
v -33.903095 158.39865 -0.89824337
v -33.90866 158.46823 -0.9831738
v -33.958702 157.62267 -0.79217464
v -33.957184 157.7685 -0.73870546
v -33.885338 157.7965 -0.7527478
v -33.929096 157.60023 -0.8045477
v -33.907887 157.92638 -0.6585162
v -33.945164 157.89609 -0.6537744
v -33.95041 157.93787 -0.61404604
v -33.817554 157.51385 -0.8576959
v -33.64945 157.58986 -0.8519024
v -33.633472 157.498 -0.88120174
v -33.77715 157.48727 -0.8738159
v -33.466457 157.53055 -0.8418097
v -33.47106 157.58684 -0.8211005
v -33.403942 157.56345 -0.8086011
v -19.613155 156.4683 -9.897708
v -19.555378 156.89746 -9.864774
v -19.426815 156.85599 -9.7437315
v -19.535433 156.46997 -9.8235655
v -19.320173 157.13182 -9.809643
v -19.391064 157.15175 -9.895892
v -19.312424 157.19865 -9.896679
v -19.692852 156.46883 -9.86609
v -19.699543 156.83832 -9.848541
v -19.549639 156.80003 -9.753834
v -19.599188 156.4695 -9.803606
v -19.557552 157.0306 -9.6695385
v -19.637758 157.08601 -9.727512
v -19.595491 157.17003 -9.638742
v -19.780865 156.4691 -9.858488
v -19.864208 156.80907 -9.837678
v -19.744076 156.84253 -9.795686
v -19.704659 156.46863 -9.831851
v -19.882757 157.1625 -9.7311325
v -19.95083 157.12561 -9.754927
v -19.974947 157.2086 -9.710566
v -19.727386 156.46834 -9.943716
v -19.745346 157.00749 -9.99694
v -19.577467 157.04002 -9.936404
v -19.620424 156.4688 -9.906328
v -19.636532 157.36192 -10.072254
v -19.74032 157.35942 -10.118727
v -19.680103 157.4259 -10.166144
v -19.754877 156.51118 -9.913123
v -19.984108 156.85204 -10.041675
v -19.86666 156.98776 -10.015357
v -19.65319 156.54198 -9.877509
v -20.052727 157.1072 -10.232395
v -20.125841 157.0201 -10.2294035
v -20.123589 157.06342 -10.321118
v -19.785261 156.47102 -9.889728
v -19.875786 156.58192 -9.89692
v -19.836586 156.64119 -9.883237
v -19.75113 156.4698 -9.877961
v -19.957706 156.7273 -9.86647
v -19.969976 156.68465 -9.870339
v -20.013039 156.71341 -9.857121
v -19.618055 156.46378 -9.837816
v -19.552483 156.61038 -9.780901
v -19.48782 156.5495 -9.765397
v -19.57353 156.46515 -9.822472
v -19.4235 156.6627 -9.670347
v -19.461636 156.70277 -9.675483
v -19.418575 156.72072 -9.627961
v -6.968806 156.57 -6.584776
v -6.7217407 156.87984 -6.7091117
v -6.537766 156.73221 -6.5182724
v -6.585957 156.44682 -6.233502
v -6.421274 156.71556 -6.6843433
v -6.758642 156.85883 -6.983178
v -7.048535 156.40817 -6.813929
v -6.2520285 156.65823 -6.402943
v -6.141028 156.46284 -6.0943885
v -6.1168065 156.56668 -6.5215697
v -5.9234986 156.23033 -6.2444296
v -6.9364405 156.27412 -6.436168
v -6.624238 156.2565 -6.088056
v -7.108115 156.06645 -6.457361
v -6.632563 155.99466 -6.1230807
v -6.1753564 156.03603 -6.0049424
v -6.229519 156.25012 -5.9982038
v -7.880161 156.54037 -6.0951123
v -8.048517 156.73807 -6.5176177
v -7.637526 157.12099 -6.888565
v -7.2357225 156.73843 -6.63498
v -7.8009014 157.13733 -7.2090955
v -8.270466 156.6292 -6.706986
v -8.252488 156.2082 -6.2051196
v -7.1680193 157.2657 -7.2113695
v -6.631267 157.04599 -7.167956
v -7.2447467 157.19148 -7.53651
v -6.6895328 156.81732 -7.674021
v -7.6732373 156.27272 -6.09469
v -7.078625 156.36534 -6.536676
v -6.5289984 156.57489 -7.0160174
v -6.612301 156.34341 -7.389763
v -7.241218 156.05424 -6.8450103
v -7.981749 155.99188 -6.23266
v 18.680885 165.33481 -3.048289
v 18.581318 165.86877 -3.033244
v 18.78896 165.88625 -2.9433563
v 18.795773 165.3771 -2.9928045
v 18.768538 166.24464 -3.0652313
v 18.647648 166.2289 -3.1378386
v 18.715715 166.31479 -3.1712334
v 18.604103 165.30873 -2.97804
v 18.45124 165.74503 -2.9545538
v 18.671106 165.771 -2.9045782
v 18.732649 165.35445 -2.9429095
v 18.600126 166.05177 -2.801745
v 18.465239 166.07816 -2.837108
v 18.512358 166.20593 -2.749709
v 18.508802 165.27585 -2.9327252
v 18.283875 165.6479 -2.873737
v 18.420422 165.73988 -2.873737
v 18.604368 165.30856 -2.9327252
v 18.159067 166.07274 -2.7402325
v 18.089088 165.99942 -2.7402325
v 18.045277 166.09413 -2.6778777
v 18.535534 165.28416 -3.0554693
v 18.272581 165.90689 -3.110922
v 18.469994 166.01886 -3.1087298
v 18.669212 165.33139 -3.0554693
v 18.218504 166.35773 -3.244804
v 18.085676 166.30807 -3.2568462
v 18.106962 166.4036 -3.3377142
v 18.499157 165.32825 -3.0079863
v 18.05294 165.62428 -3.0651824
v 18.138245 165.8339 -3.0825896
v 18.613752 165.40903 -3.0079057
v 17.796902 165.87311 -3.2621198
v 17.752405 165.74216 -3.2284026
v 17.701319 165.78175 -3.3376606
v 18.490925 165.27216 -2.967807
v 18.341473 165.36699 -2.93893
v 18.366087 165.45412 -2.9389508
v 18.534082 165.28558 -2.9680023
v 18.202078 165.51102 -2.8691423
v 18.204445 165.45532 -2.8686457
v 18.149736 165.47433 -2.8352544
v 18.70062 165.3357 -2.9755266
v 18.735535 165.54214 -2.9353728
v 18.838781 165.49748 -2.9437592
v 18.755701 165.35674 -2.975783
v 18.900906 165.66917 -2.8580449
v 18.83988 165.70097 -2.848366
v 18.899027 165.74539 -2.8100116
v -26.898363 156.49358 -8.514095
v -26.88169 156.68904 -8.713637
v -26.697224 156.73059 -8.740968
v -26.642174 156.557 -8.567405
v -26.683393 156.78355 -8.933076
v -26.905962 156.69572 -8.877258
v -26.97572 156.4382 -8.711832
v -26.510256 156.70378 -8.760604
v -26.38406 156.5898 -8.626931
v -26.474453 156.72333 -8.944259
v -26.313747 156.58176 -8.912146
v -26.835846 156.33185 -8.509693
v -26.609726 156.35771 -8.545055
v -26.89197 156.28937 -8.696315
v -26.600143 156.31262 -8.776815
v -26.34637 156.40475 -8.823895
v -26.387705 156.42584 -8.59374
v -13.512862 156.15611 -1.0510602
v -13.4752245 156.26126 -1.3498639
v -13.228059 156.27135 -1.2176318
v -13.16913 156.16953 -0.9543298
v -13.205547 156.24472 -1.4633429
v -13.506779 156.20581 -1.5483813
v -13.619538 156.03384 -1.2728337
v -12.983037 156.21945 -1.2266095
v -12.825301 156.15128 -1.027182
v -12.934152 156.1623 -1.4511017
v -12.732998 156.02466 -1.3633947
v -13.443117 155.99838 -0.9934625
v -13.142143 155.98627 -0.8645819
v -13.520702 155.89056 -1.2052526
v -13.133071 155.85164 -1.1273645
v -12.790242 155.89493 -1.2039269
v -12.843205 156.00938 -0.93664855
v 28.069637 173.81412 -8.22378
v 28.49221 174.41397 -9.71916
v 29.95535 175.35468 -8.2023535
v 28.878044 172.96579 -7.318556
v 30.651297 174.0221 -7.7202134
v 32.228706 175.50085 -7.7386675
v 28.49221 174.41397 -9.71916
v 28.846586 173.71057 -10.803315
v 29.79511 176.30963 -10.945881
v 29.271175 176.43893 -9.675673
v 28.436787 172.03041 -9.517141
v 28.069637 173.81412 -8.22378
v 28.878044 172.96579 -7.318556
v 29.30845 171.46416 -9.067872
v 31.770636 172.56314 -9.088274
v 30.651297 174.0221 -7.7202134
v 33.47225 174.45596 -9.078629
v 32.228706 175.50085 -7.7386675
v 33.15847 176.28699 -9.8631315
v 31.557465 177.29411 -8.207524
v 31.303368 177.16742 -10.584015
v 31.303368 177.16742 -10.584015
v 31.557465 177.29411 -8.207524
v 30.470184 177.56451 -9.460686
v 31.303368 177.16742 -10.584015
v 29.271175 176.43893 -9.675673
v 29.271175 176.43893 -9.675673
v 30.470184 177.56451 -9.460686
v 31.557465 177.29411 -8.207524
v 29.95535 175.35468 -8.2023535
v 32.228706 175.50085 -7.7386675
v 28.49221 174.41397 -9.71916
v 15.453772 160.21147 -7.2714944
v 15.288489 160.18367 -7.243695
v 15.288492 159.92726 -7.3499026
v 15.453773 159.92726 -7.3892174
v 15.453773 159.92726 -7.3892174
v 15.288492 159.92726 -7.3499026
v 15.288491 159.67085 -7.243695
v 15.453773 159.64305 -7.2714944
v 15.453773 159.64305 -7.2714944
v 15.288491 159.67085 -7.243695
v 15.288492 159.56464 -6.9872856
v 15.453773 159.52533 -6.9872856
v 15.453773 159.52533 -6.9872856
v 15.288492 159.56464 -6.9872856
v 15.288491 159.67085 -6.7308764
v 15.453773 159.64305 -6.703077
v 15.453773 159.64305 -6.703077
v 15.288491 159.67085 -6.7308764
v 15.288492 159.92726 -6.6246686
v 15.453773 159.92726 -6.585354
v 15.453773 159.92726 -6.585354
v 15.288492 159.92726 -6.6246686
v 15.288489 160.18367 -6.7308764
v 15.453773 160.21147 -6.703077
v 15.453773 160.21147 -6.703077
v 15.288489 160.18367 -6.7308764
v 15.288489 160.28987 -6.9872856
v 15.453773 160.3292 -6.9872856
v 15.453773 160.3292 -6.9872856
v 15.288489 160.28987 -6.9872856
v 15.288489 160.18367 -7.243695
v 15.453772 160.21147 -7.2714944
v 15.410564 160.1221 -7.1821237
v 15.410566 159.92726 -6.9872856
v 15.410566 159.92726 -7.2628274
v 15.410566 159.92726 -7.2628274
v 15.410566 159.92726 -6.9872856
v 15.410566 159.73242 -7.1821237
v 15.410566 159.73242 -7.1821237
v 15.410566 159.92726 -6.9872856
v 15.410566 159.65172 -6.9872856
v 15.410566 159.65172 -6.9872856
v 15.410566 159.92726 -6.9872856
v 15.410566 159.73242 -6.7924476
v 15.410566 159.73242 -6.7924476
v 15.410566 159.92726 -6.9872856
v 15.410566 159.92726 -6.711744
v 15.410566 159.92726 -6.711744
v 15.410566 159.92726 -6.9872856
v 15.410564 160.1221 -6.7924476
v 15.410564 160.1221 -6.7924476
v 15.410566 159.92726 -6.9872856
v 15.410564 160.2028 -6.9872856
v 15.410564 160.2028 -6.9872856
v 15.410566 159.92726 -6.9872856
v 15.410564 160.1221 -7.1821237
v 15.288489 160.18367 -7.243695
v 15.288491 160.1221 -7.1821237
v 15.288492 159.92726 -7.2628274
v 15.288492 159.92726 -7.3499026
v 15.288492 159.92726 -7.3499026
v 15.288492 159.92726 -7.2628274
v 15.288492 159.73242 -7.1821237
v 15.288491 159.67085 -7.243695
v 15.288491 159.67085 -7.243695
v 15.288492 159.73242 -7.1821237
v 15.288492 159.65172 -6.9872856
v 15.288492 159.56464 -6.9872856
v 15.288492 159.56464 -6.9872856
v 15.288492 159.65172 -6.9872856
v 15.288492 159.73242 -6.7924476
v 15.288491 159.67085 -6.7308764
v 15.288491 159.67085 -6.7308764
v 15.288492 159.73242 -6.7924476
v 15.288492 159.92726 -6.711744
v 15.288492 159.92726 -6.6246686
v 15.288492 159.92726 -6.6246686
v 15.288492 159.92726 -6.711744
v 15.288491 160.1221 -6.7924476
v 15.288489 160.18367 -6.7308764
v 15.288489 160.18367 -6.7308764
v 15.288491 160.1221 -6.7924476
v 15.288491 160.2028 -6.9872856
v 15.288489 160.28987 -6.9872856
v 15.288489 160.28987 -6.9872856
v 15.288491 160.2028 -6.9872856
v 15.288491 160.1221 -7.1821237
v 15.288489 160.18367 -7.243695
v 15.288491 160.1221 -7.1821237
v 15.410564 160.1221 -7.1821237
v 15.410566 159.92726 -7.2628274
v 15.288492 159.92726 -7.2628274
v 15.288492 159.92726 -7.2628274
v 15.410566 159.92726 -7.2628274
v 15.410566 159.73242 -7.1821237
v 15.288492 159.73242 -7.1821237
v 15.288492 159.73242 -7.1821237
v 15.410566 159.73242 -7.1821237
v 15.410566 159.65172 -6.9872856
v 15.288492 159.65172 -6.9872856
v 15.288492 159.65172 -6.9872856
v 15.410566 159.65172 -6.9872856
v 15.410566 159.73242 -6.7924476
v 15.288492 159.73242 -6.7924476
v 15.288492 159.73242 -6.7924476
v 15.410566 159.73242 -6.7924476
v 15.410566 159.92726 -6.711744
v 15.288492 159.92726 -6.711744
v 15.288492 159.92726 -6.711744
v 15.410566 159.92726 -6.711744
v 15.410564 160.1221 -6.7924476
v 15.288491 160.1221 -6.7924476
v 15.288491 160.1221 -6.7924476
v 15.410564 160.1221 -6.7924476
v 15.410564 160.2028 -6.9872856
v 15.288491 160.2028 -6.9872856
v 15.288491 160.2028 -6.9872856
v 15.410564 160.2028 -6.9872856
v 15.410564 160.1221 -7.1821237
v 15.288491 160.1221 -7.1821237
v 15.453772 158.94484 -7.2714944
v 15.288489 158.91704 -7.243695
v 15.288492 158.66063 -7.3499026
v 15.453773 158.66063 -7.3892174
v 15.453773 158.66063 -7.3892174
v 15.288492 158.66063 -7.3499026
v 15.288491 158.40422 -7.243695
v 15.453773 158.37642 -7.2714944
v 15.453773 158.37642 -7.2714944
v 15.288491 158.40422 -7.243695
v 15.288492 158.298 -6.9872856
v 15.453773 158.2587 -6.9872856
v 15.453773 158.2587 -6.9872856
v 15.288492 158.298 -6.9872856
v 15.288491 158.40422 -6.7308764
v 15.453773 158.37642 -6.703077
v 15.453773 158.37642 -6.703077
v 15.288491 158.40422 -6.7308764
v 15.288492 158.66063 -6.6246686
v 15.453773 158.66063 -6.585354
v 15.453773 158.66063 -6.585354
v 15.288492 158.66063 -6.6246686
v 15.288489 158.91704 -6.7308764
v 15.453773 158.94484 -6.703077
v 15.453773 158.94484 -6.703077
v 15.288489 158.91704 -6.7308764
v 15.288489 159.02324 -6.9872856
v 15.453773 159.06256 -6.9872856
v 15.453773 159.06256 -6.9872856
v 15.288489 159.02324 -6.9872856
v 15.288489 158.91704 -7.243695
v 15.453772 158.94484 -7.2714944
v 15.410564 158.85547 -7.1821237
v 15.410566 158.66063 -6.9872856
v 15.410566 158.66063 -7.2628274
v 15.410566 158.66063 -7.2628274
v 15.410566 158.66063 -6.9872856
v 15.410566 158.46579 -7.1821237
v 15.410566 158.46579 -7.1821237
v 15.410566 158.66063 -6.9872856
v 15.410566 158.38509 -6.9872856
v 15.410566 158.38509 -6.9872856
v 15.410566 158.66063 -6.9872856
v 15.410566 158.46579 -6.7924476
v 15.410566 158.46579 -6.7924476
v 15.410566 158.66063 -6.9872856
v 15.410566 158.66063 -6.711744
v 15.410566 158.66063 -6.711744
v 15.410566 158.66063 -6.9872856
v 15.410564 158.85547 -6.7924476
v 15.410564 158.85547 -6.7924476
v 15.410566 158.66063 -6.9872856
v 15.410564 158.93617 -6.9872856
v 15.410564 158.93617 -6.9872856
v 15.410566 158.66063 -6.9872856
v 15.410564 158.85547 -7.1821237
v 15.288489 158.91704 -7.243695
v 15.288491 158.85547 -7.1821237
v 15.288492 158.66063 -7.2628274
v 15.288492 158.66063 -7.3499026
v 15.288492 158.66063 -7.3499026
v 15.288492 158.66063 -7.2628274
v 15.288492 158.46579 -7.1821237
v 15.288491 158.40422 -7.243695
v 15.288491 158.40422 -7.243695
v 15.288492 158.46579 -7.1821237
v 15.288492 158.38509 -6.9872856
v 15.288492 158.298 -6.9872856
v 15.288492 158.298 -6.9872856
v 15.288492 158.38509 -6.9872856
v 15.288492 158.46579 -6.7924476
v 15.288491 158.40422 -6.7308764
v 15.288491 158.40422 -6.7308764
v 15.288492 158.46579 -6.7924476
v 15.288492 158.66063 -6.711744
v 15.288492 158.66063 -6.6246686
v 15.288492 158.66063 -6.6246686
v 15.288492 158.66063 -6.711744
v 15.288491 158.85547 -6.7924476
v 15.288489 158.91704 -6.7308764
v 15.288489 158.91704 -6.7308764
v 15.288491 158.85547 -6.7924476
v 15.288491 158.93617 -6.9872856
v 15.288489 159.02324 -6.9872856
v 15.288489 159.02324 -6.9872856
v 15.288491 158.93617 -6.9872856
v 15.288491 158.85547 -7.1821237
v 15.288489 158.91704 -7.243695
v 15.288491 158.85547 -7.1821237
v 15.410564 158.85547 -7.1821237
v 15.410566 158.66063 -7.2628274
v 15.288492 158.66063 -7.2628274
v 15.288492 158.66063 -7.2628274
v 15.410566 158.66063 -7.2628274
v 15.410566 158.46579 -7.1821237
v 15.288492 158.46579 -7.1821237
v 15.288492 158.46579 -7.1821237
v 15.410566 158.46579 -7.1821237
v 15.410566 158.38509 -6.9872856
v 15.288492 158.38509 -6.9872856
v 15.288492 158.38509 -6.9872856
v 15.410566 158.38509 -6.9872856
v 15.410566 158.46579 -6.7924476
v 15.288492 158.46579 -6.7924476
v 15.288492 158.46579 -6.7924476
v 15.410566 158.46579 -6.7924476
v 15.410566 158.66063 -6.711744
v 15.288492 158.66063 -6.711744
v 15.288492 158.66063 -6.711744
v 15.410566 158.66063 -6.711744
v 15.410564 158.85547 -6.7924476
v 15.288491 158.85547 -6.7924476
v 15.288491 158.85547 -6.7924476
v 15.410564 158.85547 -6.7924476
v 15.410564 158.93617 -6.9872856
v 15.288491 158.93617 -6.9872856
v 15.288491 158.93617 -6.9872856
v 15.410564 158.93617 -6.9872856
v 15.410564 158.85547 -7.1821237
v 15.288491 158.85547 -7.1821237
v 15.453772 158.94484 -6.1166105
v 15.288489 158.91704 -6.088811
v 15.288492 158.66063 -6.195019
v 15.453773 158.66063 -6.2343335
v 15.453773 158.66063 -6.2343335
v 15.288492 158.66063 -6.195019
v 15.288491 158.40422 -6.088811
v 15.453773 158.37642 -6.1166105
v 15.453773 158.37642 -6.1166105
v 15.288491 158.40422 -6.088811
v 15.288492 158.298 -5.8324018
v 15.453773 158.2587 -5.8324018
v 15.453773 158.2587 -5.8324018
v 15.288492 158.298 -5.8324018
v 15.288491 158.40422 -5.575992
v 15.453773 158.37642 -5.5481925
v 15.453773 158.37642 -5.5481925
v 15.288491 158.40422 -5.575992
v 15.288492 158.66063 -5.4697843
v 15.453773 158.66063 -5.43047
v 15.453773 158.66063 -5.43047
v 15.288492 158.66063 -5.4697843
v 15.288489 158.91704 -5.575992
v 15.453773 158.94484 -5.5481925
v 15.453773 158.94484 -5.5481925
v 15.288489 158.91704 -5.575992
v 15.288489 159.02324 -5.8324018
v 15.453773 159.06256 -5.8324018
v 15.453773 159.06256 -5.8324018
v 15.288489 159.02324 -5.8324018
v 15.288489 158.91704 -6.088811
v 15.453772 158.94484 -6.1166105
v 15.410564 158.85547 -6.02724
v 15.410566 158.66063 -5.8324018
v 15.410566 158.66063 -6.1079435
v 15.410566 158.66063 -6.1079435
v 15.410566 158.66063 -5.8324018
v 15.410566 158.46579 -6.02724
v 15.410566 158.46579 -6.02724
v 15.410566 158.66063 -5.8324018
v 15.410566 158.38509 -5.8324018
v 15.410566 158.38509 -5.8324018
v 15.410566 158.66063 -5.8324018
v 15.410566 158.46579 -5.637563
v 15.410566 158.46579 -5.637563
v 15.410566 158.66063 -5.8324018
v 15.410566 158.66063 -5.5568595
v 15.410566 158.66063 -5.5568595
v 15.410566 158.66063 -5.8324018
v 15.410564 158.85547 -5.637563
v 15.410564 158.85547 -5.637563
v 15.410566 158.66063 -5.8324018
v 15.410564 158.93617 -5.8324018
v 15.410564 158.93617 -5.8324018
v 15.410566 158.66063 -5.8324018
v 15.410564 158.85547 -6.02724
v 15.288489 158.91704 -6.088811
v 15.288491 158.85547 -6.02724
v 15.288492 158.66063 -6.1079435
v 15.288492 158.66063 -6.195019
v 15.288492 158.66063 -6.195019
v 15.288492 158.66063 -6.1079435
v 15.288492 158.46579 -6.02724
v 15.288491 158.40422 -6.088811
v 15.288491 158.40422 -6.088811
v 15.288492 158.46579 -6.02724
v 15.288492 158.38509 -5.8324018
v 15.288492 158.298 -5.8324018
v 15.288492 158.298 -5.8324018
v 15.288492 158.38509 -5.8324018
v 15.288492 158.46579 -5.637563
v 15.288491 158.40422 -5.575992
v 15.288491 158.40422 -5.575992
v 15.288492 158.46579 -5.637563
v 15.288492 158.66063 -5.5568595
v 15.288492 158.66063 -5.4697843
v 15.288492 158.66063 -5.4697843
v 15.288492 158.66063 -5.5568595
v 15.288491 158.85547 -5.637563
v 15.288489 158.91704 -5.575992
v 15.288489 158.91704 -5.575992
v 15.288491 158.85547 -5.637563
v 15.288491 158.93617 -5.8324018
v 15.288489 159.02324 -5.8324018
v 15.288489 159.02324 -5.8324018
v 15.288491 158.93617 -5.8324018
v 15.288491 158.85547 -6.02724
v 15.288489 158.91704 -6.088811
v 15.288491 158.85547 -6.02724
v 15.410564 158.85547 -6.02724
v 15.410566 158.66063 -6.1079435
v 15.288492 158.66063 -6.1079435
v 15.288492 158.66063 -6.1079435
v 15.410566 158.66063 -6.1079435
v 15.410566 158.46579 -6.02724
v 15.288492 158.46579 -6.02724
v 15.288492 158.46579 -6.02724
v 15.410566 158.46579 -6.02724
v 15.410566 158.38509 -5.8324018
v 15.288492 158.38509 -5.8324018
v 15.288492 158.38509 -5.8324018
v 15.410566 158.38509 -5.8324018
v 15.410566 158.46579 -5.637563
v 15.288492 158.46579 -5.637563
v 15.288492 158.46579 -5.637563
v 15.410566 158.46579 -5.637563
v 15.410566 158.66063 -5.5568595
v 15.288492 158.66063 -5.5568595
v 15.288492 158.66063 -5.5568595
v 15.410566 158.66063 -5.5568595
v 15.410564 158.85547 -5.637563
v 15.288491 158.85547 -5.637563
v 15.288491 158.85547 -5.637563
v 15.410564 158.85547 -5.637563
v 15.410564 158.93617 -5.8324018
v 15.288491 158.93617 -5.8324018
v 15.288491 158.93617 -5.8324018
v 15.410564 158.93617 -5.8324018
v 15.410564 158.85547 -6.02724
v 15.288491 158.85547 -6.02724
v 15.453772 160.21147 -6.1166105
v 15.288489 160.18367 -6.088811
v 15.288492 159.92726 -6.195019
v 15.453773 159.92726 -6.2343335
v 15.453773 159.92726 -6.2343335
v 15.288492 159.92726 -6.195019
v 15.288491 159.67085 -6.088811
v 15.453773 159.64305 -6.1166105
v 15.453773 159.64305 -6.1166105
v 15.288491 159.67085 -6.088811
v 15.288492 159.56464 -5.8324018
v 15.453773 159.52533 -5.8324018
v 15.453773 159.52533 -5.8324018
v 15.288492 159.56464 -5.8324018
v 15.288491 159.67085 -5.575992
v 15.453773 159.64305 -5.5481925
v 15.453773 159.64305 -5.5481925
v 15.288491 159.67085 -5.575992
v 15.288492 159.92726 -5.4697843
v 15.453773 159.92726 -5.43047
v 15.453773 159.92726 -5.43047
v 15.288492 159.92726 -5.4697843
v 15.288489 160.18367 -5.575992
v 15.453773 160.21147 -5.5481925
v 15.453773 160.21147 -5.5481925
v 15.288489 160.18367 -5.575992
v 15.288489 160.28987 -5.8324018
v 15.453773 160.3292 -5.8324018
v 15.453773 160.3292 -5.8324018
v 15.288489 160.28987 -5.8324018
v 15.288489 160.18367 -6.088811
v 15.453772 160.21147 -6.1166105
v 15.410564 160.1221 -6.02724
v 15.410566 159.92726 -5.8324018
v 15.410566 159.92726 -6.1079435
v 15.410566 159.92726 -6.1079435
v 15.410566 159.92726 -5.8324018
v 15.410566 159.73242 -6.02724
v 15.410566 159.73242 -6.02724
v 15.410566 159.92726 -5.8324018
v 15.410566 159.65172 -5.8324018
v 15.410566 159.65172 -5.8324018
v 15.410566 159.92726 -5.8324018
v 15.410566 159.73242 -5.637563
v 15.410566 159.73242 -5.637563
v 15.410566 159.92726 -5.8324018
v 15.410566 159.92726 -5.5568595
v 15.410566 159.92726 -5.5568595
v 15.410566 159.92726 -5.8324018
v 15.410564 160.1221 -5.637563
v 15.410564 160.1221 -5.637563
v 15.410566 159.92726 -5.8324018
v 15.410564 160.2028 -5.8324018
v 15.410564 160.2028 -5.8324018
v 15.410566 159.92726 -5.8324018
v 15.410564 160.1221 -6.02724
v 15.288489 160.18367 -6.088811
v 15.288491 160.1221 -6.02724
v 15.288492 159.92726 -6.1079435
v 15.288492 159.92726 -6.195019
v 15.288492 159.92726 -6.195019
v 15.288492 159.92726 -6.1079435
v 15.288492 159.73242 -6.02724
v 15.288491 159.67085 -6.088811
v 15.288491 159.67085 -6.088811
v 15.288492 159.73242 -6.02724
v 15.288492 159.65172 -5.8324018
v 15.288492 159.56464 -5.8324018
v 15.288492 159.56464 -5.8324018
v 15.288492 159.65172 -5.8324018
v 15.288492 159.73242 -5.637563
v 15.288491 159.67085 -5.575992
v 15.288491 159.67085 -5.575992
v 15.288492 159.73242 -5.637563
v 15.288492 159.92726 -5.5568595
v 15.288492 159.92726 -5.4697843
v 15.288492 159.92726 -5.4697843
v 15.288492 159.92726 -5.5568595
v 15.288491 160.1221 -5.637563
v 15.288489 160.18367 -5.575992
v 15.288489 160.18367 -5.575992
v 15.288491 160.1221 -5.637563
v 15.288491 160.2028 -5.8324018
v 15.288489 160.28987 -5.8324018
v 15.288489 160.28987 -5.8324018
v 15.288491 160.2028 -5.8324018
v 15.288491 160.1221 -6.02724
v 15.288489 160.18367 -6.088811
v 15.288491 160.1221 -6.02724
v 15.410564 160.1221 -6.02724
v 15.410566 159.92726 -6.1079435
v 15.288492 159.92726 -6.1079435
v 15.288492 159.92726 -6.1079435
v 15.410566 159.92726 -6.1079435
v 15.410566 159.73242 -6.02724
v 15.288492 159.73242 -6.02724
v 15.288492 159.73242 -6.02724
v 15.410566 159.73242 -6.02724
v 15.410566 159.65172 -5.8324018
v 15.288492 159.65172 -5.8324018
v 15.288492 159.65172 -5.8324018
v 15.410566 159.65172 -5.8324018
v 15.410566 159.73242 -5.637563
v 15.288492 159.73242 -5.637563
v 15.288492 159.73242 -5.637563
v 15.410566 159.73242 -5.637563
v 15.410566 159.92726 -5.5568595
v 15.288492 159.92726 -5.5568595
v 15.288492 159.92726 -5.5568595
v 15.410566 159.92726 -5.5568595
v 15.410564 160.1221 -5.637563
v 15.288491 160.1221 -5.637563
v 15.288491 160.1221 -5.637563
v 15.410564 160.1221 -5.637563
v 15.410564 160.2028 -5.8324018
v 15.288491 160.2028 -5.8324018
v 15.288491 160.2028 -5.8324018
v 15.410564 160.2028 -5.8324018
v 15.410564 160.1221 -6.02724
v 15.288491 160.1221 -6.02724
v 15.453772 157.0295 -6.6935697
v 15.288489 157.00171 -6.66577
v 15.288492 156.74529 -6.771978
v 15.453773 156.74529 -6.8112926
v 15.453773 156.74529 -6.8112926
v 15.288492 156.74529 -6.771978
v 15.288491 156.48888 -6.66577
v 15.453773 156.46109 -6.6935697
v 15.453773 156.46109 -6.6935697
v 15.288491 156.48888 -6.66577
v 15.288492 156.38268 -6.409361
v 15.453774 156.34335 -6.409361
v 15.453774 156.34335 -6.409361
v 15.288492 156.38268 -6.409361
v 15.288491 156.48888 -6.1529517
v 15.453773 156.46109 -6.1251516
v 15.453773 156.46109 -6.1251516
v 15.288491 156.48888 -6.1529517
v 15.288492 156.74529 -6.046744
v 15.453773 156.74529 -6.007429
v 15.453773 156.74529 -6.007429
v 15.288492 156.74529 -6.046744
v 15.288489 157.00171 -6.1529517
v 15.453772 157.0295 -6.1251516
v 15.453772 157.0295 -6.1251516
v 15.288489 157.00171 -6.1529517
v 15.288489 157.10791 -6.409361
v 15.453773 157.14722 -6.409361
v 15.453773 157.14722 -6.409361
v 15.288489 157.10791 -6.409361
v 15.288489 157.00171 -6.66577
v 15.453772 157.0295 -6.6935697
v 15.410564 156.94012 -6.604199
v 15.410566 156.74529 -6.409361
v 15.410566 156.74529 -6.6849027
v 15.410566 156.74529 -6.6849027
v 15.410566 156.74529 -6.409361
v 15.410566 156.55046 -6.604199
v 15.410566 156.55046 -6.604199
v 15.410566 156.74529 -6.409361
v 15.410566 156.46976 -6.409361
v 15.410566 156.46976 -6.409361
v 15.410566 156.74529 -6.409361
v 15.410566 156.55046 -6.2145224
v 15.410566 156.55046 -6.2145224
v 15.410566 156.74529 -6.409361
v 15.410566 156.74529 -6.1338186
v 15.410566 156.74529 -6.1338186
v 15.410566 156.74529 -6.409361
v 15.410564 156.94012 -6.2145224
v 15.410564 156.94012 -6.2145224
v 15.410566 156.74529 -6.409361
v 15.410564 157.02083 -6.409361
v 15.410564 157.02083 -6.409361
v 15.410566 156.74529 -6.409361
v 15.410564 156.94012 -6.604199
v 15.288489 157.00171 -6.66577
v 15.288491 156.94012 -6.604199
v 15.288492 156.74529 -6.6849027
v 15.288492 156.74529 -6.771978
v 15.288492 156.74529 -6.771978
v 15.288492 156.74529 -6.6849027
v 15.288492 156.55046 -6.604199
v 15.288491 156.48888 -6.66577
v 15.288491 156.48888 -6.66577
v 15.288492 156.55046 -6.604199
v 15.288492 156.46976 -6.409361
v 15.288492 156.38268 -6.409361
v 15.288492 156.38268 -6.409361
v 15.288492 156.46976 -6.409361
v 15.288492 156.55046 -6.2145224
v 15.288491 156.48888 -6.1529517
v 15.288491 156.48888 -6.1529517
v 15.288492 156.55046 -6.2145224
v 15.288492 156.74529 -6.1338186
v 15.288492 156.74529 -6.046744
v 15.288492 156.74529 -6.046744
v 15.288492 156.74529 -6.1338186
v 15.288491 156.94012 -6.2145224
v 15.288489 157.00171 -6.1529517
v 15.288489 157.00171 -6.1529517
v 15.288491 156.94012 -6.2145224
v 15.288491 157.02083 -6.409361
v 15.288489 157.10791 -6.409361
v 15.288489 157.10791 -6.409361
v 15.288491 157.02083 -6.409361
v 15.288491 156.94012 -6.604199
v 15.288489 157.00171 -6.66577
v 15.288491 156.94012 -6.604199
v 15.410564 156.94012 -6.604199
v 15.410566 156.74529 -6.6849027
v 15.288492 156.74529 -6.6849027
v 15.288492 156.74529 -6.6849027
v 15.410566 156.74529 -6.6849027
v 15.410566 156.55046 -6.604199
v 15.288492 156.55046 -6.604199
v 15.288492 156.55046 -6.604199
v 15.410566 156.55046 -6.604199
v 15.410566 156.46976 -6.409361
v 15.288492 156.46976 -6.409361
v 15.288492 156.46976 -6.409361
v 15.410566 156.46976 -6.409361
v 15.410566 156.55046 -6.2145224
v 15.288492 156.55046 -6.2145224
v 15.288492 156.55046 -6.2145224
v 15.410566 156.55046 -6.2145224
v 15.410566 156.74529 -6.1338186
v 15.288492 156.74529 -6.1338186
v 15.288492 156.74529 -6.1338186
v 15.410566 156.74529 -6.1338186
v 15.410564 156.94012 -6.2145224
v 15.288491 156.94012 -6.2145224
v 15.288491 156.94012 -6.2145224
v 15.410564 156.94012 -6.2145224
v 15.410564 157.02083 -6.409361
v 15.288491 157.02083 -6.409361
v 15.288491 157.02083 -6.409361
v 15.410564 157.02083 -6.409361
v 15.410564 156.94012 -6.604199
v 15.288491 156.94012 -6.604199
v 6.995942 155.63635 -8.88386
v 7.674646 157.81047 -8.88386
v 10.210895 157.81047 -8.167843
v 10.302514 155.63635 -8.167843
v 15.453773 160.93329 -9.468939
v 12.902331 162.15236 -9.97732
v 15.453774 162.15236 -9.97732
v 12.902331 160.18637 -9.1576395
v 15.453773 160.18715 -9.157964
v 10.4631 159.52946 -8.88386
v 12.902331 159.379 -8.821183
v 10.210895 157.81047 -8.167843
v 12.902331 159.02795 -8.674964
v 15.453773 159.37958 -8.821425
v 15.453773 159.02867 -8.6752615
v 12.902331 158.22147 -8.339037
v 12.902331 157.81047 -8.167844
v 15.453773 157.81047 -8.167844
v 15.453773 158.22186 -8.339201
v 10.302514 155.63635 -8.167843
v 11.083457 155.93636 -8.167843
v 11.083457 155.93636 0
v 11.083457 155.93636 0
v 15.453774 156.14734 -1.4353104
v 15.453774 156.149 7.653959E-17
v 15.453774 156.1475 -3.9369469
v 11.083457 155.93636 -8.167843
v 15.453774 156.15018 -8.167844
v 14.160136 162.50468 -5.684342E-16
v 14.160136 162.50468 -10.32996
v 15.453774 162.50468 -10.32996
v 15.453774 162.50468 -5.684342E-16
v 14.365156 161.599 -5.684342E-16
v 14.365156 161.599 -10.32996
v 14.160136 162.50468 -10.32996
v 14.160136 162.50468 -5.684342E-16
v 15.453774 160.9331 -5.684342E-16
v 15.453773 160.93329 -9.468939
v 14.365156 161.599 -10.32996
v 14.365156 161.599 -5.684342E-16
v 9.786149 159.34818 -9.702546
v 9.786149 159.34818 -8.88386
v 7.674646 157.81047 -8.88386
v 7.693587 157.81047 -9.702546
v 10.4631 159.52946 -9.702546
v 10.4631 159.52946 -8.88386
v 12.902331 162.15236 -9.97732
v 12.902331 162.15236 -10.796007
v 15.453774 162.15236 -10.796007
v 15.453774 162.15236 -9.97732
v 6.995942 155.63635 -8.88386
v 6.995942 155.63635 -9.702546
v 10.302514 155.63635 -8.167843
v 10.210895 157.81047 -8.167843
v 11.083457 155.93636 -8.167843
v 12.902331 156.92468 -8.167843
v 12.902331 157.81047 -8.167844
v 15.453774 156.92365 -8.167844
v 15.453774 156.15018 -8.167844
v 15.453773 160.93329 -4.8907954E-17
v 15.453773 160.02574 -1.6966728
v 15.453773 160.1902 -2.1485052
v 15.453773 160.1902 -3.2237542
v 15.453773 160.93329 -9.468939
v 15.453773 160.02574 -3.6755867
v 15.453773 159.3346 -4.4992757
v 15.453773 159.3346 -0.8729843
v 15.453773 158.91818 -0.63256896
v 15.453773 157.85927 -0.44585386
v 15.453774 156.149 7.653959E-17
v 15.45451 157.38574 -0.5293488
v 15.45451 156.45454 -1.0669734
v 15.453774 156.14734 -1.4353104
v 15.453773 160.18715 -9.157964
v 15.453773 158.91818 -4.73969
v 15.453773 159.37958 -8.821425
v 15.453773 159.02867 -8.6752615
v 15.453773 158.22186 -8.339201
v 15.453773 157.85927 -4.926405
v 15.453773 157.81047 -8.167844
v 15.453774 156.92365 -8.167844
v 15.453773 157.38574 -4.842909
v 15.453774 156.15018 -8.167844
v 15.45451 156.45454 -4.3052845
v 15.453774 156.1475 -3.9369469
v 15.453773 157.72462 -8.36569
v 15.453774 157.00958 -8.36569
v 15.453773 160.03288 -9.308015
v 15.453773 159.38174 -9.036667
v 15.453773 158.87439 -8.825326
v 15.453773 158.22388 -8.554364
v 9.786149 159.34818 -8.88386
v 10.4631 159.52946 -8.88386
v 10.210895 157.81047 -8.167843
v 7.674646 157.81047 -8.88386
v 15.453773 157.72462 -8.36569
v 15.453774 157.00958 -8.36569
v 12.988303 157.01042 -8.365689
v 12.988303 157.72462 -8.36569
v 15.453773 160.03288 -9.308015
v 15.453773 159.38174 -9.036667
v 12.988303 159.38127 -9.036472
v 12.988303 160.03226 -9.307753
v 15.453773 158.87439 -8.825326
v 15.453773 158.22388 -8.554364
v 12.988303 158.22356 -8.554233
v 12.988303 158.87383 -8.825086
v 15.453773 157.81047 -8.167844
v 15.453773 157.72462 -8.36569
v 12.988303 157.72462 -8.36569
v 12.902331 157.81047 -8.167844
v 12.902331 157.81047 -8.167844
v 12.988303 157.72462 -8.36569
v 12.988303 157.01042 -8.365689
v 12.902331 156.92468 -8.167843
v 12.902331 156.92468 -8.167843
v 12.988303 157.01042 -8.365689
v 15.453774 157.00958 -8.36569
v 15.453774 156.92365 -8.167844
v 15.453773 160.18715 -9.157964
v 15.453773 160.03288 -9.308015
v 12.988303 160.03226 -9.307753
v 12.902331 160.18637 -9.1576395
v 12.902331 160.18637 -9.1576395
v 12.988303 160.03226 -9.307753
v 12.988303 159.38127 -9.036472
v 12.902331 159.379 -8.821183
v 12.902331 159.379 -8.821183
v 12.988303 159.38127 -9.036472
v 15.453773 159.38174 -9.036667
v 15.453773 159.37958 -8.821425
v 15.453773 159.02867 -8.6752615
v 15.453773 158.87439 -8.825326
v 12.988303 158.87383 -8.825086
v 12.902331 159.02795 -8.674964
v 12.902331 159.02795 -8.674964
v 12.988303 158.87383 -8.825086
v 12.988303 158.22356 -8.554233
v 12.902331 158.22147 -8.339037
v 12.902331 158.22147 -8.339037
v 12.988303 158.22356 -8.554233
v 15.453773 158.22388 -8.554364
v 15.453773 158.22186 -8.339201
v 11.083457 155.63602 3.0517575E-07
v 11.083457 155.93636 0
v 15.453774 156.15253 0
v 15.453774 155.63602 3.0517575E-07
v 14.365156 161.599 3.0517575E-07
v 14.160136 162.50468 3.390772E-23
v 15.453774 162.50468 3.391294E-23
v 15.453773 160.93329 3.0517575E-07
v -37.296425 164.69582 -17.541147
v 11.691709 164.69582 -17.541147
v 11.691709 161.20296 -16.736397
v -37.296425 161.20296 -16.736397
v 7.050199 167.33156 -17.541147
v 10.997294 168.3731 -17.541147
v 11.691709 168.01239 -17.541147
v 10.579771 168.49529 -17.541147
v 10.175717 168.54431 -17.541147
v 8.047699 167.76639 -17.541147
v 9.771664 168.55196 -17.541147
v 8.438285 167.94711 -17.541147
v 8.842338 168.1524 -17.541147
v 9.327204 168.43205 -17.541147
v 7.381283 167.54047 -17.541147
v 6.6019206 167.36581 -17.541147
v 5.9034276 168.07744 -17.541147
v 11.691708 157.71008 -14.791049
v -37.29643 157.71008 -14.791049
v -7.1361423 167.50607 -17.541147
v 4.626707 170.065 -17.541147
v 4.0340943 170.25356 -17.541147
v 3.4818869 170.30743 -17.541147
v 2.6737785 171.06166 -17.541147
v -1.9863126 169.97072 -17.541147
v 1.6367062 172.16608 -17.541147
v 1.3808054 172.17955 -17.541147
v -0.046852764 171.46571 -17.541147
v -0.98964584 171.16942 -17.541147
v -2.646268 169.90338 -17.541147
v -4.020052 169.18954 -17.541147
v -5.5689263 169.16261 -17.541147
v -6.7002773 168.17941 -17.541147
v -13.12122 167.21077 -17.541147
v -7.914855 167.90073 -17.541147
v -11.779927 167.43071 -17.541147
v -8.638113 168.4402 -17.541147
v -9.402471 168.64053 -17.541147
v -10.167493 168.35051 -17.541147
v -11.055389 167.87907 -17.541147
v -12.354062 167.3952 -17.541147
v -13.954917 167.47675 -17.541147
v -14.646992 168.0459 -17.541147
v -15.810351 168.65121 -17.541147
v -16.593409 168.86797 -17.541147
v -18.451788 168.70789 -17.541147
v -17.71866 168.90337 -17.541147
v -19.030287 168.97832 -17.541147
v -19.730953 169.974 -17.541147
v -20.284111 169.96172 -17.541147
v -21.21833 170.18297 -17.541147
v -21.710024 170.44112 -17.541147
v -24.24225 169.91254 -17.541147
v -23.615341 170.20755 -17.541147
v -22.21401 171.19095 -17.541147
v -22.767168 171.24011 -17.541147
v -23.160522 171.03114 -17.541147
v -25.667995 169.39105 -17.541147
v -25.22564 169.6421 -17.541147
v -24.869165 169.85107 -17.541147
v -26.055666 169.61172 -17.541147
v -27.2785 169.32365 -17.541147
v -26.654604 169.35999 -17.541147
v -28.069902 169.97115 -17.541147
v -28.721567 170.06555 -17.541147
v -30.912027 168.82158 -17.541145
v -30.1442 169.43587 -17.541147
v -29.135386 170.28387 -17.541147
v -29.560251 170.05215 -17.541147
v -30.743164 169.15015 -17.541145
v -31.626905 168.4279 -17.541145
v -32.270668 168.86496 -17.541145
v -32.54163 168.92989 -17.541145
v -32.978374 169.501 -17.541145
v -33.04556 169.90416 -17.541145
v -33.25834 170.01614 -17.541145
v -33.672684 169.81456 -17.541145
v -34.09823 169.63539 -17.541145
v -34.635757 168.92989 -17.541145
v -34.91572 168.7955 -17.541145
v -35.63243 168.7059 -17.541145
v -36.02438 168.26917 -17.541145
v -36.606705 167.70924 -17.541145
v -37.296425 168.01239 -17.541147
v -37.296425 164.69582 -17.541147
v -26.654604 169.35999 -17.541147
v -26.055666 169.61172 -17.541147
v -58.854668 164.69582 -17.541147
v -37.296455 164.69582 -17.541147
v -37.296455 161.20296 -16.736397
v -58.85322 161.20296 -16.736397
v -41.93796 167.33156 -17.541147
v -37.990868 168.3731 -17.541147
v -37.296455 168.01239 -17.541147
v -38.408394 168.49529 -17.541147
v -38.812447 168.54431 -17.541147
v -40.940464 167.76639 -17.541147
v -39.216503 168.55196 -17.541147
v -40.549877 167.94711 -17.541147
v -40.145824 168.1524 -17.541147
v -39.66096 168.43205 -17.541147
v -41.60688 167.54047 -17.541147
v -42.386246 167.36581 -17.541147
v -43.084736 168.07744 -17.541147
v -37.296455 157.71008 -14.791049
v -58.843395 157.71008 -14.791049
v -44.361454 170.065 -17.541147
v -44.95407 170.25356 -17.541147
v -45.50628 170.30743 -17.541147
v -46.314384 171.06166 -17.541147
v -47.35146 172.16608 -17.541147
v -47.607357 172.17955 -17.541147
v -50.974476 169.97072 -17.541147
v -49.035015 171.46571 -17.541147
v -49.977806 171.16942 -17.541147
v -51.634434 169.90338 -17.541147
v -53.008217 169.18954 -17.541147
v -56.124306 167.50607 -17.541147
v -54.557087 169.16261 -17.541147
v -55.688442 168.17941 -17.541147
v -56.903015 167.90073 -17.541147
v -57.626278 168.4402 -17.541147
v -58.390633 168.64053 -17.541147
v -58.849854 168.46645 -17.541147
v 23.320143 169.39105 -17.541147
v 23.46623 164.69582 -17.541147
v 11.691713 164.69582 -17.541147
v 22.932472 169.61172 -17.541147
v 19.28296 161.20296 -16.736397
v 11.691713 161.20296 -16.736397
v 15.283979 157.71008 -14.791049
v 11.691711 157.71008 -14.791049
v 21.709639 169.32365 -17.541147
v 22.333534 169.35999 -17.541147
v 20.918238 169.97115 -17.541147
v 20.266573 170.06555 -17.541147
v 18.07611 168.82158 -17.541145
v 18.84394 169.43587 -17.541147
v 19.852755 170.28387 -17.541147
v 19.427889 170.05215 -17.541147
v 18.244976 169.15015 -17.541145
v 17.361233 168.4279 -17.541145
v 16.71747 168.86496 -17.541145
v 16.44651 168.92989 -17.541145
v 16.009766 169.501 -17.541145
v 15.9425745 169.90416 -17.541145
v 15.729802 170.01614 -17.541145
v 15.315456 169.81456 -17.541145
v 14.889912 169.63539 -17.541145
v 14.352382 168.92989 -17.541145
v 14.072416 168.7955 -17.541145
v 13.35571 168.7059 -17.541145
v 12.963758 168.26917 -17.541145
v 12.381435 167.70924 -17.541145
v 11.691713 168.01239 -17.541147
v 11.691713 164.69582 -17.541147
v 22.333534 169.35999 -17.541147
v 22.932472 169.61172 -17.541147
v 14.650297 162.50438 3.0636795E-07
v 15.146168 162.98283 2.7656563E-07
v 15.4537735 162.50468 3.0517586E-07
v 15.146168 162.98283 2.7656563E-07
v 15.9537735 163.00456 3.0159958E-07
v 15.4537735 162.50468 3.0517586E-07
vt 0 0.6078451
vt 0.12202132 0.74809915
vt 0 0.74809915
vt 0 0.6982422
vt 0.0150371725 0.6997859
vt 0.018308984 0.74809915
vt 0 0.74809915
vt 0.01121106 0.64334404
vt 5.9604645E-08 0.6441399
vt 0.012678586 0.5788525
vt 8.940697E-08 0.58087844
vt 8.940697E-08 0.5
vt 0.25 0.74809915
vt 0.14925168 0.61054844
vt 0.08206012 0.56409776
vt 0.10349302 0.57891464
vt 0.110464364 0.56389916
vt 0.1171235 0.53500825
vt 0.09172649 0.5
vt 0.11103095 0.5
vt 0.12552153 0.5343022
vt 0.06250009 0.5
vt 0.07890056 0.5
vt 0.031068046 0.5
vt 0.12500009 0.5
vt 0.13239212 0.53638405
vt 0.15208198 0.5326488
vt 0.16110063 0.5
vt 0.1676993 0.52353936
vt 0.18750009 0.5
vt 0.18430655 0.526335
vt 0.20484145 0.539694
vt 0.2177759 0.52105886
vt 0.21680188 0.5
vt 0.25 0.514224
vt 0.25 0.5
vt 0.13794325 0.563707
vt 3.9025263E-08 0.6983535
vt 0.25 0.6983535
vt 0.25 0.74809915
vt 0 0.74809915
vt 0.25 0.6441399
vt 5.9604645E-08 0.6441399
vt 0.25 0.58087844
vt 8.940697E-08 0.58087844
vt 0.25 0.5
vt 8.940697E-08 0.5
vt 3.9025263E-08 0.6983535
vt 0.25 0.6983535
vt 0.25 0.74809915
vt 0 0.74809915
vt 0.25 0.6441399
vt 5.9604645E-08 0.6441399
vt 0.25 0.58087844
vt 8.940697E-08 0.58087844
vt 0.25 0.5
vt 8.940697E-08 0.5
vt 3.9025263E-08 0.6983535
vt 0.25 0.6983535
vt 0.25 0.74809915
vt 0 0.74809915
vt 0.25 0.6441399
vt 5.9604645E-08 0.6441399
vt 0.25 0.58087844
vt 8.940697E-08 0.58087844
vt 0.25 0.5
vt 8.940697E-08 0.5
vt 0.12716362 0.617051
vt 0.116463974 0.6518941
vt 0.09386769 0.6203041
vt 0.104786456 0.6047938
vt 0.08445871 0.63821745
vt 0.09632094 0.6604673
vt 0.12711516 0.66666996
vt 0.1159414 0.5830216
vt 0.09988784 0.5892365
vt 0.10727425 0.57237566
vt 0.081680685 0.574832
vt 0.09533148 0.5435111
vt 0.109858654 0.5352
vt 0.09609583 0.5193146
vt 0.11103755 0.51611316
vt 0.10629615 0.5000861
vt 0.145049 0.64616454
vt 0.14023553 0.6683893
vt 0.25 0.6441399
vt 0.25 0.7090522
vt 0.19749698 0.6972871
vt 0.18680742 0.6426513
vt 0.14023553 0.6683893
vt 0.145049 0.64616454
vt 0.12716362 0.617051
vt 0.25 0.58087844
vt 0.1159414 0.5830216
vt 0.10727425 0.57237566
vt 0.109858654 0.5352
vt 0.25 0.5
vt 0.11103755 0.51611316
vt 0.10629615 0.5000861
vt 0.25 0.74809915
vt 0.19810253 0.7461355
vt 0.17496422 0.6992173
vt 0.2395444 0.6078451
vt 0.25 0.5
vt 0.25 0.51406
vt 0.18723074 0.5107462
vt 0.18750009 0.5
vt 0.17845748 0.50899255
vt 0.12371731 0.51028436
vt 0.12500009 0.5
vt 0.0538001 0.51312464
vt 0.053904198 0.5
vt 8.940697E-08 0.5139591
vt 8.940697E-08 0.5
vt 0.95196176 0.32685572
vt 0.7406511 0.32014838
vt 0.7477101 0.34492412
vt 0.95311713 0.36130401
vt 0.94849795 0.3055716
vt 0.73703784 0.3085533
vt 0.9432314 0.28818122
vt 0.73244214 0.28824642
vt 0.45443946 0.31957993
vt 0.44778022 0.338275
vt 0.18636394 0.34834054
vt 0.2655143 0.3728715
vt 0.45352706 0.36376956
vt 0.27741572 0.38866785
vt 0.4550168 0.37759954
vt 0.27190652 0.39814898
vt 0.45646048 0.38894564
vt 0.2573873 0.4128177
vt 0.43501282 0.40729392
vt 0.18786527 0.32736403
vt 0.44912884 0.3079342
vt 0.16886091 0.31284565
vt 0.44703823 0.29016575
vt 0.17132236 0.29331368
vt 0.72931975 0.41448224
vt 0.7281482 0.37026966
vt 0.7171223 0.38227123
vt 0.94597465 0.39154515
vt 0.71449417 0.39787465
vt 0.93479025 0.42149857
vt 0.11026692 0.41837788
vt 0.1048278 0.4087072
vt 0.10511821 0.32767725
vt 0.09833764 0.35296306
vt 0.11122795 0.37993357
vt 0.10992426 0.39806795
vt 0.74666923 0.3580156
vt 0.94928896 0.37751266
vt 0.09609005 0.31257412
vt 0.09300101 0.29697457
vt 0.15347666 0.26639467
vt 0.08728021 0.26831898
vt 0.1430927 0.25281888
vt 0.43368652 0.23921695
vt 0.43005756 0.26286983
vt 0.71235913 0.24118997
vt 0.7209991 0.26345938
vt 0.7048573 0.2132429
vt 0.4248278 0.21392554
vt 0.16213712 0.23452808
vt 0.16466533 0.2192841
vt 0.69522035 0.19343089
vt 0.86288595 0.19128056
vt 0.8652611 0.2056585
vt 0.93131745 0.18814805
vt 0.9323532 0.19533227
vt 0.9348153 0.2507703
vt 0.93695307 0.26654294
vt 0.85771835 0.18102798
vt 0.6898953 0.18166812
vt 0.70902854 0.16098975
vt 0.58760816 0.15768448
vt 0.7065749 0.14360686
vt 0.8675554 0.14229554
vt 0.8503059 0.16171487
vt 0.92538935 0.15901431
vt 0.9302699 0.18088256
vt 0.5878046 0.14338328
vt 0.4019768 0.16225319
vt 0.4335934 0.18897223
vt 0.18243894 0.1716491
vt 0.18866216 0.14716718
vt 0.40016708 0.14542477
vt 0.33687767 0.12801395
vt 0.346585 0.10862263
vt 0.16420802 0.1290924
vt 0.23076352 0.11389209
vt 0.9307376 0.14316146
vt 0.061372843 0.13598001
vt 0.06212101 0.15385658
vt 0.057775233 0.17141455
vt 0.045691784 0.12199193
vt 0.16118048 0.11607453
vt 0.17333293 0.10161826
vt 0.25331697 0.10132875
vt 0.19677278 0.082376085
vt 0.04145571 0.107274234
vt 0.11295468 0.08216306
vt 0.22402743 0.06608378
vt 0.042768884 0.07002133
vt 0.22252776 0.04803281
vt 0.33981118 0.063244596
vt 0.31429902 0.026146825
vt 0.40497145 0.044176545
vt 0.21783568 0.022359507
vt 0.036243953 0.044984445
vt 0.042586125 0.017609596
vt 0.038619135 0.08205357
vt 0.3431907 0.101284884
vt 0.93479025 0.42149857
vt 0.72931975 0.41448224
vt 0.93314815 0.41967967
vt 0.7952214 0.4598288
vt 0.9193366 0.4758221
vt 0.92019224 0.47033903
vt 0.73650986 0.4600692
vt 0.92095697 0.4661179
vt 0.73038095 0.453968
vt 0.9225774 0.4571747
vt 0.7106052 0.4453564
vt 0.9241978 0.4482315
vt 0.7318956 0.43280444
vt 0.92581815 0.43928832
vt 0.9282727 0.43272194
vt 0.39217576 0.42120528
vt 0.48055255 0.45249772
vt 0.24500492 0.4249194
vt 0.27654383 0.4426048
vt 0.11331401 0.44502306
vt 0.14082131 0.45450902
vt 0.3039476 0.451337
vt 0.10608834 0.43375653
vt 0.48055255 0.45249772
vt 0.93314815 0.41967967
vt 0.16832861 0.46399504
vt 0.24895933 0.46474725
vt 0.42367402 0.45952928
vt 0.16279857 0.47352612
vt 0.29750255 0.46706554
vt 0.15672286 0.48122805
vt 0.3392601 0.47874507
vt 0.4961196 0.47634217
vt 0.15298104 0.4921346
vt 0.24402814 0.49572754
vt 0.42347756 0.48340756
vt 0.42367402 0.45952928
vt 0.73650986 0.4600692
vt 0.17491029 0.18869482
vt 0.08441037 0.1913515
vt 0.079723395 0.21708298
vt 0.08160652 0.23250598
vt 0.08348965 0.24792896
vt 0.42367402 0.45952928
vt 0.77277875 0.45726913
vt 0.7952214 0.4598288
vt 0.7952214 0.4598288
vt 0.73650986 0.4600692
vt 0.73650986 0.4600692
vt 0.92019224 0.47033903
vt 0.7952214 0.4598288
vt 0.77277875 0.45726913
vt 0.72344077 0.47511482
vt 0.91480535 0.4894639
vt 0.77277875 0.45726913
vt 0.91318494 0.4984071
vt 0.73741245 0.48711208
vt 0.766829 0.4974179
vt 0.4961196 0.47634217
vt 0.72344077 0.47511482
vt 0.42367405 0.45952928
vt 0.42347756 0.48340756
vt 0.4961196 0.47634217
vt 0.72344077 0.47511482
vt 0.77277875 0.45726913
vt 0.4961196 0.47634217
vt 0.24895935 0.4647473
vt 0.29750255 0.46706554
vt 0.23622537 0.2789869
vt 0.32899857 0.27139312
vt 0.35498717 0.22214341
vt 0.26004553 0.23365462
vt 0.23009366 0.3395114
vt 0.30046365 0.32933563
vt 0.478904 0.21428785
vt 0.4360889 0.26631323
vt 0.38886338 0.30185634
vt 0.3674459 0.3344937
vt 0.15972364 0.34968722
vt 0.14724708 0.28846473
vt 0.17824656 0.23633215
vt 0.4889011 0.2418086
vt 0.4360889 0.26631323
vt 0.3674459 0.3344937
vt 0.5356478 0.18152592
vt 0.478904 0.21428785
vt 0.4889011 0.2418086
vt 0.39103812 0.16400297
vt 0.41796517 0.07754573
vt 0.24736932 0.10391867
vt 0.20537665 0.19301319
vt 0.5356478 0.18152592
vt 0.5750604 0.112693354
vt 0.35498717 0.22214341
vt 0.478904 0.21428785
vt 0.26004553 0.23365462
vt 0.17824656 0.23633215
vt 0.7329639 0.21623117
vt 0.76719207 0.23965487
vt 0.78110725 0.19474097
vt 0.67312694 0.18039627
vt 0.76051694 0.24102607
vt 0.4889011 0.2418086
vt 0.38606286 0.34879965
vt 0.40863127 0.366142
vt 0.5147823 0.38697633
vt 0.5575322 0.24828953
vt 0.3674459 0.3344937
vt 0.56310785 0.3297708
vt 0.58955646 0.29846212
vt 0.4889011 0.2418086
vt 0.5575322 0.24828953
vt 0.55042607 0.22661048
vt 0.585379 0.22684884
vt 0.57895136 0.25448963
vt 0.58955646 0.29846212
vt 0.6012608 0.31630218
vt 0.5860766 0.26411638
vt 0.48922226 0.26584855
vt 0.48844692 0.3121022
vt 0.42341736 0.28074086
vt 0.37696105 0.34313226
vt 0.46236467 0.38418514
vt 0.52719235 0.38360977
vt 0.5967726 0.3829922
vt 0.65636396 0.26460704
vt 0.6012608 0.31630218
vt 0.5967726 0.3829922
vt 0.70144546 0.35122818
vt 0.6208115 0.2004658
vt 0.5860766 0.26411638
vt 0.27804804 0.2925624
vt 0.35304636 0.24638419
vt 0.28498226 0.19473523
vt 0.20126152 0.23526019
vt 0.42341736 0.28074086
vt 0.37696105 0.34313226
vt 0.16983616 0.197289
vt 0.2678055 0.15975001
vt 0.3582644 0.1430892
vt 0.35704666 0.18244286
vt 0.42225775 0.18849277
vt 0.35704666 0.18244286
vt 0.48922226 0.26584855
vt 0.43564007 0.14285111
vt 0.3582644 0.1430892
vt 0.685153 0.2244606
vt 0.75121534 0.17521423
vt 0.6388952 0.15032566
vt 0.6208115 0.2004658
vt 0.7876843 0.3199312
vt 0.88196456 0.26663333
vt 0.70144546 0.35122818
vt 0.65636396 0.26460704
vt 0.67312694 0.18039627
vt 0.5750604 0.112693354
vt 0.5356478 0.18152592
vt 0.6221675 0.19852352
vt 0.6112382 0.26383552
vt 0.655544 0.4030768
vt 0.6846307 0.44119188
vt 0.7709644 0.29044795
vt 0.81227785 0.32601643
vt 0.8148065 0.33832183
vt 0.76051694 0.24102607
vt 0.75710034 0.4362216
vt 0.70973486 0.45962507
vt 0.7110498 0.2691189
vt 0.7329639 0.21623117
vt 0.76051694 0.24102607
vt 0.67312694 0.18039627
vt 0.6112382 0.26383552
vt 0.6446468 0.25596568
vt 0.8865228 0.3203306
vt 0.8436087 0.4013042
vt 0.8815587 0.40163815
vt 0.92175716 0.31477067
vt 0.86207783 0.46192464
vt 0.8245775 0.45883483
vt 0.7903396 0.44568583
vt 0.8357546 0.4969447
vt 0.7897536 0.49087209
vt 0.7367822 0.480659
vt 0.75710034 0.4362216
vt 0.8148065 0.33832183
vt 0.8508895 0.32138962
vt 0.85341805 0.29983112
vt 0.81227785 0.32601643
vt 0.70973486 0.45962507
vt 0.6446468 0.25596568
vt 0.6112382 0.26383552
vt 0.6225368 0.29350418
vt 0.6488931 0.2937287
vt 0.58955646 0.29846212
vt 0.5632597 0.38516012
vt 0.6094018 0.39411846
vt 0.6269903 0.37425202
vt 0.5984366 0.34542727
vt 0.5147823 0.38697633
vt 0.6488931 0.2937287
vt 0.6225368 0.29350418
vt 0.58955646 0.29846212
vt 0.56310785 0.3297708
vt 0.67106855 0.28181437
vt 0.7110498 0.2691189
vt 0.7329639 0.21623117
vt 0.6446468 0.25596568
vt 0.67312694 0.18039627
vt 0.67106855 0.28181437
vt 0.6446468 0.25596568
vt 0.6488931 0.2937287
vt 0.76719207 0.23965487
vt 0.76051694 0.24102607
vt 0.7709644 0.29044795
vt 0.80256146 0.262839
vt 0.85176593 0.23061596
vt 0.80256146 0.262839
vt 0.85341805 0.29983112
vt 0.91802984 0.25612384
vt 0.85176593 0.23061596
vt 0.7709644 0.29044795
vt 0.81227785 0.32601643
vt 0.92175716 0.31477067
vt 0.8865228 0.3203306
vt 0.76719207 0.23965487
vt 0.85176593 0.23061596
vt 0.78110725 0.19474097
vt 0.655544 0.4030768
vt 0.7110498 0.2691189
vt 0.67106855 0.28181437
vt 0.6208115 0.2004658
vt 0.42225775 0.18849277
vt 0.48922226 0.26584855
vt 0.5860766 0.26411638
vt 0.6388952 0.15032566
vt 0.43564007 0.14285111
vt 0.6094018 0.39411846
vt 0.655544 0.4030768
vt 0.6269903 0.37425202
vt 0.6488931 0.2937287
vt 0.67106855 0.28181437
vt 0.4889011 0.2418086
vt 0.55042607 0.22661048
vt 0.5356478 0.18152592
vt 0.585379 0.22684884
vt 0.6221675 0.19852352
vt 0.5356478 0.18152592
vt 0.55042607 0.22661048
vt 0.57895136 0.25448963
vt 0.6112382 0.26383552
vt 0.58955646 0.29846212
vt 0.19494876 0.61976504
vt 0.20371695 0.6165334
vt 0.19635691 0.61658806
vt 0.20358613 0.6131028
vt 0.2081587 0.6176236
vt 0.2041653 0.62148136
vt 0.19233283 0.614623
vt 0.18974623 0.58436334
vt 0.20171091 0.5825507
vt 0.21125683 0.6167865
vt 0.21483733 0.58387977
vt 0.2097732 0.61958426
vt 0.18898088 0.5398894
vt 0.20244671 0.53973275
vt 0.2158589 0.5407866
vt 0.19535993 0.51148915
vt 0.2023285 0.5115677
vt 0.20933841 0.5122235
vt 0.21561125 0.5128103
vt 0.18876752 0.51141477
vt 0.20406716 0.6305147
vt 0.20368344 0.62743795
vt 0.19787079 0.62265825
vt 0.20391694 0.6199699
vt 0.20991726 0.62344766
vt 0.20559539 0.629346
vt 0.1906894 0.55080175
vt 0.1956054 0.59384644
vt 0.20399104 0.5943408
vt 0.20336136 0.5514174
vt 0.20391694 0.6199699
vt 0.20991726 0.62344766
vt 0.19787079 0.62265825
vt 0.20399104 0.5943408
vt 0.2128817 0.594548
vt 0.21701975 0.5497244
vt 0.18820769 0.5554028
vt 0.18835038 0.6060429
vt 0.20295665 0.6052831
vt 0.20312032 0.55509955
vt 0.21729127 0.6056727
vt 0.2179312 0.556094
vt 0.20276652 0.6865631
vt 0.18935017 0.6873874
vt 0.2160997 0.68598914
vt 0.18813634 0.53008276
vt 0.20320216 0.5300078
vt 0.18806499 0.5047627
vt 0.203284 0.504916
vt 0.21857113 0.5065152
vt 0.1888544 0.50223273
vt 0.19067174 0.59386253
vt 0.20348507 0.5935297
vt 0.20227075 0.5014084
vt 0.21631677 0.5928924
vt 0.21560392 0.50083447
vt 0.19959398 0.5837927
vt 0.20393977 0.5873241
vt 0.20417091 0.5834121
vt 0.20831063 0.5842428
vt 0.20399792 0.55587864
vt 0.20417091 0.5834121
vt 0.21118504 0.5562687
vt 0.20155591 0.50292933
vt 0.1917038 0.50295585
vt 0.19680682 0.55595136
vt 0.21517967 0.5024893
vt 0.20417091 0.5834121
vt 0.20086059 0.5719772
vt 0.2041839 0.57345635
vt 0.2038943 0.57137585
vt 0.19833255 0.54787064
vt 0.20275033 0.5477223
vt 0.20645079 0.57082677
vt 0.2038943 0.57137585
vt 0.20718472 0.54776627
vt 0.20303299 0.52415645
vt 0.21039669 0.52415264
vt 0.20404851 0.5025939
vt 0.1923929 0.50258183
vt 0.19637121 0.5234871
vt 0.21492375 0.50244427
vt 0.18898088 0.5398894
vt 0.18847583 0.5783311
vt 0.20232469 0.57839364
vt 0.20244671 0.53973275
vt 0.20171091 0.61801356
vt 0.18974623 0.6198262
vt 0.20358613 0.6715122
vt 0.19233283 0.6730324
vt 0.19635691 0.67499745
vt 0.19494876 0.67817444
vt 0.18855415 0.5030461
vt 0.2022103 0.50350857
vt 0.20244671 0.53973275
vt 0.20232469 0.57839364
vt 0.21543069 0.5789334
vt 0.2158589 0.5407866
vt 0.21483733 0.6193426
vt 0.20171091 0.61801356
vt 0.21125683 0.6751959
vt 0.20358613 0.6715122
vt 0.2081587 0.676033
vt 0.20371695 0.6749428
vt 0.2041653 0.67989075
vt 0.2097732 0.67799366
vt 0.2022103 0.50350857
vt 0.21536358 0.5049399
vt 0.19494876 0.67817444
vt 0.20371695 0.6749428
vt 0.19635691 0.67499745
vt 0.20358613 0.6715122
vt 0.2041653 0.67989075
vt 0.20406716 0.6305147
vt 0.20368344 0.62743795
vt 0.19787079 0.62265825
vt 0.20391694 0.6199699
vt 0.20991726 0.62344766
vt 0.20559539 0.629346
vt 0.1906894 0.55080175
vt 0.1956054 0.59384644
vt 0.20399104 0.5943408
vt 0.20336136 0.5514174
vt 0.2128817 0.594548
vt 0.21701975 0.5497244
vt 0.20991726 0.62344766
vt 0.20391694 0.6199699
vt 0.19787079 0.62265825
vt 0.19251238 0.6446473
vt 0.20261818 0.6669791
vt 0.20135874 0.6535128
vt 0.19035906 0.5418534
vt 0.2037919 0.5424491
vt 0.20135874 0.6535128
vt 0.20261818 0.6669791
vt 0.21428816 0.6482597
vt 0.2037919 0.5424491
vt 0.21409197 0.53915524
vt 0.18806499 0.5047627
vt 0.18835038 0.6060429
vt 0.20295665 0.6052831
vt 0.203284 0.504916
vt 0.20276652 0.6865631
vt 0.18935017 0.6873874
vt 0.203284 0.504916
vt 0.20295665 0.6052831
vt 0.21729127 0.6056727
vt 0.21857113 0.5065152
vt 0.2160997 0.68598914
vt 0.20276652 0.6865631
vt 0.1888544 0.50223273
vt 0.19067174 0.59386253
vt 0.20348507 0.5935297
vt 0.20227075 0.5014084
vt 0.20457464 0.6850984
vt 0.1911418 0.6848923
vt 0.20227075 0.5014084
vt 0.20348507 0.5935297
vt 0.21631677 0.5928924
vt 0.21560392 0.50083447
vt 0.21487471 0.68395853
vt 0.20457464 0.6850984
vt 0.19959398 0.5837927
vt 0.20393977 0.5873241
vt 0.20417091 0.5834121
vt 0.20831063 0.5842428
vt 0.20399792 0.55587864
vt 0.21118504 0.5562687
vt 0.20155591 0.50292933
vt 0.1917038 0.50295585
vt 0.19680682 0.55595136
vt 0.21517967 0.5024893
vt 0.19822368 0.575529
vt 0.20221855 0.5779413
vt 0.20210265 0.5748929
vt 0.20210265 0.5748929
vt 0.2055262 0.5750727
vt 0.2019962 0.53689533
vt 0.20772842 0.5367781
vt 0.20214126 0.50689864
vt 0.2019962 0.53689533
vt 0.19419147 0.5067413
vt 0.1963053 0.53632116
vt 0.21139525 0.5067959
vt 0.20210265 0.5748929
vt 0.19883336 0.5666005
vt 0.20343305 0.5702205
vt 0.20363809 0.5661278
vt 0.19496495 0.53755444
vt 0.20250186 0.53670526
vt 0.19225284 0.5020207
vt 0.20514335 0.50421476
vt 0.20363809 0.5661278
vt 0.20343305 0.5702205
vt 0.20793927 0.5670756
vt 0.20250186 0.53670526
vt 0.2101045 0.5370837
vt 0.20514335 0.50421476
vt 0.21375516 0.5022836
vt 0.19910063 0.590065
vt 0.20370975 0.5928003
vt 0.2032555 0.5890732
vt 0.2032555 0.5890732
vt 0.20722389 0.58942693
vt 0.20280011 0.5407905
vt 0.2095668 0.5413583
vt 0.2044369 0.5052156
vt 0.19096696 0.5034974
vt 0.19604358 0.54145
vt 0.21361218 0.504017
vt 0.2032555 0.5890732
vt 0.19691767 0.5563022
vt 0.201774 0.55940723
vt 0.20269504 0.5558207
vt 0.19576447 0.5322759
vt 0.20189747 0.5338967
vt 0.19050227 0.5030523
vt 0.20212655 0.50762486
vt 0.20269504 0.5558207
vt 0.201774 0.55940723
vt 0.20674881 0.5566256
vt 0.20189747 0.5338967
vt 0.20822196 0.5327639
vt 0.20212655 0.50762486
vt 0.21049105 0.5025051
vt 0.19998221 0.56148076
vt 0.20342043 0.5627989
vt 0.20267236 0.5603311
vt 0.20267236 0.5603311
vt 0.20542489 0.5600568
vt 0.20274167 0.5271076
vt 0.20738664 0.52749944
vt 0.20417073 0.503572
vt 0.19809358 0.50170475
vt 0.19809978 0.5274752
vt 0.208532 0.50359744
vt 0.20267236 0.5603311
vt 0.19869715 0.55058587
vt 0.20060845 0.5529187
vt 0.20088255 0.55044466
vt 0.19786361 0.5329472
vt 0.2013019 0.5330601
vt 0.19648376 0.5019756
vt 0.20119062 0.5021711
vt 0.20088255 0.55044466
vt 0.20060845 0.5529187
vt 0.20286599 0.5511103
vt 0.2013019 0.5330601
vt 0.20473085 0.5334673
vt 0.20119062 0.5021711
vt 0.20770276 0.50219077
vt 0.19961572 0.5374428
vt 0.20195687 0.53909534
vt 0.20193833 0.5370103
vt 0.19857922 0.522372
vt 0.20219117 0.5221364
vt 0.19640091 0.50502837
vt 0.20141152 0.5049267
vt 0.20193833 0.5370103
vt 0.20195687 0.53909534
vt 0.20404655 0.5372734
vt 0.20219117 0.5221364
vt 0.20580128 0.5217149
vt 0.20141152 0.5049267
vt 0.20818049 0.5035552
vt 0.20077117 0.54101485
vt 0.20279454 0.5436435
vt 0.20319232 0.54106027
vt 0.19866857 0.5271536
vt 0.20319232 0.54106027
vt 0.20510778 0.5415888
vt 0.20202036 0.52667326
vt 0.19658282 0.5050269
vt 0.20249668 0.5057787
vt 0.20538963 0.5271057
vt 0.2064799 0.5050609
vt 0.20319232 0.54106027
vt 0.19987455 0.52737164
vt 0.20103757 0.52923226
vt 0.20201437 0.52746344
vt 0.19818984 0.51867294
vt 0.20201437 0.52746344
vt 0.20325842 0.52873224
vt 0.20129931 0.5185416
vt 0.20201437 0.52746344
vt 0.20440407 0.51897144
vt 0.20224203 0.5047264
vt 0.19645959 0.50414795
vt 0.20129931 0.5185416
vt 0.20224203 0.5047264
vt 0.20599583 0.5044227
vt 0.20126145 0.5201282
vt 0.20111515 0.5214984
vt 0.20239995 0.5207022
vt 0.20195559 0.51458025
vt 0.20410633 0.5145911
vt 0.20153618 0.50464416
vt 0.20524597 0.5048132
vt 0.19995166 0.5205443
vt 0.20111515 0.5214984
vt 0.20126145 0.5201282
vt 0.19981247 0.5145227
vt 0.20195559 0.51458025
vt 0.19905345 0.50486493
vt 0.20153618 0.50464416
vt 0.20300336 0.528086
vt 0.20280185 0.5294846
vt 0.20422308 0.52846336
vt 0.20141754 0.5283384
vt 0.20178285 0.5142832
vt 0.20418176 0.5143778
vt 0.20211884 0.50459397
vt 0.20703049 0.504515
vt 0.1990638 0.5044218
vt 0.19940814 0.51448995
vt 0.20430323 0.6387851
vt 0.20323873 0.6426567
vt 0.20723626 0.6404898
vt 0.2004529 0.63906264
vt 0.20480181 0.5995267
vt 0.21115722 0.60090774
vt 0.19832954 0.600163
vt 0.20353587 0.628232
vt 0.20245592 0.63258874
vt 0.20757103 0.62950045
vt 0.19860382 0.6280549
vt 0.20322527 0.5996433
vt 0.21141642 0.5994475
vt 0.19518377 0.60087883
vt 0.20296639 0.5297518
vt 0.20218787 0.53237945
vt 0.20462441 0.53119826
vt 0.2005674 0.52999604
vt 0.2025853 0.5048058
vt 0.20296639 0.5297518
vt 0.20665403 0.5053751
vt 0.19847874 0.50506324
vt 0.20296639 0.5297518
vt 0.20086059 0.5719772
vt 0.2041839 0.57345635
vt 0.2038943 0.57137585
vt 0.19833255 0.54787064
vt 0.20275033 0.5477223
vt 0.19637121 0.5234871
vt 0.20303299 0.52415645
vt 0.1923929 0.50258183
vt 0.20404851 0.5025939
vt 0.21039669 0.52415264
vt 0.21492375 0.50244427
vt 0.20718472 0.54776627
vt 0.20275033 0.5477223
vt 0.20645079 0.57082677
vt 0.2038943 0.57137585
vt 0.19251238 0.6446473
vt 0.20261818 0.6669791
vt 0.20135874 0.6535128
vt 0.19035906 0.5418534
vt 0.2037919 0.5424491
vt 0.20135874 0.6535128
vt 0.20261818 0.6669791
vt 0.21428816 0.6482597
vt 0.2037919 0.5424491
vt 0.21409197 0.53915524
vt 0.18806499 0.5047627
vt 0.18835038 0.6060429
vt 0.20295665 0.6052831
vt 0.203284 0.504916
vt 0.20276652 0.6865631
vt 0.18935017 0.6873874
vt 0.203284 0.504916
vt 0.20295665 0.6052831
vt 0.21729127 0.6056727
vt 0.21857113 0.5065152
vt 0.2160997 0.68598914
vt 0.20276652 0.6865631
vt 0.1888544 0.50223273
vt 0.19067174 0.59386253
vt 0.20348507 0.5935297
vt 0.20227075 0.5014084
vt 0.20457464 0.6850984
vt 0.1911418 0.6848923
vt 0.20227075 0.5014084
vt 0.20348507 0.5935297
vt 0.21631677 0.5928924
vt 0.21560392 0.50083447
vt 0.21487471 0.68395853
vt 0.20457464 0.6850984
vt 0.19959398 0.5837927
vt 0.20393977 0.5873241
vt 0.20417091 0.5834121
vt 0.19680682 0.55595136
vt 0.20399792 0.55587864
vt 0.1917038 0.50295585
vt 0.20155591 0.50292933
vt 0.20417091 0.5834121
vt 0.20393977 0.5873241
vt 0.20831063 0.5842428
vt 0.20399792 0.55587864
vt 0.21118504 0.5562687
vt 0.20155591 0.50292933
vt 0.21517967 0.5024893
vt 0.19822368 0.575529
vt 0.20221855 0.5779413
vt 0.20210265 0.5748929
vt 0.1963053 0.53632116
vt 0.2019962 0.53689533
vt 0.19419147 0.5067413
vt 0.20214126 0.50689864
vt 0.20210265 0.5748929
vt 0.20221855 0.5779413
vt 0.2055262 0.5750727
vt 0.2019962 0.53689533
vt 0.20772842 0.5367781
vt 0.20214126 0.50689864
vt 0.21139525 0.5067959
vt 0.19883336 0.5666005
vt 0.20343305 0.5702205
vt 0.20363809 0.5661278
vt 0.19496495 0.53755444
vt 0.20250186 0.53670526
vt 0.19225284 0.5020207
vt 0.20514335 0.50421476
vt 0.20363809 0.5661278
vt 0.20343305 0.5702205
vt 0.20793927 0.5670756
vt 0.20250186 0.53670526
vt 0.2101045 0.5370837
vt 0.20514335 0.50421476
vt 0.21375516 0.5022836
vt 0.19910063 0.590065
vt 0.20370975 0.5928003
vt 0.2032555 0.5890732
vt 0.19604358 0.54145
vt 0.20280011 0.5407905
vt 0.19096696 0.5034974
vt 0.2044369 0.5052156
vt 0.2032555 0.5890732
vt 0.20370975 0.5928003
vt 0.20722389 0.58942693
vt 0.20280011 0.5407905
vt 0.2095668 0.5413583
vt 0.2044369 0.5052156
vt 0.21361218 0.504017
vt 0.19810754 0.5710624
vt 0.20238957 0.57674134
vt 0.20300607 0.57074785
vt 0.19531825 0.53658783
vt 0.20279612 0.53740996
vt 0.18966107 0.5034452
vt 0.20243421 0.50207746
vt 0.20300607 0.57074785
vt 0.20238957 0.57674134
vt 0.2071673 0.5729193
vt 0.20279612 0.53740996
vt 0.21023473 0.5388835
vt 0.20243421 0.50207746
vt 0.21506555 0.5
vt 0.19691767 0.5563022
vt 0.201774 0.55940723
vt 0.20269504 0.5558207
vt 0.19576447 0.5322759
vt 0.20189747 0.5338967
vt 0.19050227 0.5030523
vt 0.20212655 0.50762486
vt 0.20269504 0.5558207
vt 0.201774 0.55940723
vt 0.20674881 0.5566256
vt 0.20189747 0.5338967
vt 0.20822196 0.5327639
vt 0.20212655 0.50762486
vt 0.21049105 0.5025051
vt 0.19998221 0.56148076
vt 0.20342043 0.5627989
vt 0.20267236 0.5603311
vt 0.19809978 0.5274752
vt 0.20274167 0.5271076
vt 0.19809358 0.50170475
vt 0.20417073 0.503572
vt 0.20267236 0.5603311
vt 0.20342043 0.5627989
vt 0.20542489 0.5600568
vt 0.20274167 0.5271076
vt 0.20738664 0.52749944
vt 0.20417073 0.503572
vt 0.208532 0.50359744
vt 0.19991353 0.5781347
vt 0.20443504 0.5813599
vt 0.20441584 0.5774923
vt 0.19534111 0.55082697
vt 0.20243093 0.5503273
vt 0.19312997 0.501878
vt 0.20284478 0.5012631
vt 0.20441584 0.5774923
vt 0.20443504 0.5813599
vt 0.2085546 0.57806855
vt 0.20243093 0.5503273
vt 0.2095475 0.55028343
vt 0.20284478 0.5012631
vt 0.2162518 0.50001496
vt 0.19869715 0.55058587
vt 0.20060845 0.5529187
vt 0.20088255 0.55044466
vt 0.19786361 0.5329472
vt 0.2013019 0.5330601
vt 0.19648376 0.5019756
vt 0.20119062 0.5021711
vt 0.20088255 0.55044466
vt 0.20060845 0.5529187
vt 0.20286599 0.5511103
vt 0.2013019 0.5330601
vt 0.20473085 0.5334673
vt 0.20119062 0.5021711
vt 0.20770276 0.50219077
vt 0.19961572 0.5374428
vt 0.20195687 0.53909534
vt 0.20193833 0.5370103
vt 0.19857922 0.522372
vt 0.20219117 0.5221364
vt 0.19640091 0.50502837
vt 0.20141152 0.5049267
vt 0.20193833 0.5370103
vt 0.20195687 0.53909534
vt 0.20404655 0.5372734
vt 0.20219117 0.5221364
vt 0.20580128 0.5217149
vt 0.20141152 0.5049267
vt 0.20818049 0.5035552
vt 0.20077117 0.54101485
vt 0.20279454 0.5436435
vt 0.20319232 0.54106027
vt 0.19866857 0.5271536
vt 0.20202036 0.52667326
vt 0.19658282 0.5050269
vt 0.20249668 0.5057787
vt 0.20319232 0.54106027
vt 0.20279454 0.5436435
vt 0.20510778 0.5415888
vt 0.20202036 0.52667326
vt 0.20538963 0.5271057
vt 0.20249668 0.5057787
vt 0.2064799 0.5050609
vt 0.19987455 0.52737164
vt 0.20103757 0.52923226
vt 0.20201437 0.52746344
vt 0.19818984 0.51867294
vt 0.20129931 0.5185416
vt 0.19645959 0.50414795
vt 0.20224203 0.5047264
vt 0.20201437 0.52746344
vt 0.20103757 0.52923226
vt 0.20325842 0.52873224
vt 0.20129931 0.5185416
vt 0.20440407 0.51897144
vt 0.20224203 0.5047264
vt 0.20599583 0.5044227
vt 0.20126145 0.5201282
vt 0.20111515 0.5214984
vt 0.20239995 0.5207022
vt 0.20195559 0.51458025
vt 0.20410633 0.5145911
vt 0.20153618 0.50464416
vt 0.20524597 0.5048132
vt 0.19995166 0.5205443
vt 0.20111515 0.5214984
vt 0.20126145 0.5201282
vt 0.19981247 0.5145227
vt 0.20195559 0.51458025
vt 0.19905345 0.50486493
vt 0.20153618 0.50464416
vt 0.20300336 0.528086
vt 0.20280185 0.5294846
vt 0.20422308 0.52846336
vt 0.20178285 0.5142832
vt 0.20300336 0.528086
vt 0.20418176 0.5143778
vt 0.20211884 0.50459397
vt 0.20703049 0.504515
vt 0.1990638 0.5044218
vt 0.19940814 0.51448995
vt 0.20141754 0.5283384
vt 0.20280185 0.5294846
vt 0.20430323 0.6387851
vt 0.20323873 0.6426567
vt 0.20723626 0.6404898
vt 0.20480181 0.5995267
vt 0.21115722 0.60090774
vt 0.2004529 0.63906264
vt 0.20323873 0.6426567
vt 0.20430323 0.6387851
vt 0.19832954 0.600163
vt 0.20480181 0.5995267
vt 0.20353587 0.628232
vt 0.20245592 0.63258874
vt 0.20757103 0.62950045
vt 0.20322527 0.5996433
vt 0.21141642 0.5994475
vt 0.19860382 0.6280549
vt 0.20245592 0.63258874
vt 0.20353587 0.628232
vt 0.19518377 0.60087883
vt 0.20322527 0.5996433
vt 0.20296639 0.5297518
vt 0.20218787 0.53237945
vt 0.20462441 0.53119826
vt 0.2005674 0.52999604
vt 0.2025853 0.5048058
vt 0.19847874 0.50506324
vt 0.2025853 0.5048058
vt 0.2025853 0.5048058
vt 0.20665403 0.5053751
vt 0.20086059 0.5719772
vt 0.2041839 0.57345635
vt 0.2038943 0.57137585
vt 0.19833255 0.54787064
vt 0.2038943 0.57137585
vt 0.20645079 0.57082677
vt 0.20275033 0.5477223
vt 0.2038943 0.57137585
vt 0.20718472 0.54776627
vt 0.20303299 0.52415645
vt 0.21039669 0.52415264
vt 0.20404851 0.5025939
vt 0.21492375 0.50244427
vt 0.1923929 0.50258183
vt 0.20303299 0.52415645
vt 0.19637121 0.5234871
vt 0.20275033 0.5477223
vt 0.2038943 0.57137585
vt 0.18898088 0.5398894
vt 0.18847583 0.5783311
vt 0.20232469 0.57839364
vt 0.20244671 0.53973275
vt 0.20171091 0.61801356
vt 0.18974623 0.6198262
vt 0.20358613 0.6715122
vt 0.19233283 0.6730324
vt 0.19635691 0.67499745
vt 0.19494876 0.67817444
vt 0.18855415 0.5030461
vt 0.2022103 0.50350857
vt 0.20244671 0.53973275
vt 0.20232469 0.57839364
vt 0.21543069 0.5789334
vt 0.2158589 0.5407866
vt 0.21483733 0.6193426
vt 0.20171091 0.61801356
vt 0.21125683 0.6751959
vt 0.20358613 0.6715122
vt 0.2081587 0.676033
vt 0.2022103 0.50350857
vt 0.21536358 0.5049399
vt 0.20358613 0.6715122
vt 0.20371695 0.6749428
vt 0.2041653 0.67989075
vt 0.2097732 0.67799366
vt 0.19494876 0.67817444
vt 0.20371695 0.6749428
vt 0.19635691 0.67499745
vt 0.20358613 0.6715122
vt 0.2041653 0.67989075
vt 0.20406716 0.6305147
vt 0.20368344 0.62743795
vt 0.19787079 0.62265825
vt 0.20391694 0.6199699
vt 0.20991726 0.62344766
vt 0.20559539 0.629346
vt 0.1906894 0.55080175
vt 0.1956054 0.59384644
vt 0.20399104 0.5943408
vt 0.20336136 0.5514174
vt 0.2128817 0.594548
vt 0.21701975 0.5497244
vt 0.20991726 0.62344766
vt 0.20391694 0.6199699
vt 0.19787079 0.62265825
vt 0.1888544 0.50223273
vt 0.19067174 0.59386253
vt 0.20348507 0.5935297
vt 0.20227075 0.5014084
vt 0.20457464 0.6850984
vt 0.1911418 0.6848923
vt 0.20457464 0.6850984
vt 0.20457464 0.6850984
vt 0.21487471 0.68395853
vt 0.20348507 0.5935297
vt 0.21631677 0.5928924
vt 0.20227075 0.5014084
vt 0.21560392 0.50083447
vt 0.19035906 0.5418534
vt 0.20269437 0.6533497
vt 0.2037919 0.5424491
vt 0.2037919 0.5424491
vt 0.20269437 0.6533497
vt 0.21409197 0.53915524
vt 0.19959398 0.5837927
vt 0.20393977 0.5873241
vt 0.20417091 0.5834121
vt 0.19680682 0.55595136
vt 0.20399792 0.55587864
vt 0.1917038 0.50295585
vt 0.20155591 0.50292933
vt 0.20417091 0.5834121
vt 0.20393977 0.5873241
vt 0.20831063 0.5842428
vt 0.20399792 0.55587864
vt 0.21118504 0.5562687
vt 0.20155591 0.50292933
vt 0.21517967 0.5024893
vt 0.19419147 0.5067413
vt 0.1963053 0.53632116
vt 0.2019962 0.53689533
vt 0.2019962 0.53689533
vt 0.20214126 0.50689864
vt 0.20201775 0.57585895
vt 0.2019962 0.53689533
vt 0.20772842 0.5367781
vt 0.21139525 0.5067959
vt 0.20201775 0.57585895
vt 0.19883336 0.5666005
vt 0.20343305 0.5702205
vt 0.20363809 0.5661278
vt 0.20793927 0.5670756
vt 0.20250186 0.53670526
vt 0.20363809 0.5661278
vt 0.2101045 0.5370837
vt 0.20514335 0.50421476
vt 0.19225284 0.5020207
vt 0.21375516 0.5022836
vt 0.19496495 0.53755444
vt 0.20250186 0.53670526
vt 0.20363809 0.5661278
vt 0.19910063 0.590065
vt 0.20370975 0.5928003
vt 0.2032555 0.5890732
vt 0.2032555 0.5890732
vt 0.20722389 0.58942693
vt 0.20280011 0.5407905
vt 0.2095668 0.5413583
vt 0.2044369 0.5052156
vt 0.19096696 0.5034974
vt 0.19604358 0.54145
vt 0.21361218 0.504017
vt 0.2032555 0.5890732
vt 0.19810754 0.5710624
vt 0.20238957 0.57674134
vt 0.20300607 0.57074785
vt 0.19531825 0.53658783
vt 0.20279612 0.53740996
vt 0.18966107 0.5034452
vt 0.20243421 0.50207746
vt 0.20300607 0.57074785
vt 0.20238957 0.57674134
vt 0.2071673 0.5729193
vt 0.20279612 0.53740996
vt 0.21023473 0.5388835
vt 0.20243421 0.50207746
vt 0.21506555 0.5
vt 0.18835038 0.6060429
vt 0.18935017 0.6873874
vt 0.20276652 0.6865631
vt 0.20295665 0.6052831
vt 0.2160997 0.68598914
vt 0.21729127 0.6056727
vt 0.20322955 0.5216151
vt 0.21835819 0.52301306
vt 0.18811247 0.5216137
vt 0.19809358 0.50170475
vt 0.19809978 0.5274752
vt 0.20274167 0.5271076
vt 0.20274167 0.5271076
vt 0.20417073 0.503572
vt 0.20287499 0.5611669
vt 0.20738664 0.52749944
vt 0.20274167 0.5271076
vt 0.208532 0.50359744
vt 0.19869715 0.55058587
vt 0.20060845 0.5529187
vt 0.20088255 0.55044466
vt 0.20286599 0.5511103
vt 0.2013019 0.5330601
vt 0.20088255 0.55044466
vt 0.20473085 0.5334673
vt 0.19786361 0.5329472
vt 0.20088255 0.55044466
vt 0.19961572 0.5374428
vt 0.20195687 0.53909534
vt 0.20193833 0.5370103
vt 0.19857922 0.522372
vt 0.20219117 0.5221364
vt 0.19640091 0.50502837
vt 0.20141152 0.5049267
vt 0.20193833 0.5370103
vt 0.20195687 0.53909534
vt 0.20404655 0.5372734
vt 0.20219117 0.5221364
vt 0.20580128 0.5217149
vt 0.20141152 0.5049267
vt 0.20818049 0.5035552
vt 0.20077117 0.54101485
vt 0.20279454 0.5436435
vt 0.20319232 0.54106027
vt 0.19866857 0.5271536
vt 0.20319232 0.54106027
vt 0.20510778 0.5415888
vt 0.20202036 0.52667326
vt 0.20319232 0.54106027
vt 0.20538963 0.5271057
vt 0.19987455 0.52737164
vt 0.20103757 0.52923226
vt 0.20201437 0.52746344
vt 0.19818984 0.51867294
vt 0.20201437 0.52746344
vt 0.20325842 0.52873224
vt 0.20129931 0.5185416
vt 0.20201437 0.52746344
vt 0.20440407 0.51897144
vt 0.20126145 0.5201282
vt 0.20111515 0.5214984
vt 0.20239995 0.5207022
vt 0.19995166 0.5205443
vt 0.20195559 0.51458025
vt 0.19981247 0.5145227
vt 0.20195559 0.51458025
vt 0.20195559 0.51458025
vt 0.20410633 0.5145911
vt 0.19251238 0.6446473
vt 0.20261818 0.6669791
vt 0.20135874 0.6535128
vt 0.19035906 0.5418534
vt 0.2037919 0.5424491
vt 0.20135874 0.6535128
vt 0.20261818 0.6669791
vt 0.21428816 0.6482597
vt 0.2037919 0.5424491
vt 0.21409197 0.53915524
vt 0.18820769 0.5554028
vt 0.18835038 0.6060429
vt 0.20295665 0.6052831
vt 0.20312032 0.55509955
vt 0.20276652 0.6865631
vt 0.18935017 0.6873874
vt 0.18806499 0.5047627
vt 0.20320216 0.5300078
vt 0.203284 0.504916
vt 0.20312032 0.55509955
vt 0.20295665 0.6052831
vt 0.21729127 0.6056727
vt 0.2179312 0.556094
vt 0.2160997 0.68598914
vt 0.20276652 0.6865631
vt 0.20320216 0.5300078
vt 0.21825117 0.5313046
vt 0.203284 0.504916
vt 0.21857113 0.5065152
vt 0.1888544 0.50223273
vt 0.19067174 0.59386253
vt 0.20348507 0.5935297
vt 0.20227075 0.5014084
vt 0.20457464 0.6850984
vt 0.1911418 0.6848923
vt 0.20227075 0.5014084
vt 0.20348507 0.5935297
vt 0.21631677 0.5928924
vt 0.21560392 0.50083447
vt 0.21487471 0.68395853
vt 0.20457464 0.6850984
vt 0.19959398 0.5837927
vt 0.20393977 0.5873241
vt 0.20417091 0.5834121
vt 0.20831063 0.5842428
vt 0.20399792 0.55587864
vt 0.20417091 0.5834121
vt 0.21118504 0.5562687
vt 0.20155591 0.50292933
vt 0.20399792 0.55587864
vt 0.21517967 0.5024893
vt 0.1917038 0.50295585
vt 0.20399792 0.55587864
vt 0.19680682 0.55595136
vt 0.20417091 0.5834121
vt 0.19822368 0.575529
vt 0.20221855 0.5779413
vt 0.20210265 0.5748929
vt 0.2055262 0.5750727
vt 0.2019962 0.53689533
vt 0.1963053 0.53632116
vt 0.19419147 0.5067413
vt 0.2019962 0.53689533
vt 0.2019962 0.53689533
vt 0.20214126 0.50689864
vt 0.20210265 0.5748929
vt 0.2019962 0.53689533
vt 0.20772842 0.5367781
vt 0.21139525 0.5067959
vt 0.19883336 0.5666005
vt 0.20343305 0.5702205
vt 0.20363809 0.5661278
vt 0.19496495 0.53755444
vt 0.20250186 0.53670526
vt 0.19225284 0.5020207
vt 0.20514335 0.50421476
vt 0.20363809 0.5661278
vt 0.20343305 0.5702205
vt 0.20793927 0.5670756
vt 0.20250186 0.53670526
vt 0.2101045 0.5370837
vt 0.20514335 0.50421476
vt 0.21375516 0.5022836
vt 0.19910063 0.590065
vt 0.20370975 0.5928003
vt 0.2032555 0.5890732
vt 0.2032555 0.5890732
vt 0.20722389 0.58942693
vt 0.20280011 0.5407905
vt 0.2095668 0.5413583
vt 0.2044369 0.5052156
vt 0.19096696 0.5034974
vt 0.19604358 0.54145
vt 0.21361218 0.504017
vt 0.2032555 0.5890732
vt 0.19691767 0.5563022
vt 0.201774 0.55940723
vt 0.20269504 0.5558207
vt 0.20674881 0.5566256
vt 0.20189747 0.5338967
vt 0.20269504 0.5558207
vt 0.20822196 0.5327639
vt 0.20212655 0.50762486
vt 0.19050227 0.5030523
vt 0.19576447 0.5322759
vt 0.21049105 0.5025051
vt 0.20269504 0.5558207
vt 0.19998221 0.56148076
vt 0.20342043 0.5627989
vt 0.20267236 0.5603311
vt 0.20267236 0.5603311
vt 0.20542489 0.5600568
vt 0.20274167 0.5271076
vt 0.20738664 0.52749944
vt 0.20417073 0.503572
vt 0.19809358 0.50170475
vt 0.19809978 0.5274752
vt 0.208532 0.50359744
vt 0.20267236 0.5603311
vt 0.19991353 0.5781347
vt 0.20443504 0.5813599
vt 0.20441584 0.5774923
vt 0.19534111 0.55082697
vt 0.20243093 0.5503273
vt 0.19312997 0.501878
vt 0.20284478 0.5012631
vt 0.20441584 0.5774923
vt 0.20443504 0.5813599
vt 0.2085546 0.57806855
vt 0.20243093 0.5503273
vt 0.2095475 0.55028343
vt 0.20284478 0.5012631
vt 0.2162518 0.50001496
vt 0.19869715 0.55058587
vt 0.20060845 0.5529187
vt 0.20088255 0.55044466
vt 0.19786361 0.5329472
vt 0.2013019 0.5330601
vt 0.19648376 0.5019756
vt 0.20119062 0.5021711
vt 0.20088255 0.55044466
vt 0.20060845 0.5529187
vt 0.20286599 0.5511103
vt 0.2013019 0.5330601
vt 0.20473085 0.5334673
vt 0.20119062 0.5021711
vt 0.20770276 0.50219077
vt 0.19961572 0.5374428
vt 0.20195687 0.53909534
vt 0.20193833 0.5370103
vt 0.19857922 0.522372
vt 0.20219117 0.5221364
vt 0.19640091 0.50502837
vt 0.20141152 0.5049267
vt 0.20193833 0.5370103
vt 0.20195687 0.53909534
vt 0.20404655 0.5372734
vt 0.20219117 0.5221364
vt 0.20580128 0.5217149
vt 0.20141152 0.5049267
vt 0.20818049 0.5035552
vt 0.20077117 0.54101485
vt 0.20279454 0.5436435
vt 0.20319232 0.54106027
vt 0.20510778 0.5415888
vt 0.19866857 0.5271536
vt 0.19658282 0.5050269
vt 0.20202036 0.52667326
vt 0.20249668 0.5057787
vt 0.20538963 0.5271057
vt 0.2064799 0.5050609
vt 0.20319232 0.54106027
vt 0.19987455 0.52737164
vt 0.20103757 0.52923226
vt 0.20201437 0.52746344
vt 0.19818984 0.51867294
vt 0.20201437 0.52746344
vt 0.20325842 0.52873224
vt 0.20129931 0.5185416
vt 0.19645959 0.50414795
vt 0.20224203 0.5047264
vt 0.20440407 0.51897144
vt 0.20201437 0.52746344
vt 0.20129931 0.5185416
vt 0.20224203 0.5047264
vt 0.20599583 0.5044227
vt 0.20126145 0.5201282
vt 0.20111515 0.5214984
vt 0.20239995 0.5207022
vt 0.20195559 0.51458025
vt 0.20410633 0.5145911
vt 0.20153618 0.50464416
vt 0.20524597 0.5048132
vt 0.19995166 0.5205443
vt 0.20111515 0.5214984
vt 0.20126145 0.5201282
vt 0.19981247 0.5145227
vt 0.20195559 0.51458025
vt 0.19905345 0.50486493
vt 0.20153618 0.50464416
vt 0.20300336 0.528086
vt 0.20280185 0.5294846
vt 0.20422308 0.52846336
vt 0.20141754 0.5283384
vt 0.20178285 0.5142832
vt 0.20418176 0.5143778
vt 0.20211884 0.50459397
vt 0.20703049 0.504515
vt 0.1990638 0.5044218
vt 0.19940814 0.51448995
vt 0.20296639 0.5297518
vt 0.20218787 0.53237945
vt 0.20462441 0.53119826
vt 0.2005674 0.52999604
vt 0.2025853 0.5048058
vt 0.20296639 0.5297518
vt 0.20665403 0.5053751
vt 0.19847874 0.50506324
vt 0.20296639 0.5297518
vt 0.20086059 0.5719772
vt 0.2041839 0.57345635
vt 0.2038943 0.57137585
vt 0.19833255 0.54787064
vt 0.20275033 0.5477223
vt 0.19637121 0.5234871
vt 0.20303299 0.52415645
vt 0.1923929 0.50258183
vt 0.20404851 0.5025939
vt 0.21039669 0.52415264
vt 0.21492375 0.50244427
vt 0.20718472 0.54776627
vt 0.20275033 0.5477223
vt 0.20645079 0.57082677
vt 0.2038943 0.57137585
vt 0.18806499 0.5047627
vt 0.18835038 0.6060429
vt 0.20295665 0.6052831
vt 0.203284 0.504916
vt 0.20276652 0.6865631
vt 0.18935017 0.6873874
vt 0.203284 0.504916
vt 0.20295665 0.6052831
vt 0.21729127 0.6056727
vt 0.21857113 0.5065152
vt 0.2160997 0.68598914
vt 0.20276652 0.6865631
vt 0.1888544 0.50223273
vt 0.19067174 0.59386253
vt 0.20348507 0.5935297
vt 0.20227075 0.5014084
vt 0.20353039 0.68464977
vt 0.20227075 0.5014084
vt 0.20348507 0.5935297
vt 0.21631677 0.5928924
vt 0.21560392 0.50083447
vt 0.20353039 0.68464977
vt 0.19959398 0.5837927
vt 0.20393977 0.5873241
vt 0.20417091 0.5834121
vt 0.20831063 0.5842428
vt 0.20399792 0.55587864
vt 0.20417091 0.5834121
vt 0.21118504 0.5562687
vt 0.20155591 0.50292933
vt 0.20155591 0.50292933
vt 0.21517967 0.5024893
vt 0.1917038 0.50295585
vt 0.20399792 0.55587864
vt 0.19680682 0.55595136
vt 0.20417091 0.5834121
vt 0.19822368 0.575529
vt 0.20221855 0.5779413
vt 0.20210265 0.5748929
vt 0.1963053 0.53632116
vt 0.2019962 0.53689533
vt 0.19419147 0.5067413
vt 0.20214126 0.50689864
vt 0.20210265 0.5748929
vt 0.20221855 0.5779413
vt 0.2055262 0.5750727
vt 0.2019962 0.53689533
vt 0.20772842 0.5367781
vt 0.20214126 0.50689864
vt 0.21139525 0.5067959
vt 0.19883336 0.5666005
vt 0.20343305 0.5702205
vt 0.20363809 0.5661278
vt 0.19496495 0.53755444
vt 0.20250186 0.53670526
vt 0.20363809 0.5661278
vt 0.20343305 0.5702205
vt 0.20793927 0.5670756
vt 0.20250186 0.53670526
vt 0.2101045 0.5370837
vt 0.19910063 0.590065
vt 0.20370975 0.5928003
vt 0.2032555 0.5890732
vt 0.2032555 0.5890732
vt 0.20722389 0.58942693
vt 0.20280011 0.5407905
vt 0.19604358 0.54145
vt 0.19096696 0.5034974
vt 0.2044369 0.5052156
vt 0.2095668 0.5413583
vt 0.21361218 0.504017
vt 0.20280011 0.5407905
vt 0.2032555 0.5890732
vt 0.19810754 0.5710624
vt 0.20238957 0.57674134
vt 0.20300607 0.57074785
vt 0.19531825 0.53658783
vt 0.20279612 0.53740996
vt 0.18966107 0.5034452
vt 0.20243421 0.50207746
vt 0.20300607 0.57074785
vt 0.20238957 0.57674134
vt 0.2071673 0.5729193
vt 0.20279612 0.53740996
vt 0.21023473 0.5388835
vt 0.20243421 0.50207746
vt 0.21506555 0.5
vt 0.19691767 0.5563022
vt 0.201774 0.55940723
vt 0.20269504 0.5558207
vt 0.20674881 0.5566256
vt 0.20189747 0.5338967
vt 0.20269504 0.5558207
vt 0.20822196 0.5327639
vt 0.20212655 0.50762486
vt 0.19050227 0.5030523
vt 0.19576447 0.5322759
vt 0.21049105 0.5025051
vt 0.20269504 0.5558207
vt 0.19998221 0.56148076
vt 0.20342043 0.5627989
vt 0.20267236 0.5603311
vt 0.20267236 0.5603311
vt 0.20542489 0.5600568
vt 0.20274167 0.5271076
vt 0.19809358 0.50170475
vt 0.20417073 0.503572
vt 0.20738664 0.52749944
vt 0.208532 0.50359744
vt 0.20274167 0.5271076
vt 0.19809978 0.5274752
vt 0.20274167 0.5271076
vt 0.20267236 0.5603311
vt 0.19991353 0.5781347
vt 0.20443504 0.5813599
vt 0.20441584 0.5774923
vt 0.19534111 0.55082697
vt 0.20243093 0.5503273
vt 0.19312997 0.501878
vt 0.20284478 0.5012631
vt 0.20441584 0.5774923
vt 0.20443504 0.5813599
vt 0.2085546 0.57806855
vt 0.20243093 0.5503273
vt 0.2095475 0.55028343
vt 0.20284478 0.5012631
vt 0.2162518 0.50001496
vt 0.20086059 0.5719772
vt 0.2041839 0.57345635
vt 0.2038943 0.57137585
vt 0.19833255 0.54787064
vt 0.20275033 0.5477223
vt 0.19637121 0.5234871
vt 0.20303299 0.52415645
vt 0.1923929 0.50258183
vt 0.20404851 0.5025939
vt 0.21039669 0.52415264
vt 0.21492375 0.50244427
vt 0.20718472 0.54776627
vt 0.20275033 0.5477223
vt 0.20645079 0.57082677
vt 0.2038943 0.57137585
vt 0.18917261 0.547778
vt 0.18847583 0.5783311
vt 0.20232469 0.57839364
vt 0.20270798 0.5476321
vt 0.18876752 0.52146775
vt 0.2023285 0.5216207
vt 0.2020178 0.5982036
vt 0.18911102 0.59907866
vt 0.20171091 0.61801356
vt 0.18974623 0.6198262
vt 0.20358613 0.6715122
vt 0.19233283 0.6730324
vt 0.19635691 0.67499745
vt 0.19494876 0.67817444
vt 0.18855415 0.5030461
vt 0.2022103 0.50350857
vt 0.20270798 0.5476321
vt 0.20232469 0.57839364
vt 0.21543069 0.5789334
vt 0.2154088 0.5478838
vt 0.2023285 0.5216207
vt 0.21561125 0.52286327
vt 0.21513401 0.599138
vt 0.2020178 0.5982036
vt 0.21483733 0.6193426
vt 0.20171091 0.61801356
vt 0.21125683 0.6751959
vt 0.20358613 0.6715122
vt 0.2081587 0.676033
vt 0.20371695 0.6749428
vt 0.2041653 0.67989075
vt 0.2097732 0.67799366
vt 0.2022103 0.50350857
vt 0.21536358 0.5049399
vt 0.19494876 0.67817444
vt 0.20371695 0.6749428
vt 0.19635691 0.67499745
vt 0.20358613 0.6715122
vt 0.2041653 0.67989075
vt 0.20406716 0.6305147
vt 0.20368344 0.62743795
vt 0.19787079 0.62265825
vt 0.20391694 0.6199699
vt 0.20991726 0.62344766
vt 0.20559539 0.629346
vt 0.20399104 0.5943408
vt 0.20391694 0.6199699
vt 0.2128817 0.594548
vt 0.20336136 0.5514174
vt 0.1906894 0.55080175
vt 0.1956054 0.59384644
vt 0.21701975 0.5497244
vt 0.20391694 0.6199699
vt 0.18990354 0.5046057
vt 0.19136956 0.55992645
vt 0.20421937 0.55933017
vt 0.20421124 0.50320023
vt 0.20448557 0.6125187
vt 0.20421937 0.55933017
vt 0.21704102 0.56037617
vt 0.21809016 0.5052687
vt 0.21573026 0.61486775
vt 0.20448557 0.6125187
vt 0.21118683 0.6758542
vt 0.20455402 0.67144525
vt 0.19230305 0.61492765
vt 0.19615449 0.67583394
vt 0.19955641 0.678231
vt 0.19909032 0.68347925
vt 0.20883724 0.6778431
vt 0.20515774 0.6768238
vt 0.20652482 0.6846903
vt 0.21053658 0.6806945
vt 0.19909032 0.68347925
vt 0.20515774 0.6768238
vt 0.19955641 0.678231
vt 0.20455402 0.67144525
vt 0.20652482 0.6846903
vt 0.20388374 0.65035176
vt 0.2082143 0.6520799
vt 0.20722665 0.64884084
vt 0.20722665 0.64884084
vt 0.21061298 0.64857095
vt 0.20353928 0.6057779
vt 0.20931813 0.60632527
vt 0.2048761 0.56967956
vt 0.19622907 0.56709445
vt 0.1977573 0.60633475
vt 0.21102515 0.5698055
vt 0.20722665 0.64884084
vt 0.19787852 0.6336098
vt 0.2015938 0.63618743
vt 0.20156251 0.63349146
vt 0.19671929 0.6146483
vt 0.20156251 0.63349146
vt 0.20225349 0.6142688
vt 0.1967047 0.59276426
vt 0.20281394 0.5933698
vt 0.196473 0.57340235
vt 0.20401712 0.57336193
vt 0.20955957 0.59332526
vt 0.2110573 0.5732132
vt 0.20781387 0.61414605
vt 0.20225349 0.6142688
vt 0.20460504 0.6334195
vt 0.20156251 0.63349146
vt 0.2015938 0.63618743
vt 0.30384326 0.62399685
vt 0.31703758 0.6907388
vt 0.38658547 0.70031023
vt 0.3819981 0.62871575
vt 0.38473874 0.7466726
vt 0.25897318 0.7438642
vt 0.2540864 0.6185209
vt 0.44474593 0.6851318
vt 0.4545089 0.6310425
vt 0.49038315 0.7339423
vt 0.49835727 0.62736166
vt 0.31852937 0.5594106
vt 0.3854418 0.5590836
vt 0.44892573 0.57324576
vt 0.49580565 0.5075692
vt 0.38490555 0.5044295
vt 0.25466824 0.5045748
vt 0.30384326 0.62399685
vt 0.31703758 0.6907388
vt 0.38658547 0.70031023
vt 0.3819981 0.62871575
vt 0.38473874 0.7466726
vt 0.25897318 0.7438642
vt 0.2540864 0.6185209
vt 0.44474593 0.6851318
vt 0.4545089 0.6310425
vt 0.49038315 0.7339423
vt 0.49835727 0.62736166
vt 0.31852937 0.5594106
vt 0.3854418 0.5590836
vt 0.25466824 0.5045748
vt 0.38490555 0.5044295
vt 0.49580565 0.5075692
vt 0.44892573 0.57324576
vt 0.30384326 0.62399685
vt 0.31703758 0.6907388
vt 0.38658547 0.70031023
vt 0.3819981 0.62871575
vt 0.38473874 0.7466726
vt 0.25897318 0.7438642
vt 0.2540864 0.6185209
vt 0.44474593 0.6851318
vt 0.4545089 0.6310425
vt 0.49038315 0.7339423
vt 0.49835727 0.62736166
vt 0.31852937 0.5594106
vt 0.3854418 0.5590836
vt 0.25466824 0.5045748
vt 0.38490555 0.5044295
vt 0.49580565 0.5075692
vt 0.44892573 0.57324576
vt 0.37861493 0.5420854
vt 0.3020503 0.5572216
vt 0.37320155 0.63174266
vt 0.38325197 0.50341564
vt 0.2579087 0.50830245
vt 0.2551003 0.63406795
vt 0.2910702 0.6370052
vt 0.30848247 0.70372534
vt 0.3705324 0.7149252
vt 0.2678306 0.73971236
vt 0.37441123 0.7476865
vt 0.4530818 0.6356932
vt 0.4368353 0.70852035
vt 0.49420366 0.7451349
vt 0.4971981 0.50399745
vt 0.4527067 0.5589329
vt 0.49734336 0.6342348
vt 0.30384326 0.62399685
vt 0.31703758 0.6907388
vt 0.38658547 0.70031023
vt 0.3819981 0.62871575
vt 0.38473874 0.7466726
vt 0.25897318 0.7438642
vt 0.2540864 0.6185209
vt 0.44474593 0.6851318
vt 0.4545089 0.6310425
vt 0.49038315 0.7339423
vt 0.49835727 0.62736166
vt 0.31852937 0.5594106
vt 0.3854418 0.5590836
vt 0.25466824 0.5045748
vt 0.38490555 0.5044295
vt 0.49580565 0.5075692
vt 0.44892573 0.57324576
vt 0.25 0.62466764
vt 0.25 0.6914096
vt 0.25 0.62938654
vt 0.25 0.700981
vt 0.25 0.74734336
vt 0.25 0.744535
vt 0.25 0.6858026
vt 0.25 0.6317133
vt 0.25 0.73461306
vt 0.25 0.62803245
vt 0.25 0.5052456
vt 0.25 0.56008136
vt 0.25 0.5597544
vt 0.25 0.5051003
vt 0.25 0.50824
vt 0.25 0.57391655
vt 0.25 0.62938654
vt 0.25 0.62466764
vt 0.25 0.6317133
vt 0.25 0.62803245
vt 0.25 0.61919177
vt 0.25 0.744535
vt 0.25 0.62466764
vt 0.25 0.56008136
vt 0.25 0.5052456
vt 0.30384326 0.62399685
vt 0.31703758 0.6907388
vt 0.38658547 0.70031023
vt 0.3819981 0.62871575
vt 0.38473874 0.7466726
vt 0.25897318 0.7438642
vt 0.2540864 0.6185209
vt 0.44474593 0.6851318
vt 0.4545089 0.6310425
vt 0.49038315 0.7339423
vt 0.49835727 0.62736166
vt 0.31852937 0.5594106
vt 0.3854418 0.5590836
vt 0.25466824 0.5045748
vt 0.38490555 0.5044295
vt 0.49580565 0.5075692
vt 0.44892573 0.57324576
vt 0.30384326 0.60418516
vt 0.31703758 0.6531526
vt 0.38658547 0.660175
vt 0.3819981 0.6076473
vt 0.38473874 0.6941904
vt 0.25897315 0.69212985
vt 0.25408643 0.6001675
vt 0.44474593 0.6490389
vt 0.4545089 0.6093544
vt 0.49038315 0.68485034
vt 0.49835727 0.60665387
vt 0.31852937 0.55679923
vt 0.3854418 0.5565593
vt 0.44892573 0.5669499
vt 0.49580568 0.51876414
vt 0.38490558 0.51646054
vt 0.25466827 0.5165671
vt 0.30384326 0.62399685
vt 0.31703758 0.6907388
vt 0.38658547 0.70031023
vt 0.3819981 0.62871575
vt 0.38473874 0.7466726
vt 0.2589732 0.7438642
vt 0.2540864 0.6185209
vt 0.44474593 0.6851318
vt 0.4545089 0.6310425
vt 0.49038318 0.7339423
vt 0.4545089 0.6310425
vt 0.31852937 0.5594106
vt 0.3854418 0.5590836
vt 0.25466824 0.5045748
vt 0.38490555 0.5044295
vt 0.49580565 0.50756925
vt 0.44892573 0.57324576
vt 0.4545089 0.6310425
vt 0.49835727 0.62736166
vt 0.44892573 0.57324576
vt 0.49580565 0.50756925
vt 0.44892573 0.57324576
vt 0.49580565 0.50756925
vt 0.3038433 0.62399685
vt 0.31703758 0.6907388
vt 0.38658547 0.70031023
vt 0.3819981 0.62871575
vt 0.38473877 0.7466726
vt 0.25897324 0.7438643
vt 0.25408643 0.618521
vt 0.44474593 0.6851318
vt 0.4545089 0.6310425
vt 0.4903832 0.7339423
vt 0.49835727 0.62736166
vt 0.31852937 0.5594106
vt 0.3854418 0.5590836
vt 0.25466818 0.50457484
vt 0.38490552 0.5044295
vt 0.4958056 0.50756913
vt 0.44892573 0.57324576
vt 0.36128017 0.61049867
vt 0.36929616 0.6425921
vt 0.41154885 0.64719456
vt 0.40876186 0.6127678
vt 0.4104269 0.66948825
vt 0.33402008 0.66813785
vt 0.3310512 0.6078656
vt 0.44688332 0.6398959
vt 0.45281464 0.61388665
vt 0.4746095 0.6633668
vt 0.47945404 0.6121167
vt 0.37020248 0.5794419
vt 0.41085404 0.57928467
vt 0.3314047 0.5530737
vt 0.41052824 0.55300385
vt 0.47790384 0.5545136
vt 0.44942272 0.5860947
vt 0.30384326 0.62399685
vt 0.31703758 0.6907388
vt 0.38658547 0.70031023
vt 0.3819981 0.62871575
vt 0.38473874 0.7466726
vt 0.25897318 0.7438642
vt 0.2540864 0.6185209
vt 0.44474593 0.6851318
vt 0.4545089 0.6310425
vt 0.49038315 0.7339423
vt 0.49835727 0.62736166
vt 0.31852937 0.5594106
vt 0.3854418 0.5590836
vt 0.25466824 0.5045748
vt 0.38490555 0.5044295
vt 0.49580565 0.5075692
vt 0.44892573 0.57324576
vt 0.49835727 0.62736166
vt 0.2540864 0.6185209
vt 0.30384326 0.62399685
vt 0.31703758 0.6907388
vt 0.38658547 0.70031023
vt 0.3819981 0.62871575
vt 0.38473874 0.7466726
vt 0.25897318 0.7438642
vt 0.2540864 0.6185209
vt 0.44474593 0.6851318
vt 0.4545089 0.6310425
vt 0.49038315 0.7339423
vt 0.49835727 0.62736166
vt 0.31852937 0.5594106
vt 0.3854418 0.5590836
vt 0.25466824 0.5045748
vt 0.38490555 0.5044295
vt 0.49580565 0.5075692
vt 0.44892573 0.57324576
vt 0.3668132 0.6298673
vt 0.3747507 0.67001826
vt 0.41658965 0.67577624
vt 0.41382995 0.63270617
vt 0.4154787 0.70366716
vt 0.3398201 0.7019777
vt 0.33688024 0.6265731
vt 0.45157808 0.66664517
vt 0.45745134 0.63410586
vt 0.47903275 0.6960088
vt 0.48382986 0.63189155
vt 0.37564814 0.59101325
vt 0.41590163 0.59081656
vt 0.33723024 0.5580249
vt 0.41557902 0.5579375
vt 0.4822948 0.55982625
vt 0.4540926 0.59933627
vt 0.33486804 0.6856972
vt 0.34280553 0.7149412
vt 0.38464448 0.7191351
vt 0.38188475 0.6877648
vt 0.3835335 0.7394495
vt 0.30787492 0.738219
vt 0.30493507 0.6832978
vt 0.41963288 0.7124845
vt 0.42550617 0.68878436
vt 0.46853024 0.7303707
vt 0.47332734 0.68367064
vt 0.34370297 0.6573976
vt 0.38395646 0.6572544
vt 0.30528507 0.6333705
vt 0.38363385 0.63330686
vt 0.4717923 0.63118166
vt 0.42214742 0.6634598
vt 0.30384326 0.62399685
vt 0.31703758 0.6907388
vt 0.38658547 0.70031023
vt 0.3819981 0.62871575
vt 0.38473874 0.7466726
vt 0.25897318 0.7438642
vt 0.2540864 0.6185209
vt 0.44474593 0.6851318
vt 0.4545089 0.6310425
vt 0.49038315 0.7339423
vt 0.49835727 0.62736166
vt 0.31852937 0.5594106
vt 0.3854418 0.5590836
vt 0.25466824 0.5045748
vt 0.38490555 0.5044295
vt 0.49580565 0.5075692
vt 0.44892573 0.57324576
vt 0.41230446 0.58064044
vt 0.41421443 0.55219364
vt 0.38435274 0.5518609
vt 0.3868405 0.5791957
vt 0.36841482 0.5260047
vt 0.4326845 0.5316734
vt 0.47557536 0.5857121
vt 0.35887408 0.5622912
vt 0.35742605 0.58305514
vt 0.32559222 0.55462694
vt 0.30984765 0.5926162
vt 0.4261539 0.5995341
vt 0.39213154 0.60512894
vt 0.46236622 0.6164428
vt 0.38800892 0.6477957
vt 0.3282845 0.6234599
vt 0.3618878 0.5999555
vt 0.3038433 0.62399685
vt 0.31703758 0.6907388
vt 0.38658547 0.70031023
vt 0.3819981 0.62871575
vt 0.38473874 0.7466726
vt 0.25897324 0.7438643
vt 0.2540864 0.618521
vt 0.3038433 0.62399685
vt 0.44474593 0.6851318
vt 0.4545089 0.6310425
vt 0.49038318 0.7339423
vt 0.4545089 0.6310425
vt 0.49835727 0.62736166
vt 0.31852937 0.5594106
vt 0.3854418 0.5590836
vt 0.44892573 0.57324576
vt 0.44892573 0.57324576
vt 0.49580562 0.5075692
vt 0.3854418 0.5590836
vt 0.38490552 0.5044295
vt 0.25466818 0.50457484
vt 0.31852937 0.5594106
vt 0.25466818 0.50457484
vt 0.31852937 0.5594106
vt 0.25 0.62466764
vt 0.25 0.6914096
vt 0.25 0.62938654
vt 0.25 0.700981
vt 0.25 0.6858026
vt 0.25 0.6317133
vt 0.25 0.6914096
vt 0.25 0.744535
vt 0.25 0.74734336
vt 0.25 0.700981
vt 0.25 0.6858026
vt 0.25 0.73461306
vt 0.25 0.6317133
vt 0.25 0.62466764
vt 0.25 0.62803245
vt 0.25 0.5052456
vt 0.25 0.56008136
vt 0.25 0.5597544
vt 0.25 0.5051003
vt 0.25 0.50824
vt 0.25 0.57391655
vt 0.25 0.62938654
vt 0.25 0.62466764
vt 0.25 0.6317133
vt 0.25 0.62803245
vt 0.25 0.57391655
vt 0.25 0.62803245
vt 0.25 0.61919177
vt 0.25 0.744535
vt 0.25 0.62466764
vt 0.25 0.56008136
vt 0.25 0.5052456
vt 0.37861493 0.5420854
vt 0.3020503 0.5572216
vt 0.37320155 0.63174266
vt 0.38325197 0.50341564
vt 0.2579087 0.50830245
vt 0.2551003 0.63406795
vt 0.2910702 0.6370052
vt 0.30848247 0.70372534
vt 0.3705324 0.7149252
vt 0.2678306 0.73971236
vt 0.37441123 0.7476865
vt 0.4530818 0.6356932
vt 0.4368353 0.70852035
vt 0.4368353 0.70852035
vt 0.49420366 0.7451349
vt 0.4530818 0.6356932
vt 0.49734336 0.6342348
vt 0.4971981 0.50399745
vt 0.4527067 0.5589329
vt 0.41230446 0.58064044
vt 0.41421443 0.55219364
vt 0.38435274 0.5518609
vt 0.3868405 0.5791957
vt 0.36841482 0.5260047
vt 0.4326845 0.5316734
vt 0.47557536 0.5857121
vt 0.35887408 0.5622912
vt 0.35742605 0.58305514
vt 0.32559222 0.55462694
vt 0.30984765 0.5926162
vt 0.4261539 0.5995341
vt 0.39213154 0.60512894
vt 0.46236622 0.6164428
vt 0.38800892 0.6477957
vt 0.3282845 0.6234599
vt 0.3618878 0.5999555
vt 0.30384326 0.62399685
vt 0.31703758 0.6907388
vt 0.38658547 0.70031023
vt 0.3819981 0.62871575
vt 0.38473874 0.7466726
vt 0.25897318 0.7438642
vt 0.2540864 0.6185209
vt 0.44474593 0.6851318
vt 0.4545089 0.6310425
vt 0.49038315 0.7339423
vt 0.49835727 0.62736166
vt 0.31852937 0.5594106
vt 0.3854418 0.5590836
vt 0.44892573 0.57324576
vt 0.49580565 0.5075692
vt 0.38490555 0.5044295
vt 0.25466824 0.5045748
vt 0.30384326 0.62399685
vt 0.31703758 0.6907388
vt 0.38658547 0.70031023
vt 0.3819981 0.62871575
vt 0.38473874 0.7466726
vt 0.25897318 0.7438642
vt 0.2540864 0.6185209
vt 0.44474593 0.6851318
vt 0.4545089 0.6310425
vt 0.49038315 0.7339423
vt 0.4545089 0.6310425
vt 0.31852937 0.5594106
vt 0.3854418 0.5590836
vt 0.44892573 0.57324576
vt 0.49580565 0.5075692
vt 0.38490555 0.5044295
vt 0.25466824 0.5045748
vt 0.49835727 0.62736166
vt 0.4545089 0.6310425
vt 0.35089815 0.5622489
vt 0.32986736 0.60207397
vt 0.3908553 0.6015339
vt 0.38718474 0.5603595
vt 0.38895214 0.6480066
vt 0.33362898 0.6502168
vt 0.3576403 0.6660018
vt 0.35089815 0.5622489
vt 0.32986736 0.60207397
vt 0.3908553 0.6015339
vt 0.38718474 0.5603595
vt 0.38895214 0.6480066
vt 0.33362898 0.6502168
vt 0.3576403 0.6660018
vt 0.35089815 0.5622489
vt 0.32986736 0.60207397
vt 0.3908553 0.6015339
vt 0.38718474 0.5603595
vt 0.38895214 0.6480066
vt 0.33362898 0.6502168
vt 0.3576403 0.6660018
vt 0.35089815 0.5622489
vt 0.32986736 0.60207397
vt 0.3908553 0.6015339
vt 0.38718474 0.5603595
vt 0.38895214 0.6480066
vt 0.33362898 0.6502168
vt 0.3576403 0.6660018
vt 0.35089815 0.5622489
vt 0.32986736 0.60207397
vt 0.3908553 0.6015339
vt 0.38718474 0.5603595
vt 0.38895214 0.6480066
vt 0.33362898 0.6502168
vt 0.3576403 0.6660018
vt 0.35089815 0.5622489
vt 0.32986736 0.60207397
vt 0.3908553 0.6015339
vt 0.38718474 0.5603595
vt 0.38895214 0.6480066
vt 0.33362898 0.6502168
vt 0.3576403 0.6660018
vt 0.35089815 0.5622489
vt 0.32986736 0.60207397
vt 0.3908553 0.6015339
vt 0.38718474 0.5603595
vt 0.38895214 0.6480066
vt 0.33362898 0.6502168
vt 0.3576403 0.6660018
vt 0.35089815 0.5622489
vt 0.32986736 0.60207397
vt 0.3908553 0.6015339
vt 0.38718474 0.5603595
vt 0.38895214 0.6480066
vt 0.33362898 0.6502168
vt 0.3576403 0.6660018
vt 0.35089815 0.5622489
vt 0.32986736 0.60207397
vt 0.3908553 0.6015339
vt 0.38718474 0.5603595
vt 0.38895214 0.6480066
vt 0.33362898 0.6502168
vt 0.3576403 0.6660018
vt 0.35089815 0.5622489
vt 0.32986736 0.60207397
vt 0.3908553 0.6015339
vt 0.38718474 0.5603595
vt 0.38895214 0.6480066
vt 0.33362898 0.6502168
vt 0.3576403 0.6660018
vt 0.35089815 0.5622489
vt 0.32986736 0.60207397
vt 0.3908553 0.6015339
vt 0.38718474 0.5603595
vt 0.38895214 0.6480066
vt 0.33362898 0.6502168
vt 0.3576403 0.6660018
vt 0.35089815 0.5622489
vt 0.32986736 0.60207397
vt 0.3908553 0.6015339
vt 0.38718474 0.5603595
vt 0.38895214 0.6480066
vt 0.33362898 0.6502168
vt 0.3576403 0.6660018
vt 0.35089815 0.5622489
vt 0.32986736 0.60207397
vt 0.3908553 0.6015339
vt 0.38718474 0.5603595
vt 0.38895214 0.6480066
vt 0.33362898 0.6502168
vt 0.3576403 0.6660018
vt 0.35089815 0.5622489
vt 0.32986736 0.60207397
vt 0.3908553 0.6015339
vt 0.38718474 0.5603595
vt 0.38895214 0.6480066
vt 0.33362898 0.6502168
vt 0.3576403 0.6660018
vt 0.35089815 0.5622489
vt 0.32986736 0.60207397
vt 0.3908553 0.6015339
vt 0.38718474 0.5603595
vt 0.38895214 0.6480066
vt 0.33362898 0.6502168
vt 0.3576403 0.6660018
vt 0.35089815 0.5622489
vt 0.32986736 0.60207397
vt 0.3908553 0.6015339
vt 0.38718474 0.5603595
vt 0.38895214 0.6480066
vt 0.33362898 0.6502168
vt 0.3576403 0.6660018
vt 0.35089815 0.5622489
vt 0.32986736 0.60207397
vt 0.3908553 0.6015339
vt 0.38718474 0.5603595
vt 0.38895214 0.6480066
vt 0.33362898 0.6502168
vt 0.3576403 0.6660018
vt 0.35089815 0.5622489
vt 0.32986736 0.60207397
vt 0.3908553 0.6015339
vt 0.38718474 0.5603595
vt 0.38895214 0.6480066
vt 0.33362898 0.6502168
vt 0.3576403 0.6660018
vt 0.35089815 0.5622489
vt 0.32986736 0.60207397
vt 0.3908553 0.6015339
vt 0.38718474 0.5603595
vt 0.38895214 0.6480066
vt 0.33362898 0.6502168
vt 0.3576403 0.6660018
vt 0.35089815 0.5622489
vt 0.32986736 0.60207397
vt 0.3908553 0.6015339
vt 0.38718474 0.5603595
vt 0.38895214 0.6480066
vt 0.33362898 0.6502168
vt 0.3576403 0.6660018
vt 0.35089815 0.5622489
vt 0.32986736 0.60207397
vt 0.3908553 0.6015339
vt 0.38718474 0.5603595
vt 0.38895214 0.6480066
vt 0.33362898 0.6502168
vt 0.3576403 0.6660018
vt 0.35089815 0.5622489
vt 0.32986736 0.60207397
vt 0.3908553 0.6015339
vt 0.38718474 0.5603595
vt 0.38895214 0.6480066
vt 0.33362898 0.6502168
vt 0.3576403 0.6660018
vt 0.35089815 0.5622489
vt 0.32986736 0.60207397
vt 0.3908553 0.6015339
vt 0.38718474 0.5603595
vt 0.38895214 0.6480066
vt 0.33362898 0.6502168
vt 0.3576403 0.6660018
vt 0.35089815 0.5622489
vt 0.32986736 0.60207397
vt 0.3908553 0.6015339
vt 0.38718474 0.5603595
vt 0.38895214 0.6480066
vt 0.33362898 0.6502168
vt 0.3576403 0.6660018
vt 0.35089815 0.5622489
vt 0.32986736 0.60207397
vt 0.3908553 0.6015339
vt 0.38718474 0.5603595
vt 0.38895214 0.6480066
vt 0.33362898 0.6502168
vt 0.3576403 0.6660018
vt 0.35089815 0.5622489
vt 0.32986736 0.60207397
vt 0.3908553 0.6015339
vt 0.38718474 0.5603595
vt 0.38895214 0.6480066
vt 0.33362898 0.6502168
vt 0.3576403 0.6660018
vt 0.35089815 0.5622489
vt 0.32986736 0.60207397
vt 0.3908553 0.6015339
vt 0.38718474 0.5603595
vt 0.38895214 0.6480066
vt 0.33362898 0.6502168
vt 0.3576403 0.6660018
vt 0.35089815 0.5622489
vt 0.32986736 0.60207397
vt 0.3908553 0.6015339
vt 0.38718474 0.5603595
vt 0.38895214 0.6480066
vt 0.33362898 0.6502168
vt 0.3576403 0.6660018
vt 0.35089815 0.5622489
vt 0.32986736 0.60207397
vt 0.3908553 0.6015339
vt 0.38718474 0.5603595
vt 0.38895214 0.6480066
vt 0.33362898 0.6502168
vt 0.3576403 0.6660018
vt 0.35089815 0.5622489
vt 0.32986736 0.60207397
vt 0.3908553 0.6015339
vt 0.38718474 0.5603595
vt 0.38895214 0.6480066
vt 0.33362898 0.6502168
vt 0.3576403 0.6660018
vt 0.35089815 0.5622489
vt 0.32986736 0.60207397
vt 0.3908553 0.6015339
vt 0.38718474 0.5603595
vt 0.38895214 0.6480066
vt 0.33362898 0.6502168
vt 0.3576403 0.6660018
vt 0.35089815 0.5622489
vt 0.32986736 0.60207397
vt 0.3908553 0.6015339
vt 0.38718474 0.5603595
vt 0.38895214 0.6480066
vt 0.33362898 0.6502168
vt 0.3576403 0.6660018
vt 0.35089815 0.5622489
vt 0.32986736 0.60207397
vt 0.3908553 0.6015339
vt 0.38718474 0.5603595
vt 0.38895214 0.6480066
vt 0.33362898 0.6502168
vt 0.3576403 0.6660018
vt 0.35089815 0.5622489
vt 0.32986736 0.60207397
vt 0.3908553 0.6015339
vt 0.38718474 0.5603595
vt 0.38895214 0.6480066
vt 0.33362898 0.6502168
vt 0.3576403 0.6660018
vt 0.35089815 0.5622489
vt 0.32986736 0.60207397
vt 0.3908553 0.6015339
vt 0.38718474 0.5603595
vt 0.38895214 0.6480066
vt 0.33362898 0.6502168
vt 0.3576403 0.6660018
vt 0.35089815 0.5622489
vt 0.32986736 0.60207397
vt 0.3908553 0.6015339
vt 0.38718474 0.5603595
vt 0.38895214 0.6480066
vt 0.33362898 0.6502168
vt 0.3576403 0.6660018
vt 0.35089815 0.5622489
vt 0.32986736 0.60207397
vt 0.3908553 0.6015339
vt 0.38718474 0.5603595
vt 0.38895214 0.6480066
vt 0.33362898 0.6502168
vt 0.3576403 0.6660018
vt 0.35089815 0.5622489
vt 0.32986736 0.60207397
vt 0.3908553 0.6015339
vt 0.38718474 0.5603595
vt 0.38895214 0.6480066
vt 0.33362898 0.6502168
vt 0.3576403 0.6660018
vt 0.35089815 0.5622489
vt 0.32986736 0.60207397
vt 0.3908553 0.6015339
vt 0.38718474 0.5603595
vt 0.38895214 0.6480066
vt 0.33362898 0.6502168
vt 0.3576403 0.6660018
vt 0.35089815 0.5622489
vt 0.32986736 0.60207397
vt 0.3908553 0.6015339
vt 0.38718474 0.5603595
vt 0.38895214 0.6480066
vt 0.33362898 0.6502168
vt 0.3576403 0.6660018
vt 0.35089815 0.5622489
vt 0.32986736 0.60207397
vt 0.3908553 0.6015339
vt 0.38718474 0.5603595
vt 0.38895214 0.6480066
vt 0.33362898 0.6502168
vt 0.3576403 0.6660018
vt 0.35089815 0.5622489
vt 0.32986736 0.60207397
vt 0.3908553 0.6015339
vt 0.38718474 0.5603595
vt 0.38895214 0.6480066
vt 0.33362898 0.6502168
vt 0.3576403 0.6660018
vt 0.36128017 0.61049867
vt 0.36929616 0.6425921
vt 0.41154885 0.64719456
vt 0.40876186 0.6127678
vt 0.4104269 0.66948825
vt 0.33402008 0.66813785
vt 0.3310512 0.6078656
vt 0.44688332 0.6398959
vt 0.45281464 0.61388665
vt 0.4746095 0.6633668
vt 0.47945404 0.6121167
vt 0.37020248 0.5794419
vt 0.41085404 0.57928467
vt 0.3314047 0.5530737
vt 0.41052824 0.55300385
vt 0.47790384 0.5545136
vt 0.44942272 0.5860947
vt 0.30384326 0.62399685
vt 0.31703758 0.6907388
vt 0.38658547 0.70031023
vt 0.3819981 0.62871575
vt 0.38473874 0.7466726
vt 0.25897318 0.7438642
vt 0.2540864 0.6185209
vt 0.44474593 0.6851318
vt 0.4545089 0.6310425
vt 0.49038315 0.7339423
vt 0.49835727 0.62736166
vt 0.31852937 0.5594106
vt 0.3854418 0.5590836
vt 0.44892573 0.57324576
vt 0.49580565 0.5075692
vt 0.38490555 0.5044295
vt 0.25466824 0.5045748
vt 0.35089815 0.5622489
vt 0.32986736 0.60207397
vt 0.3908553 0.6015339
vt 0.38718474 0.5603595
vt 0.38895214 0.6480066
vt 0.33362898 0.6502168
vt 0.3576403 0.6660018
vt 0.35089815 0.5622489
vt 0.32986736 0.60207397
vt 0.3908553 0.6015339
vt 0.38718474 0.5603595
vt 0.38895214 0.6480066
vt 0.33362898 0.6502168
vt 0.3576403 0.6660018
vt 0.35089815 0.5622489
vt 0.32986736 0.60207397
vt 0.3908553 0.6015339
vt 0.38718474 0.5603595
vt 0.38895214 0.6480066
vt 0.33362898 0.6502168
vt 0.3576403 0.6660018
vt 0.35089815 0.5622489
vt 0.32986736 0.60207397
vt 0.3908553 0.6015339
vt 0.38718474 0.5603595
vt 0.38895214 0.6480066
vt 0.33362898 0.6502168
vt 0.3576403 0.6660018
vt 0.35089815 0.5622489
vt 0.32986736 0.60207397
vt 0.3908553 0.6015339
vt 0.38718474 0.5603595
vt 0.38895214 0.6480066
vt 0.33362898 0.6502168
vt 0.3576403 0.6660018
vt 0.35089815 0.5622489
vt 0.32986736 0.60207397
vt 0.3908553 0.6015339
vt 0.38718474 0.5603595
vt 0.38895214 0.6480066
vt 0.33362898 0.6502168
vt 0.3576403 0.6660018
vt 0.35089815 0.5622489
vt 0.32986736 0.60207397
vt 0.3908553 0.6015339
vt 0.38718474 0.5603595
vt 0.38895214 0.6480066
vt 0.33362898 0.6502168
vt 0.3576403 0.6660018
vt 0.3038433 0.62399685
vt 0.31703758 0.6907388
vt 0.38658547 0.70031023
vt 0.3819981 0.62871575
vt 0.38473877 0.7466726
vt 0.25897324 0.7438643
vt 0.25408643 0.618521
vt 0.44474593 0.6851318
vt 0.4545089 0.6310425
vt 0.4903832 0.7339423
vt 0.49835727 0.62736166
vt 0.31852937 0.5594106
vt 0.3854418 0.5590836
vt 0.25466818 0.50457484
vt 0.38490552 0.5044295
vt 0.4958056 0.50756913
vt 0.44892573 0.57324576
vt 0.3038433 0.62399685
vt 0.31703758 0.6907388
vt 0.38658547 0.70031023
vt 0.3819981 0.62871575
vt 0.38473877 0.7466726
vt 0.25897324 0.7438643
vt 0.25408643 0.618521
vt 0.44474593 0.6851318
vt 0.4545089 0.6310425
vt 0.4903832 0.7339423
vt 0.49835727 0.62736166
vt 0.31852937 0.5594106
vt 0.3854418 0.5590836
vt 0.25466818 0.50457484
vt 0.38490552 0.5044295
vt 0.4958056 0.50756913
vt 0.44892573 0.57324576
vt 0.30384326 0.62399685
vt 0.31703758 0.6907388
vt 0.3819981 0.62871575
vt 0.31852937 0.5594106
vt 0.3854418 0.5590836
vt 0.44892573 0.57324576
vt 0.31703758 0.6907388
vt 0.25897318 0.7438642
vt 0.38473874 0.7466726
vt 0.38658547 0.70031023
vt 0.2540864 0.6185209
vt 0.30384326 0.62399685
vt 0.31852937 0.5594106
vt 0.25466824 0.5045748
vt 0.38490555 0.5044295
vt 0.3854418 0.5590836
vt 0.49580565 0.5075692
vt 0.44892573 0.57324576
vt 0.49835727 0.62736166
vt 0.4545089 0.6310425
vt 0.49038315 0.7339423
vt 0.49038315 0.7339423
vt 0.4545089 0.6310425
vt 0.44474593 0.6851318
vt 0.49038315 0.7339423
vt 0.38658547 0.70031023
vt 0.38658547 0.70031023
vt 0.44474593 0.6851318
vt 0.4545089 0.6310425
vt 0.3819981 0.62871575
vt 0.44892573 0.57324576
vt 0.31703758 0.6907388
vt 0.13701689 0.19441497
vt 0.13701689 0.18753713
vt 0.15367365 0.18753713
vt 0.15367365 0.19441497
vt 0.13701689 0.19441497
vt 0.13701689 0.18753713
vt 0.15367365 0.18753713
vt 0.15367365 0.19441497
vt 0.13701689 0.19441497
vt 0.13701689 0.18753713
vt 0.15367365 0.18753713
vt 0.15367365 0.19441935
vt 0.13701689 0.19441935
vt 0.13701689 0.18753713
vt 0.15367365 0.18753713
vt 0.15367365 0.19442046
vt 0.13701689 0.19442046
vt 0.13701689 0.18753713
vt 0.15367365 0.18753713
vt 0.15367365 0.19441909
vt 0.13701689 0.19441909
vt 0.13701689 0.18753713
vt 0.15367365 0.18753713
vt 0.15367365 0.19442046
vt 0.13701689 0.19442046
vt 0.13701689 0.18753713
vt 0.15367365 0.18753713
vt 0.15367365 0.19441989
vt 0.13701689 0.19441989
vt 0.13701689 0.18753713
vt 0.15367365 0.18753713
vt 0.15367365 0.19441825
vt 0.15127575 0.17559275
vt 0.14834088 0.174267
vt 0.14543456 0.17559275
vt 0.15127575 0.17559275
vt 0.14834088 0.174267
vt 0.14543456 0.17559275
vt 0.15127575 0.17559275
vt 0.14834088 0.17426698
vt 0.14543456 0.17559275
vt 0.15127575 0.17559272
vt 0.14834088 0.17426698
vt 0.14543456 0.17559275
vt 0.15127575 0.17559275
vt 0.14834088 0.174267
vt 0.14543456 0.17559275
vt 0.15127575 0.17559272
vt 0.14834088 0.17426698
vt 0.14543456 0.17559275
vt 0.15127575 0.17559275
vt 0.14834088 0.17426698
vt 0.14543456 0.17559272
vt 0.15127575 0.17559272
vt 0.14834088 0.174267
vt 0.14543456 0.17559275
vt 0.15127575 0.18446226
vt 0.15127575 0.17775092
vt 0.14543456 0.17775092
vt 0.14543456 0.18446226
vt 0.15127575 0.18446226
vt 0.15127575 0.17775092
vt 0.14543456 0.17775092
vt 0.14543456 0.18446226
vt 0.15127575 0.18446226
vt 0.15127575 0.17775092
vt 0.14543456 0.17775092
vt 0.14543456 0.18446226
vt 0.15127575 0.18446226
vt 0.15127575 0.17775092
vt 0.14543456 0.17775092
vt 0.14543456 0.18446226
vt 0.15127575 0.18446226
vt 0.15127575 0.17775092
vt 0.14543456 0.17775092
vt 0.14543456 0.18446226
vt 0.15127575 0.18446226
vt 0.15127575 0.17775092
vt 0.14543456 0.17775092
vt 0.14543456 0.18446226
vt 0.15127575 0.18446226
vt 0.15127575 0.17775092
vt 0.14543456 0.17775092
vt 0.14543456 0.18446226
vt 0.15127575 0.18446226
vt 0.15127575 0.17775092
vt 0.14543456 0.17775092
vt 0.14543456 0.18446226
vt 0.13833262 0.18446226
vt 0.1383326 0.17516011
vt 0.14322777 0.17516011
vt 0.14322777 0.18446226
vt 0.13833262 0.18446226
vt 0.1383326 0.17516011
vt 0.14322777 0.17516011
vt 0.14322777 0.18446226
vt 0.13833262 0.18446226
vt 0.1383326 0.17516011
vt 0.14322777 0.17516011
vt 0.14322777 0.18446226
vt 0.13833262 0.18446226
vt 0.1383326 0.17516011
vt 0.14322777 0.17516011
vt 0.14322777 0.18446226
vt 0.13833262 0.18446226
vt 0.1383326 0.17516011
vt 0.14322777 0.17516011
vt 0.14322777 0.18446226
vt 0.13833262 0.18446226
vt 0.1383326 0.17516011
vt 0.14322777 0.17516011
vt 0.14322777 0.18446226
vt 0.13833262 0.18446226
vt 0.1383326 0.17516011
vt 0.14322777 0.17516011
vt 0.14322777 0.18446226
vt 0.13833262 0.18446226
vt 0.1383326 0.17516011
vt 0.14322777 0.17516011
vt 0.14322777 0.18446226
vt 0.13701689 0.19441497
vt 0.13701689 0.18753713
vt 0.15367365 0.18753713
vt 0.15367365 0.19441497
vt 0.13701689 0.19441497
vt 0.13701689 0.18753713
vt 0.15367365 0.18753713
vt 0.15367365 0.19441497
vt 0.13701689 0.19441497
vt 0.13701689 0.18753713
vt 0.15367365 0.18753713
vt 0.15367365 0.19441935
vt 0.13701689 0.19441935
vt 0.13701689 0.18753713
vt 0.15367365 0.18753713
vt 0.15367365 0.19442046
vt 0.13701689 0.19442046
vt 0.13701689 0.18753713
vt 0.15367365 0.18753713
vt 0.15367365 0.19441909
vt 0.13701689 0.19441909
vt 0.13701689 0.18753713
vt 0.15367365 0.18753713
vt 0.15367365 0.19442046
vt 0.13701689 0.19442046
vt 0.13701689 0.18753713
vt 0.15367365 0.18753713
vt 0.15367365 0.19441989
vt 0.13701689 0.19441989
vt 0.13701689 0.18753713
vt 0.15367365 0.18753713
vt 0.15367365 0.19441825
vt 0.15127575 0.17559275
vt 0.14834088 0.174267
vt 0.14543456 0.17559275
vt 0.15127575 0.17559275
vt 0.14834088 0.174267
vt 0.14543456 0.17559275
vt 0.15127575 0.17559275
vt 0.14834088 0.17426698
vt 0.14543456 0.17559275
vt 0.15127575 0.17559272
vt 0.14834088 0.17426698
vt 0.14543456 0.17559275
vt 0.15127575 0.17559275
vt 0.14834088 0.174267
vt 0.14543456 0.17559275
vt 0.15127575 0.17559272
vt 0.14834088 0.17426698
vt 0.14543456 0.17559275
vt 0.15127575 0.17559275
vt 0.14834088 0.17426698
vt 0.14543456 0.17559272
vt 0.15127575 0.17559272
vt 0.14834088 0.174267
vt 0.14543456 0.17559275
vt 0.15127575 0.18446226
vt 0.15127575 0.17775092
vt 0.14543456 0.17775092
vt 0.14543456 0.18446226
vt 0.15127575 0.18446226
vt 0.15127575 0.17775092
vt 0.14543456 0.17775092
vt 0.14543456 0.18446226
vt 0.15127575 0.18446226
vt 0.15127575 0.17775092
vt 0.14543456 0.17775092
vt 0.14543456 0.18446226
vt 0.15127575 0.18446226
vt 0.15127575 0.17775092
vt 0.14543456 0.17775092
vt 0.14543456 0.18446226
vt 0.15127575 0.18446226
vt 0.15127575 0.17775092
vt 0.14543456 0.17775092
vt 0.14543456 0.18446226
vt 0.15127575 0.18446226
vt 0.15127575 0.17775092
vt 0.14543456 0.17775092
vt 0.14543456 0.18446226
vt 0.15127575 0.18446226
vt 0.15127575 0.17775092
vt 0.14543456 0.17775092
vt 0.14543456 0.18446226
vt 0.15127575 0.18446226
vt 0.15127575 0.17775092
vt 0.14543456 0.17775092
vt 0.14543456 0.18446226
vt 0.13833262 0.18446226
vt 0.1383326 0.17516011
vt 0.14322777 0.17516011
vt 0.14322777 0.18446226
vt 0.13833262 0.18446226
vt 0.1383326 0.17516011
vt 0.14322777 0.17516011
vt 0.14322777 0.18446226
vt 0.13833262 0.18446226
vt 0.1383326 0.17516011
vt 0.14322777 0.17516011
vt 0.14322777 0.18446226
vt 0.13833262 0.18446226
vt 0.1383326 0.17516011
vt 0.14322777 0.17516011
vt 0.14322777 0.18446226
vt 0.13833262 0.18446226
vt 0.1383326 0.17516011
vt 0.14322777 0.17516011
vt 0.14322777 0.18446226
vt 0.13833262 0.18446226
vt 0.1383326 0.17516011
vt 0.14322777 0.17516011
vt 0.14322777 0.18446226
vt 0.13833262 0.18446226
vt 0.1383326 0.17516011
vt 0.14322777 0.17516011
vt 0.14322777 0.18446226
vt 0.13833262 0.18446226
vt 0.1383326 0.17516011
vt 0.14322777 0.17516011
vt 0.14322777 0.18446226
vt 0.13701689 0.19441497
vt 0.13701689 0.18753713
vt 0.15367365 0.18753713
vt 0.15367365 0.19441497
vt 0.13701689 0.19441497
vt 0.13701689 0.18753713
vt 0.15367365 0.18753713
vt 0.15367365 0.19441497
vt 0.13701689 0.19441497
vt 0.13701689 0.18753713
vt 0.15367365 0.18753713
vt 0.15367365 0.19441935
vt 0.13701689 0.19441935
vt 0.13701689 0.18753713
vt 0.15367365 0.18753713
vt 0.15367365 0.19442046
vt 0.13701689 0.19442046
vt 0.13701689 0.18753713
vt 0.15367365 0.18753713
vt 0.15367365 0.19441909
vt 0.13701689 0.19441909
vt 0.13701689 0.18753713
vt 0.15367365 0.18753713
vt 0.15367365 0.19442046
vt 0.13701689 0.19442046
vt 0.13701689 0.18753713
vt 0.15367365 0.18753713
vt 0.15367365 0.19441989
vt 0.13701689 0.19441989
vt 0.13701689 0.18753713
vt 0.15367365 0.18753713
vt 0.15367365 0.19441825
vt 0.15127575 0.17559275
vt 0.14834088 0.174267
vt 0.14543456 0.17559275
vt 0.15127575 0.17559275
vt 0.14834088 0.174267
vt 0.14543456 0.17559275
vt 0.15127575 0.17559275
vt 0.14834088 0.17426698
vt 0.14543456 0.17559275
vt 0.15127575 0.17559272
vt 0.14834088 0.17426698
vt 0.14543456 0.17559275
vt 0.15127575 0.17559275
vt 0.14834088 0.174267
vt 0.14543456 0.17559275
vt 0.15127575 0.17559272
vt 0.14834088 0.17426698
vt 0.14543456 0.17559275
vt 0.15127575 0.17559275
vt 0.14834088 0.17426698
vt 0.14543456 0.17559272
vt 0.15127575 0.17559272
vt 0.14834088 0.174267
vt 0.14543456 0.17559275
vt 0.15127575 0.18446226
vt 0.15127575 0.17775092
vt 0.14543456 0.17775092
vt 0.14543456 0.18446226
vt 0.15127575 0.18446226
vt 0.15127575 0.17775092
vt 0.14543456 0.17775092
vt 0.14543456 0.18446226
vt 0.15127575 0.18446226
vt 0.15127575 0.17775092
vt 0.14543456 0.17775092
vt 0.14543456 0.18446226
vt 0.15127575 0.18446226
vt 0.15127575 0.17775092
vt 0.14543456 0.17775092
vt 0.14543456 0.18446226
vt 0.15127575 0.18446226
vt 0.15127575 0.17775092
vt 0.14543456 0.17775092
vt 0.14543456 0.18446226
vt 0.15127575 0.18446226
vt 0.15127575 0.17775092
vt 0.14543456 0.17775092
vt 0.14543456 0.18446226
vt 0.15127575 0.18446226
vt 0.15127575 0.17775092
vt 0.14543456 0.17775092
vt 0.14543456 0.18446226
vt 0.15127575 0.18446226
vt 0.15127575 0.17775092
vt 0.14543456 0.17775092
vt 0.14543456 0.18446226
vt 0.13833262 0.18446226
vt 0.1383326 0.17516011
vt 0.14322777 0.17516011
vt 0.14322777 0.18446226
vt 0.13833262 0.18446226
vt 0.1383326 0.17516011
vt 0.14322777 0.17516011
vt 0.14322777 0.18446226
vt 0.13833262 0.18446226
vt 0.1383326 0.17516011
vt 0.14322777 0.17516011
vt 0.14322777 0.18446226
vt 0.13833262 0.18446226
vt 0.1383326 0.17516011
vt 0.14322777 0.17516011
vt 0.14322777 0.18446226
vt 0.13833262 0.18446226
vt 0.1383326 0.17516011
vt 0.14322777 0.17516011
vt 0.14322777 0.18446226
vt 0.13833262 0.18446226
vt 0.1383326 0.17516011
vt 0.14322777 0.17516011
vt 0.14322777 0.18446226
vt 0.13833262 0.18446226
vt 0.1383326 0.17516011
vt 0.14322777 0.17516011
vt 0.14322777 0.18446226
vt 0.13833262 0.18446226
vt 0.1383326 0.17516011
vt 0.14322777 0.17516011
vt 0.14322777 0.18446226
vt 0.13701689 0.19441497
vt 0.13701689 0.18753713
vt 0.15367365 0.18753713
vt 0.15367365 0.19441497
vt 0.13701689 0.19441497
vt 0.13701689 0.18753713
vt 0.15367365 0.18753713
vt 0.15367365 0.19441497
vt 0.13701689 0.19441497
vt 0.13701689 0.18753713
vt 0.15367365 0.18753713
vt 0.15367365 0.19441935
vt 0.13701689 0.19441935
vt 0.13701689 0.18753713
vt 0.15367365 0.18753713
vt 0.15367365 0.19442046
vt 0.13701689 0.19442046
vt 0.13701689 0.18753713
vt 0.15367365 0.18753713
vt 0.15367365 0.19441909
vt 0.13701689 0.19441909
vt 0.13701689 0.18753713
vt 0.15367365 0.18753713
vt 0.15367365 0.19442046
vt 0.13701689 0.19442046
vt 0.13701689 0.18753713
vt 0.15367365 0.18753713
vt 0.15367365 0.19441989
vt 0.13701689 0.19441989
vt 0.13701689 0.18753713
vt 0.15367365 0.18753713
vt 0.15367365 0.19441825
vt 0.15127575 0.17559275
vt 0.14834088 0.174267
vt 0.14543456 0.17559275
vt 0.15127575 0.17559275
vt 0.14834088 0.174267
vt 0.14543456 0.17559275
vt 0.15127575 0.17559275
vt 0.14834088 0.17426698
vt 0.14543456 0.17559275
vt 0.15127575 0.17559272
vt 0.14834088 0.17426698
vt 0.14543456 0.17559275
vt 0.15127575 0.17559275
vt 0.14834088 0.174267
vt 0.14543456 0.17559275
vt 0.15127575 0.17559272
vt 0.14834088 0.17426698
vt 0.14543456 0.17559275
vt 0.15127575 0.17559275
vt 0.14834088 0.17426698
vt 0.14543456 0.17559272
vt 0.15127575 0.17559272
vt 0.14834088 0.174267
vt 0.14543456 0.17559275
vt 0.15127575 0.18446226
vt 0.15127575 0.17775092
vt 0.14543456 0.17775092
vt 0.14543456 0.18446226
vt 0.15127575 0.18446226
vt 0.15127575 0.17775092
vt 0.14543456 0.17775092
vt 0.14543456 0.18446226
vt 0.15127575 0.18446226
vt 0.15127575 0.17775092
vt 0.14543456 0.17775092
vt 0.14543456 0.18446226
vt 0.15127575 0.18446226
vt 0.15127575 0.17775092
vt 0.14543456 0.17775092
vt 0.14543456 0.18446226
vt 0.15127575 0.18446226
vt 0.15127575 0.17775092
vt 0.14543456 0.17775092
vt 0.14543456 0.18446226
vt 0.15127575 0.18446226
vt 0.15127575 0.17775092
vt 0.14543456 0.17775092
vt 0.14543456 0.18446226
vt 0.15127575 0.18446226
vt 0.15127575 0.17775092
vt 0.14543456 0.17775092
vt 0.14543456 0.18446226
vt 0.15127575 0.18446226
vt 0.15127575 0.17775092
vt 0.14543456 0.17775092
vt 0.14543456 0.18446226
vt 0.13833262 0.18446226
vt 0.1383326 0.17516011
vt 0.14322777 0.17516011
vt 0.14322777 0.18446226
vt 0.13833262 0.18446226
vt 0.1383326 0.17516011
vt 0.14322777 0.17516011
vt 0.14322777 0.18446226
vt 0.13833262 0.18446226
vt 0.1383326 0.17516011
vt 0.14322777 0.17516011
vt 0.14322777 0.18446226
vt 0.13833262 0.18446226
vt 0.1383326 0.17516011
vt 0.14322777 0.17516011
vt 0.14322777 0.18446226
vt 0.13833262 0.18446226
vt 0.1383326 0.17516011
vt 0.14322777 0.17516011
vt 0.14322777 0.18446226
vt 0.13833262 0.18446226
vt 0.1383326 0.17516011
vt 0.14322777 0.17516011
vt 0.14322777 0.18446226
vt 0.13833262 0.18446226
vt 0.1383326 0.17516011
vt 0.14322777 0.17516011
vt 0.14322777 0.18446226
vt 0.13833262 0.18446226
vt 0.1383326 0.17516011
vt 0.14322777 0.17516011
vt 0.14322777 0.18446226
vt 0.13701689 0.19441497
vt 0.13701689 0.18753713
vt 0.15367365 0.18753713
vt 0.15367365 0.19441497
vt 0.13701689 0.19441497
vt 0.13701689 0.18753713
vt 0.15367365 0.18753713
vt 0.15367365 0.19441497
vt 0.13701689 0.19441497
vt 0.13701689 0.18753713
vt 0.15367365 0.18753713
vt 0.15367365 0.19441935
vt 0.13701689 0.19441935
vt 0.13701689 0.18753713
vt 0.15367365 0.18753713
vt 0.15367365 0.19442046
vt 0.13701689 0.19442046
vt 0.13701689 0.18753713
vt 0.15367365 0.18753713
vt 0.15367365 0.19441909
vt 0.13701689 0.19441909
vt 0.13701689 0.18753713
vt 0.15367365 0.18753713
vt 0.15367365 0.19442046
vt 0.13701689 0.19442046
vt 0.13701689 0.18753713
vt 0.15367365 0.18753713
vt 0.15367365 0.19441989
vt 0.13701689 0.19441989
vt 0.13701689 0.18753713
vt 0.15367365 0.18753713
vt 0.15367365 0.19441825
vt 0.15127575 0.17559275
vt 0.14834088 0.174267
vt 0.14543456 0.17559275
vt 0.15127575 0.17559275
vt 0.14834088 0.174267
vt 0.14543456 0.17559275
vt 0.15127575 0.17559275
vt 0.14834088 0.17426698
vt 0.14543456 0.17559275
vt 0.15127575 0.17559272
vt 0.14834088 0.17426698
vt 0.14543456 0.17559275
vt 0.15127575 0.17559275
vt 0.14834088 0.174267
vt 0.14543456 0.17559275
vt 0.15127575 0.17559272
vt 0.14834088 0.17426698
vt 0.14543456 0.17559275
vt 0.15127575 0.17559275
vt 0.14834088 0.17426698
vt 0.14543456 0.17559272
vt 0.15127575 0.17559272
vt 0.14834088 0.174267
vt 0.14543456 0.17559275
vt 0.15127575 0.18446226
vt 0.15127575 0.17775092
vt 0.14543456 0.17775092
vt 0.14543456 0.18446226
vt 0.15127575 0.18446226
vt 0.15127575 0.17775092
vt 0.14543456 0.17775092
vt 0.14543456 0.18446226
vt 0.15127575 0.18446226
vt 0.15127575 0.17775092
vt 0.14543456 0.17775092
vt 0.14543456 0.18446226
vt 0.15127575 0.18446226
vt 0.15127575 0.17775092
vt 0.14543456 0.17775092
vt 0.14543456 0.18446226
vt 0.15127575 0.18446226
vt 0.15127575 0.17775092
vt 0.14543456 0.17775092
vt 0.14543456 0.18446226
vt 0.15127575 0.18446226
vt 0.15127575 0.17775092
vt 0.14543456 0.17775092
vt 0.14543456 0.18446226
vt 0.15127575 0.18446226
vt 0.15127575 0.17775092
vt 0.14543456 0.17775092
vt 0.14543456 0.18446226
vt 0.15127575 0.18446226
vt 0.15127575 0.17775092
vt 0.14543456 0.17775092
vt 0.14543456 0.18446226
vt 0.13833262 0.18446226
vt 0.1383326 0.17516011
vt 0.14322777 0.17516011
vt 0.14322777 0.18446226
vt 0.13833262 0.18446226
vt 0.1383326 0.17516011
vt 0.14322777 0.17516011
vt 0.14322777 0.18446226
vt 0.13833262 0.18446226
vt 0.1383326 0.17516011
vt 0.14322777 0.17516011
vt 0.14322777 0.18446226
vt 0.13833262 0.18446226
vt 0.1383326 0.17516011
vt 0.14322777 0.17516011
vt 0.14322777 0.18446226
vt 0.13833262 0.18446226
vt 0.1383326 0.17516011
vt 0.14322777 0.17516011
vt 0.14322777 0.18446226
vt 0.13833262 0.18446226
vt 0.1383326 0.17516011
vt 0.14322777 0.17516011
vt 0.14322777 0.18446226
vt 0.13833262 0.18446226
vt 0.1383326 0.17516011
vt 0.14322777 0.17516011
vt 0.14322777 0.18446226
vt 0.13833262 0.18446226
vt 0.1383326 0.17516011
vt 0.14322777 0.17516011
vt 0.14322777 0.18446226
vt 0.020588934 0.00745742
vt 0.04952678 0.08094003
vt 0.12276414 0.07553196
vt 0.12590834 0.0019230619
vt 0.24741024 0.18436465
vt 0.18985254 0.21707693
vt 0.24608576 0.22311279
vt 0.18998963 0.15784127
vt 0.24690449 0.16178161
vt 0.12703225 0.13794294
vt 0.19080919 0.12994105
vt 0.12276414 0.07553196
vt 0.19139561 0.11816348
vt 0.24843192 0.13128734
vt 0.2492472 0.11989458
vt 0.19180343 0.08963969
vt 0.19178218 0.075963855
vt 0.24840319 0.07763119
vt 0.24825913 0.09005076
vt 0.021630704 0.2450048
vt 0.06668639 0.24506477
vt 0.06404761 0.0043492196
vt 0.06404761 0.0043492196
vt 0.16007367 0.04677645
vt 0.16011927 0.0044769347
vt 0.15999392 0.1205013
vt 0.06668639 0.24506477
vt 0.15985915 0.24518876
vt 0.11294836 0.0039494634
vt 0.11386415 0.24729916
vt 0.14433926 0.24718449
vt 0.14342356 0.0038348138
vt 0.088790596 0.00404045
vt 0.08970639 0.24739006
vt 0.11386415 0.24729916
vt 0.11294836 0.0039494634
vt 0.06403977 0.004133612
vt 0.06488213 0.22719976
vt 0.08970639 0.24739006
vt 0.088790596 0.00404045
vt 0.09773943 0.15329506
vt 0.10900527 0.13056266
vt 0.04952678 0.08094003
vt 0.033472955 0.099799216
vt 0.117156565 0.16130847
vt 0.12703225 0.13794294
vt 0.18985254 0.21707693
vt 0.18403333 0.23924938
vt 0.2442449 0.24724597
vt 0.24608576 0.22311279
vt 0.020588934 0.00745742
vt 0.004113525 0.023092352
vt 0.12590834 0.0019230619
vt 0.12276414 0.07553196
vt 0.16217734 0.014721864
vt 0.19189042 0.046853833
vt 0.19178218 0.075963855
vt 0.24807632 0.046579115
vt 0.24809927 0.025012337
vt 0.24758479 0.24669395
vt 0.20389843 0.20286633
vt 0.19239253 0.21092097
vt 0.16490498 0.21124686
vt 0.004870236 0.24813738
vt 0.15326566 0.20306104
vt 0.1322611 0.16974735
vt 0.22473413 0.16878074
vt 0.2307587 0.14827469
vt 0.23536187 0.09613356
vt 0.24638963 0.012133107
vt 0.23304516 0.073143974
vt 0.2186065 0.028102428
vt 0.2087341 0.013238914
vt 0.012772083 0.21186635
vt 0.12612122 0.1495249
vt 0.021235347 0.17253318
vt 0.02489084 0.15547988
vt 0.03323716 0.11619453
vt 0.121516585 0.09779166
vt 0.03745818 0.09594671
vt 0.037012517 0.052289374
vt 0.123862505 0.07444287
vt 0.03665477 0.014041603
vt 0.13816807 0.028225072
vt 0.1308527 0.011959232
vt 0.03226316 0.09199945
vt 0.0319013 0.056743063
vt 0.008916914 0.20433971
vt 0.015750587 0.17271034
vt 0.021000981 0.14806122
vt 0.027728794 0.11635168
vt 0.10900527 0.13056266
vt 0.12703225 0.13794294
vt 0.12276414 0.07553196
vt 0.04952678 0.08094003
vt 0.24840093 0.0717799
vt 0.24784416 0.052349262
vt 0.1945135 0.051565446
vt 0.19483483 0.071048394
vt 0.246896 0.15587267
vt 0.24785894 0.13738385
vt 0.19297221 0.13483392
vt 0.1930094 0.15338671
vt 0.24929607 0.11375883
vt 0.24840388 0.0957596
vt 0.19484013 0.09433289
vt 0.19427079 0.11323953
vt 0.24840319 0.07763119
vt 0.24840093 0.0717799
vt 0.19483483 0.071048394
vt 0.19178218 0.075963855
vt 0.19178218 0.075963855
vt 0.19483483 0.071048394
vt 0.1945135 0.051565446
vt 0.19189042 0.046853833
vt 0.19189042 0.046853833
vt 0.1945135 0.051565446
vt 0.24784416 0.052349262
vt 0.24807632 0.046579115
vt 0.24690449 0.16178161
vt 0.246896 0.15587267
vt 0.1930094 0.15338671
vt 0.18998963 0.15784127
vt 0.18998963 0.15784127
vt 0.1930094 0.15338671
vt 0.19297221 0.13483392
vt 0.19080919 0.12994105
vt 0.19080919 0.12994105
vt 0.19297221 0.13483392
vt 0.24785894 0.13738385
vt 0.24843192 0.13128734
vt 0.2492472 0.11989458
vt 0.24929607 0.11375883
vt 0.19427079 0.11323953
vt 0.19139561 0.11816348
vt 0.19139561 0.11816348
vt 0.19427079 0.11323953
vt 0.19484013 0.09433289
vt 0.19180343 0.08963969
vt 0.19180343 0.08963969
vt 0.19484013 0.09433289
vt 0.24840388 0.0957596
vt 0.24825913 0.09005076
vt 0 0
vt 0 0
vt 0 0
vt 0 0
vt 0 0
vt 0 0
vt 0 0
vt 0 0
vt 2.627898E-06 0.6582494
vt 1 0.6582122
vt 1 0.5791061
vt 1.313949E-06 0.5791247
vt 0.905496 0.71797156
vt 0.9856679 0.7415259
vt 0.999868 0.7333875
vt 0.97765106 0.7443353
vt 0.96919 0.7452228
vt 0.9254459 0.7277136
vt 0.9608956 0.7455236
vt 0.9334488 0.73185265
vt 0.9422064 0.7365712
vt 0.9522302 0.742902
vt 0.912013 0.72277623
vt 0.89604306 0.7187469
vt 0.8820819 0.73485756
vt 1 0.5
vt 0 0.5
vt 0.61568236 0.7219122
vt 0.8557857 0.7798127
vt 0.8436887 0.7840832
vt 0.83241653 0.7853033
vt 0.8159207 0.8023851
vt 0.7207934 0.7776775
vt 0.7947513 0.82739776
vt 0.78952754 0.8277028
vt 0.7603844 0.8115361
vt 0.74113894 0.80482537
vt 0.70732164 0.7761523
vt 0.67927825 0.7599856
vt 0.64766085 0.7593755
vt 0.6245661 0.7371082
vt 0.49363443 0.715302
vt 0.599836 0.7309294
vt 0.52098536 0.7201147
vt 0.58544993 0.743093
vt 0.56935906 0.74750686
vt 0.55388373 0.74096334
vt 0.5356082 0.73028976
vt 0.5089024 0.71921605
vt 0.47621247 0.7212708
vt 0.46249178 0.7341359
vt 0.43848854 0.74785286
vt 0.4227538 0.75284296
vt 0.38487354 0.74906385
vt 0.39958385 0.75351405
vt 0.37287262 0.7552017
vt 0.3585702 0.7777518
vt 0.34727854 0.7774734
vt 0.32820827 0.78248453
vt 0.31817135 0.7883308
vt 0.26648057 0.7763598
vt 0.27927786 0.78304136
vt 0.3078837 0.805313
vt 0.29659206 0.8064266
vt 0.28856242 0.80169386
vt 0.23765667 0.7646395
vt 0.24640647 0.77023506
vt 0.25368336 0.7749678
vt 0.22963062 0.76965505
vt 0.20465553 0.7631506
vt 0.21797399 0.763892
vt 0.18852152 0.7778213
vt 0.17515224 0.77982336
vt 0.1305047 0.75153184
vt 0.14616418 0.7655736
vt 0.16694042 0.78482676
vt 0.15821843 0.77962
vt 0.13407294 0.75915766
vt 0.11599761 0.7427493
vt 0.10277476 0.75250506
vt 0.09706415 0.7541046
vt 0.08814902 0.7670394
vt 0.0867776 0.7761699
vt 0.082434274 0.77870613
vt 0.07397612 0.7741409
vt 0.06528938 0.77008295
vt 0.054316435 0.7541046
vt 0.04860147 0.7510612
vt 0.03397123 0.7490322
vt 0.025970146 0.73914087
vt 0.014082908 0.7264597
vt 0 0.7333301
vt 2.627898E-06 0.6582494
vt 0.21797399 0.763892
vt 0.22963062 0.76965505
vt 0.5599324 0.6582285
vt 1 0.6582122
vt 1 0.5791061
vt 0.55996066 0.57911426
vt 0.905496 0.71797156
vt 0.9856679 0.7415259
vt 0.999868 0.7333875
vt 0.97765106 0.7443353
vt 0.96919 0.7452228
vt 0.9254459 0.7277136
vt 0.9608956 0.7455236
vt 0.9334488 0.73185265
vt 0.9422064 0.7365712
vt 0.9522302 0.742902
vt 0.912013 0.72277623
vt 0.89604306 0.7187469
vt 0.8820819 0.73485756
vt 1 0.5
vt 0.56016 0.5
vt 0.8557857 0.7798127
vt 0.8436887 0.7840832
vt 0.83241653 0.7853033
vt 0.8159207 0.8023851
vt 0.7947513 0.82739776
vt 0.78952754 0.8277028
vt 0.7207934 0.7776775
vt 0.7603844 0.8115361
vt 0.74113894 0.80482537
vt 0.70732164 0.7761523
vt 0.67927825 0.7599856
vt 0.61568236 0.7219122
vt 0.64766085 0.7593755
vt 0.6245661 0.7371082
vt 0.599836 0.7309294
vt 0.58544993 0.743093
vt 0.56935906 0.74750686
vt 0.5600697 0.743579
vt 0.23765667 0.7646395
vt 0.24035707 0.65824044
vt 2.627898E-06 0.6582494
vt 0.22963062 0.76965505
vt 0.15496226 0.5791218
vt 1.313949E-06 0.5791247
vt 0.07332934 0.5
vt 0 0.5
vt 0.20465553 0.7631506
vt 0.21797399 0.763892
vt 0.18852152 0.7778213
vt 0.17515224 0.77982336
vt 0.1305047 0.75153184
vt 0.14616418 0.7655736
vt 0.16694042 0.78482676
vt 0.15821843 0.77962
vt 0.13407294 0.75915766
vt 0.11599761 0.7427493
vt 0.10277476 0.75250506
vt 0.09706415 0.7541046
vt 0.08814902 0.7670394
vt 0.0867776 0.7761699
vt 0.082434274 0.77870613
vt 0.07397612 0.7741409
vt 0.06528938 0.77008295
vt 0.054316435 0.7541046
vt 0.04860147 0.7510612
vt 0.03397123 0.7490322
vt 0.025970146 0.73914087
vt 0.014082908 0.7264597
vt 0 0.7333301
vt 2.627898E-06 0.6582494
vt 0.21797399 0.763892
vt 0.22963062 0.76965505
vt 0.50743043 0.03646694
vt 0.53639877 0.03646694
vt 0.5 6.80536E-05
vt 0.7136011 0.036466945
vt 0.75 0.036466952
vt 0.74999994 6.8057125E-05
vn 0.021588312 0.99227214 0.12218819
vn -0 0.99250346 0.12221666
vn 0.028115513 0.98190236 0.18728927
vn -0 0.95465654 0.2977095
vn 0.0452046 0.9645207 0.26010835
vn -0 0.92123467 0.38900736
vn -0 0.92123467 0.38900736
vn 0.08741666 0.9891494 0.11807558
vn 0.002716347 0.9890133 0.14780167
vn 0.07747124 0.9967446 0.02232581
vn 0.002714693 0.99894637 0.045812413
vn 0.047703777 0.99883884 -0.006744312
vn 0.028115513 0.98190236 0.18728927
vn 0.09316497 0.9879619 0.123497665
vn 0.1363606 0.98803383 0.072076246
vn 0.1818722 0.9832507 -0.011858494
vn 0.337406 0.9360398 0.0999342
vn 0.3912059 0.89895135 0.1970901
vn 0.262423 0.9478932 0.18064514
vn 0.36121446 0.91337323 0.18781246
vn 0.3612135 0.91337353 0.1878127
vn 0.016396722 0.99920815 0.036253475
vn -0.061961163 0.98889744 0.13506569
vn 0.079631634 0.99647063 -0.026554994
vn 0.436583 0.88314146 0.17162888
vn 0.32585698 0.9214755 0.21142419
vn 0.51459324 0.8440498 0.15090984
vn 0.66858894 0.74225837 0.04518154
vn 0.66858894 0.74225837 0.04518154
vn 0.760634 0.64259845 0.09221253
vn 0.8256757 0.56382376 0.019037198
vn 0.7691598 0.62418526 0.13706219
vn 0.4459011 0.85684055 0.25883693
vn 0.4459011 0.85684055 0.25883693
vn 0.12720245 0.94012266 0.31621033
vn 0.12720245 0.94012266 0.31621033
vn 0.35171503 0.9142003 0.20133168
vn -0 0.95465666 0.2977092
vn -0 0.95465654 0.2977095
vn -0 0.92123467 0.38900736
vn -0 0.92123485 0.38900694
vn 0.002716347 0.9890133 0.14780167
vn -0 0.9889697 0.14811839
vn 0.002714693 0.99894637 0.045812413
vn -0 0.9989353 0.046133503
vn 0.047703777 0.99883884 -0.006744312
vn -0 1 0
vn -0 0.9546566 0.2977093
vn -0 0.95465666 0.2977092
vn -0 0.92123485 0.38900694
vn -0 0.92123485 0.38900694
vn -0 0.9889697 0.14811839
vn -0 0.9889697 0.14811839
vn -0 0.9989353 0.046133503
vn -0 0.9989353 0.046133503
vn -0 1 0
vn -0 1 0
vn -0.078804396 0.94847053 0.3069099
vn -0 0.9546566 0.2977093
vn -0 0.92123485 0.38900694
vn -0.0962742 0.9082334 0.4072388
vn -0 0.9889697 0.14811839
vn 0.0104274005 0.98961115 0.14339136
vn -0 0.9989353 0.046133503
vn 0.0049370737 0.9996406 0.026350895
vn -0 1 0
vn -0 1 0
vn -0.47376338 0.8806509 0.0015617672
vn -0.8305069 -0.38060194 0.40669465
vn -0.89305675 -0.44994417 0
vn -0.91478163 -0.4039487 0
vn 0.99750394 -0.070611455 0
vn 0.99915886 -0.041007496 0
vn -0.4878854 -0.5883023 0.64487857
vn -0.9077059 0.41960707 0
vn -1 0 0
vn -0.95132554 0.30818778 0
vn -0.7427566 -0.66956156 0
vn -0.6505471 -0.75946593 0
vn -0.7603189 0.6495501 0
vn -0.94421923 -0.3293177 0
vn -0.7071068 0.7071068 0
vn -0.7071068 0.7071068 0
vn 0.0317779 0.9925368 0.11773249
vn -0.41495076 0.28567535 0.8638319
vn 0.0104274005 0.98961115 0.14339136
vn -0.078804396 0.94847053 0.3069099
vn -0.24103253 0.877099 0.41545245
vn 0.07492118 0.9892858 0.12530129
vn -0.41495076 0.28567535 0.8638319
vn 0.0317779 0.9925368 0.11773249
vn -0.47376338 0.8806509 0.0015617672
vn 0.0049370737 0.9996406 0.026350895
vn -0.9077059 0.41960707 0
vn -0.95132554 0.30818778 0
vn -0.7603189 0.6495501 0
vn -0 1 0
vn -0.7071068 0.7071068 0
vn -0.7071068 0.7071068 0
vn -0.0962742 0.9082334 0.4072388
vn -0.39302275 0.82365113 0.40881786
vn -0.61382747 0.55469406 0.5617209
vn 0.021588312 0.99227214 0.12218819
vn 0.18531886 0.93996865 0.28655872
vn 0.18531886 0.93996865 0.28655872
vn 0.08448228 0.9583652 0.2727618
vn 0.01051986 0.9702313 0.24195163
vn -0.077239774 0.9732113 0.21654981
vn -0.046987515 0.97009563 0.23813163
vn -0.046987515 0.97009563 0.23813163
vn 0.0063511617 0.94645834 0.32276362
vn 0.0063511617 0.94645834 0.32276362
vn 0.12720245 0.94012266 0.31621033
vn 0.12720245 0.94012266 0.31621033
vn -0.113884255 0.9551629 0.27330244
vn -0.17116685 0.9753677 0.13913909
vn -0.34030783 0.9079618 0.2445322
vn -0.23450464 0.89722687 0.37415442
vn -0.38338456 0.9022478 0.19739649
vn -0.43525055 0.8963204 0.084656976
vn -0.4245725 0.8951544 0.13578211
vn -0.45165232 0.89072496 0.051178586
vn -0.38492414 0.8869504 0.25525004
vn -0.5681799 0.7524696 0.33310843
vn -0.562448 0.74450374 0.3596754
vn -0.5933569 0.729577 0.34006613
vn -0.6759021 0.66752493 0.31235677
vn -0.6908916 0.6204267 0.3711327
vn -0.6555668 0.6767956 0.33493268
vn -0.81305766 0.43618977 0.38558504
vn -0.6009288 0.7053585 0.37597072
vn -0.79124993 0.45711428 0.40616518
vn -0.62188286 0.4708032 0.62578434
vn -0.32841414 0.8492278 0.41346872
vn -0.4402787 0.85723007 0.26704186
vn -0.35596377 0.81273377 0.46125233
vn -0.40187728 0.87608707 0.26639476
vn -0.38175765 0.7822473 0.49229088
vn -0.36732942 0.7514607 0.54806566
vn -0.7485981 0.5491649 0.371509
vn -0.5319615 0.7434492 0.40533963
vn -0.5422774 0.6120919 0.57556826
vn -0.30250102 0.8557507 0.41974267
vn -0.2789393 0.718539 0.63709867
vn -0.84505385 0.49305677 0.206831
vn -0.8911701 0.39727283 0.21906686
vn -0.2956248 0.8972277 0.3280069
vn -0.54263085 0.79788095 0.2625603
vn -0.59212637 0.7880962 0.16819853
vn -0.75057775 0.6303985 0.1980677
vn -0.565437 0.7385646 0.36715585
vn -0.39450258 0.8110654 0.4319037
vn -0.3480872 0.8578579 0.3780412
vn -0.38821164 0.8025114 0.45306435
vn -0.33125097 0.7863651 0.52144307
vn -0.41538492 0.7752675 0.4758317
vn -0.7204122 0.54101205 0.43394965
vn -0.7071317 0.6620769 0.24823168
vn -0.4940553 0.8494586 0.18528236
vn -0.63234705 0.7725195 0.057886187
vn -0.41660058 0.90700465 0.061535433
vn -0.6933634 0.7203911 0.016850121
vn -0.6281217 0.7720599 0.096885085
vn -0.87931997 0.38376758 0.28199103
vn -0.76555645 0.6000819 0.23200235
vn -0.52051365 0.853837 -0.0052920184
vn -0.49776408 0.8484995 0.17966515
vn -0.6186611 0.74870867 0.23810467
vn -0.4503047 0.8408946 0.30020344
vn -0.5745361 0.7257484 0.37841445
vn -0.6002843 0.7533601 0.26852834
vn -0.5376848 0.8212853 0.19075015
vn -0.48229218 0.87324035 0.06961008
vn -0.5165711 0.8543778 0.056506217
vn -0.7276267 0.6857409 0.017855592
vn -0.6738592 0.7365722 0.058096483
vn -0.8149653 0.5795087 0.0011243856
vn -0.7817126 0.58605653 -0.21322095
vn -0.6644518 0.7377282 -0.11941926
vn -0.6374118 0.76940495 -0.0415015
vn -0.40762088 0.8943535 0.18432885
vn -0.75888807 0.6440558 0.096338324
vn -0.64901906 0.7603504 -0.025330558
vn -0.52943796 0.84668165 0.053156827
vn -0.59401006 0.8044476 -0.0040202076
vn -0.5840083 0.79882383 0.14427356
vn -0.7982701 0.5902038 -0.12010149
vn -0.80968255 0.5820914 -0.07472507
vn -0.16643853 0.76742965 0.6191526
vn -0.04534198 0.893063 0.44764116
vn -0.06953488 0.73933965 0.66973263
vn -0.74531657 0.6396965 -0.18786088
vn -0.24246716 0.92228377 0.30100244
vn -0.52571994 0.8438414 0.10747235
vn -0.6130711 0.7897149 0.02223188
vn -0.25254115 0.9471996 0.19757508
vn -0.32244512 0.8837108 0.339241
vn -0.68466127 0.58949363 0.4286446
vn -0.5646977 0.53412944 0.62914413
vn -0.68234926 0.43701118 0.5860212
vn -0.6310328 0.7171713 0.29574144
vn -0.68550324 0.5871049 0.43057308
vn -0.5341836 0.6679622 0.51814526
vn -0.5066843 0.6773596 0.5333433
vn -0.5680397 0.5863598 0.577506
vn -0.64823276 0.6210088 0.440616
vn -0.5839665 0.29505086 0.7562593
vn -0.7197382 0.23976694 0.6515281
vn -0.72352046 0.3677247 0.58420604
vn -0.79469305 0.40567285 0.45154455
vn -0.9103051 0.24582706 0.33303708
vn -0.5601956 0.6850277 0.4657445
vn -0.5251109 0.62414575 0.5785332
vn -0.2789393 0.718539 0.63709867
vn -0.36732942 0.7514607 0.54806566
vn -0.23866363 0.7468573 0.6206802
vn -0.5753467 0.54866225 0.6065855
vn -0.54542476 0.28468937 0.7883298
vn -0.49505568 0.77442455 0.39393726
vn -0.39864746 0.7739613 0.49200013
vn -0.4653572 0.767699 0.44054613
vn -0.40217212 0.74388975 0.53374684
vn -0.40248466 0.67254 0.62104434
vn -0.36934358 0.6923547 0.6198632
vn -0.41491553 0.6341432 0.65246266
vn -0.46372434 0.5860772 0.66443455
vn -0.49153256 0.6176519 0.61392343
vn -0.4037081 0.66825587 0.62486315
vn -0.48713255 0.54974717 0.6785867
vn -0.33668187 0.7302655 0.5944389
vn -0.6329932 0.61730856 0.4671722
vn -0.38938463 0.75245136 0.53122175
vn -0.47413573 0.7852699 0.398179
vn -0.35356236 0.7960351 0.4912452
vn -0.31311104 0.7601057 0.5693863
vn -0.6990538 0.6626534 0.26872724
vn -0.33668187 0.7302655 0.5944389
vn -0.23866363 0.7468573 0.6206802
vn -0.40519047 0.72474056 0.5572898
vn -0.40179017 0.65542674 0.6395158
vn -0.5883539 0.5166394 0.6220318
vn -0.5496081 0.5565116 0.6230777
vn -0.53181756 0.46932873 0.7049118
vn -0.57727116 0.48552808 0.65652156
vn -0.53706783 0.47503972 0.697062
vn -0.51743466 0.587661 0.6220257
vn -0.5285889 0.5384776 0.6562285
vn -0.48189595 0.5343223 0.6944609
vn -0.48462692 0.5650151 0.6677536
vn -0.5883539 0.5166394 0.6220318
vn -0.39864746 0.7739613 0.49200013
vn -0.72025084 0.69232243 0.04391354
vn -0.8217305 0.5419105 0.17632948
vn -0.8150198 0.5158111 0.26397297
vn -0.88930243 0.36197707 0.27948862
vn -0.8324941 0.42468274 0.35580644
vn -0.5883539 0.5166394 0.6220318
vn -0.61686075 0.089497104 0.7819675
vn -0.5753467 0.54866225 0.6065855
vn -0.5753467 0.54866225 0.6065855
vn -0.39864746 0.7739613 0.49200013
vn -0.39864746 0.7739613 0.49200013
vn -0.49505568 0.77442455 0.39393726
vn -0.5753467 0.54866225 0.6065855
vn -0.61686075 0.089497104 0.7819675
vn -0.5571649 0.6364063 0.53343636
vn -0.48552448 0.6510606 0.5834262
vn -0.61686075 0.089497104 0.7819675
vn -0.65109575 0.6689804 0.35852423
vn -0.48071817 0.79253733 0.3752262
vn -0.5633464 0.5815177 0.5869225
vn -0.51743466 0.587661 0.6220257
vn -0.5571649 0.6364063 0.53343636
vn -0.5883539 0.5166394 0.6220318
vn -0.48462692 0.5650151 0.6677536
vn -0.51743466 0.587661 0.6220257
vn -0.5571649 0.6364063 0.53343636
vn -0.61686075 0.089497104 0.7819675
vn -0.51743466 0.587661 0.6220257
vn -0.40179017 0.65542674 0.6395158
vn -0.53181756 0.46932873 0.7049118
vn 0.038325388 0.930845 0.36339897
vn 0.2213336 0.89014506 0.39831302
vn 0.20816298 0.78630936 0.58170944
vn 0.030685708 0.86146945 0.5068814
vn 0.04499354 0.9765454 0.2105583
vn 0.329457 0.94374746 0.02826425
vn 0.24378821 0.7314577 0.6368179
vn 0.25834525 0.86518025 0.42979163
vn 0.6936657 0.71287125 -0.10316274
vn 0.839724 0.478126 -0.25740868
vn -0.102873996 0.9705857 0.21767049
vn -0.10765079 0.92946815 0.3528461
vn -0.110276066 0.8697743 0.48096982
vn 0.931164 0.2186384 0.29177198
vn 0.931164 0.2186384 0.29177198
vn 0.839724 0.478126 -0.25740868
vn 0.66497517 0.34902602 0.6602946
vn 0.66497517 0.34902602 0.6602946
vn 0.931164 0.2186384 0.29177198
vn 0.037323035 0.16589025 0.9854377
vn 0.023873882 0.28387004 0.95856553
vn -0.020485159 0.20438905 0.97867537
vn -0.011203463 0.08183686 0.9965828
vn 0.099002406 0.23084447 0.96794087
vn 0.06802548 0.36088434 0.93012637
vn 0.082639955 0.10468957 0.99106544
vn 0.12806858 0.0963493 0.98707414
vn 0.008030057 0.0510405 0.9986644
vn 0.014558091 -0.008227524 0.99986017
vn 0.15097004 0.3704226 0.9165125
vn 0.004003231 0.36915022 0.92936116
vn 0.19881178 0.31291777 0.9287392
vn 0.43262246 0.3488291 0.83135796
vn 0.0559489 0.47561267 0.8778738
vn 0.21027775 0.9427161 0.25897807
vn 0.19632773 0.940848 0.2761531
vn 0.30286485 0.92170143 0.24236205
vn 0.2181696 0.9441544 0.24693039
vn 0.25523058 0.9256869 0.2792152
vn -0.03876858 0.96202385 0.27019826
vn 0.2493813 0.9258468 0.28393078
vn 0.2910715 0.9048876 0.3105734
vn -0.043004196 0.19274612 0.9803059
vn 0.3394292 0.28991947 0.89483774
vn -0.04895011 0.21217121 0.9760058
vn 0.35084686 0.39083847 0.85097116
vn 0.67742705 0.3203426 0.6621732
vn 0.64722013 0.15964538 0.74539894
vn -0.12922774 0.8158573 0.5636285
vn -0.30835453 0.8020941 0.511432
vn -0.2747673 0.7504709 0.6010794
vn -0.27728677 0.7713319 0.57285184
vn -0.3208035 0.756477 0.56993663
vn -0.3959093 0.8046665 0.44245642
vn -0.30211732 0.7903038 0.5330525
vn -0.09285255 0.79796267 0.5955116
vn 0.16092132 0.8200036 0.54927087
vn 0.6792744 0.40245152 0.61369306
vn 0.6792744 0.40245152 0.61369306
vn 0.8249098 0.33676374 0.45399788
vn 0.8249098 0.33676374 0.45399788
vn 0.49897757 0.44760323 0.7420733
vn 0.49897757 0.44760323 0.7420733
vn -0.35214275 0.91257715 0.20784238
vn -0.26273963 0.7485672 0.60878164
vn -0.6752141 0.5801213 0.45557144
vn -0.7248116 0.6559705 0.21059652
vn -0.12760179 0.76050335 0.63667303
vn -0.11074041 0.9619164 0.24990693
vn -0.8422683 0.47330987 0.2579959
vn -0.77109575 0.38892472 0.5041319
vn -0.64381117 0.2762378 0.71358246
vn -0.5800135 0.46522057 0.66869587
vn 0.023335673 0.37656084 0.9260979
vn 0.096559726 0.3539856 0.9302529
vn -0.12016277 0.4142603 0.9021914
vn 0.073636934 0.14887635 0.98611027
vn 0.073636934 0.14887635 0.98611027
vn 0.6292112 0.29797518 0.71784693
vn 0.6730482 -0.06387625 0.7368352
vn 0.33520553 -0.07707007 0.9389875
vn 0.3157646 0.3017915 0.8995636
vn 0.854799 0.25680608 0.450965
vn 0.906449 -0.040770266 0.42034277
vn 0.7243731 0.5307159 0.44002756
vn 0.5081008 0.60854924 0.60950917
vn 0.53036463 0.202237 0.8232944
vn 0.03827677 0.27261755 0.96136075
vn 0.03827677 0.27261755 0.96136075
vn 0.53036463 0.202237 0.8232944
vn 0.8812873 0.07802779 0.4660949
vn 0.27073607 0.9564292 0.109294035
vn 0.19005255 0.97397876 0.12347262
vn 0.28409797 0.94939774 0.1339115
vn 0.08177011 0.9869805 0.13850355
vn 0.16810201 0.9791879 0.113722615
vn 0.3119211 0.9458318 0.0900417
vn 0.29645303 0.950252 0.095586695
vn 0.28830552 0.95115393 0.110391065
vn 0.07496388 0.9951752 0.0632993
vn 0.07496388 0.9951752 0.0632993
vn 0.07496388 0.9951752 0.0632993
vn 0.92963094 -0.053994846 0.36451462
vn 0.92963094 -0.053994846 0.36451462
vn 0.92963094 -0.053994846 0.36451462
vn 0.82678896 0.4401046 0.35032558
vn 0.8544882 0.44358388 0.27033934
vn 0.9017543 0.30001295 0.31117743
vn 0.94529873 0.27464104 0.17601903
vn 0.9208378 0.3584107 0.15362136
vn 0.80085444 0.58315724 0.13623476
vn 0.8598288 0.51019514 0.019881757
vn 0.9192619 0.3653865 -0.14645953
vn 0.7653352 0.6275963 -0.14277615
vn 0.7503079 0.53877914 -0.38308632
vn 0.9563365 0.22433777 -0.18733163
vn 0.75055206 0.4253586 0.5057091
vn 0.7463884 0.47733557 0.46374038
vn 0.56034267 0.49677116 0.6627478
vn 0.4979442 0.53179395 0.685016
vn 0.8129436 0.14020331 -0.565213
vn 0.45999515 0.1193595 0.87986237
vn 0.5953114 0.30511674 0.7433089
vn 0.5953114 0.30511674 0.7433089
vn 0.45999515 0.1193595 0.87986237
vn 0.68808484 0.46906942 0.5536364
vn 0.76681465 0.60273904 0.22068298
vn 0.6934356 0.6679144 0.27025434
vn 0.68250054 0.710908 0.16971421
vn 0.8416218 0.53234947 0.09097661
vn 0.89736867 0.44079515 0.020716723
vn 0.6934382 0.718922 0.047902294
vn 0.8417288 0.53744745 0.051409245
vn 0.9400355 0.32419288 0.10598192
vn 0.94966674 0.31320652 0.005901228
vn 0.4826884 0.7328932 0.4794574
vn 0.4826884 0.7328932 0.4794574
vn 0.48385537 0.78314775 0.39059386
vn 0.48385537 0.78314775 0.39059386
vn 0.47997886 0.8252391 0.29765886
vn 0.2795973 0.059435125 0.958276
vn 0.2795973 0.059435125 0.958276
vn 0.2795973 0.059435125 0.958276
vn 0.82493144 0.17040215 0.5389353
vn 0.828591 0.20110203 0.5224892
vn 0.828591 0.20110203 0.5224892
vn 0.82493144 0.17040215 0.5389353
vn 0.8202601 0.1394933 0.55472064
vn 0.07242116 0.4312321 0.8993298
vn 0.23035091 0.39045197 0.8913393
vn 0.25644282 0.29104257 0.9217003
vn -0.030838951 0.27780777 0.9601416
vn 0.17293653 0.5683128 0.80443364
vn 0.17293653 0.5683128 0.80443364
vn 0.5221362 0.2797763 0.80566686
vn 0.5221362 0.2797763 0.80566686
vn 0.4484483 -0.19213095 0.8729146
vn 0.4484483 -0.19213095 0.8729146
vn 0.4484483 -0.19213095 0.8729146
vn 0.9486044 0.10446669 0.2987246
vn 0.9486044 0.10446669 0.2987246
vn 0.9486044 0.10446669 0.2987246
vn -0.49454752 0.33461556 0.8021566
vn -0.49454752 0.33461556 0.8021566
vn -0.4599238 0.4824922 0.74543375
vn -0.4599238 0.4824922 0.74543375
vn -0.5161727 0.17794396 0.83779573
vn -0.5161727 0.17794396 0.83779573
vn 0.85868835 0.4182071 0.29623848
vn 0.89048487 0.38763273 0.23828061
vn 0.89048487 0.38763273 0.23828061
vn 0.9175575 0.3550019 0.17905864
vn 0.9175575 0.3550019 0.17905864
vn 0.27366507 0.59814644 0.75321203
vn 0.27366507 0.59814644 0.75321203
vn 0.27366507 0.59814644 0.75321203
vn 0.27440837 0.8587309 0.43276006
vn 0.27440837 0.8587309 0.43276006
vn 0.11204492 0.86523455 0.48868728
vn 0.11204492 0.86523455 0.48868728
vn 0.4279392 0.74962384 0.504908
vn 0.4279392 0.74962384 0.504908
vn 0.41616657 0.6530345 0.6327332
vn -0.42870212 0.90333146 -0.0143819
vn -0.44751447 0.8858882 0.12220028
vn -0.42026266 0.86319226 0.27978295
vn -0.27248564 0.48511374 0.8309129
vn -0.6577613 0.7291291 0.1889998
vn -0.5607261 0.82798326 0.0054715713
vn -0.78438014 0.10601062 0.6111543
vn -0.65700996 -0.048190556 0.7523401
vn -0.1098235 0.26672634 0.95749456
vn 0.106790744 0.80057174 0.58964455
vn 0.5035071 0.4674622 0.7266084
vn 0.106790744 0.80057174 0.58964455
vn -0.75714415 -0.14591776 0.63674235
vn -0.13954468 0.24836197 0.9585633
vn 0.5867169 0.5726615 0.5725575
vn -0.7005165 -0.1699621 0.6931014
vn -0.100813024 0.09181596 0.99065965
vn 0.57994336 0.4497448 0.67926097
vn 0.73407084 0.51711005 0.4401559
vn -0.8078459 -0.22087182 0.5464437
vn -0.8449395 0.48148042 0.23292494
vn -0.8723815 0.48549873 0.056934614
vn -0.72705966 0.56680167 0.38745347
vn -0.80449235 0.38936275 0.4485407
vn -0.9028098 0.27013314 0.3346083
vn -0.8449395 0.48148042 0.23292494
vn 0.20244636 -0.6471376 0.73500234
vn -0.25089124 -0.6264066 0.73801655
vn 0.052133705 -0.018681288 0.9984654
vn 0.41370142 -0.13343678 0.9005808
vn -0.80449235 0.38936275 0.4485407
vn -0.9028098 0.27013314 0.3346083
vn -0.72705966 0.56680167 0.38745347
vn 0.052133705 -0.018681288 0.9984654
vn 0.30657336 0.5483517 0.77802527
vn 0.48598036 0.42508984 0.76362413
vn -0.56839716 0.21021071 0.79544723
vn -0.5952368 0.019573232 0.803312
vn -0.01654413 0.02046171 0.9996538
vn -0.023940962 0.12942225 0.9913005
vn 0.5665054 0.013744413 0.82394344
vn 0.525976 0.005195864 0.85048354
vn -0.034342945 -0.035248563 0.99878836
vn -0.6488537 -0.09043518 0.75552
vn 0.5949839 0.03540555 0.80295753
vn -0.5369074 0.24568677 0.80707407
vn -0.03700784 0.15719198 0.9868744
vn -0.5180124 0.16963038 0.8383846
vn -0.032186642 0.13602391 0.9901826
vn 0.47230354 0.023513382 0.88112235
vn -0.6488537 -0.09043518 0.75552
vn -0.68604517 -0.121841684 0.7172842
vn -0.041457105 -0.032190636 0.9986216
vn -0.034342945 -0.035248563 0.99878836
vn 0.6239707 0.07364205 0.7779701
vn 0.5949839 0.03540555 0.80295753
vn -0.10316786 0.666495 0.7383365
vn 0.30207986 0.095965914 0.94843996
vn 0.03346153 0.024173122 0.99914765
vn 0.15366419 -0.6319205 0.75964713
vn -0.30419078 -0.044632986 0.95156497
vn 0.03346153 0.024173122 0.99914765
vn -0.028990747 -0.6316198 0.7747361
vn -0.34512278 -0.034751676 0.937914
vn -0.5561973 0.4938415 0.668405
vn -0.44221303 0.5648252 0.696721
vn 0.0028267915 -0.5495624 0.83544797
vn 0.03346153 0.024173122 0.99914765
vn -0.3422818 -0.7218346 0.6014965
vn -0.8416057 -0.20621216 0.49917582
vn -0.5771832 -0.108269446 0.80940557
vn -0.24933249 -0.55286264 0.7950951
vn -0.095796846 -0.00086246873 0.9954006
vn -0.53344446 0.5709062 0.62410194
vn -0.5771832 -0.108269446 0.80940557
vn 0.10165416 0.5739647 0.812546
vn 0.0029203026 0.0077905376 0.9999654
vn 0.33087727 0.48588064 0.8089748
vn -0.0054271338 0.02702831 0.99961996
vn -0.27564752 -0.4677073 0.83980256
vn -0.32581112 -0.47274303 0.81875587
vn 0.26665646 0.5124844 0.8162439
vn -0.6909089 -0.1290688 0.7113271
vn -0.68169564 -0.16863725 0.71193576
vn 0.0005054456 0.029764676 0.99955684
vn -0.011077849 0.056943048 0.998316
vn 0.03029188 0.006671885 0.9995189
vn -0.65549564 -0.20467554 0.7269343
vn -0.2871607 0.4352234 0.85329914
vn -0.8279873 -0.10650937 0.5505387
vn -0.45392996 0.83763885 0.3038235
vn -0.4488624 0.89355403 0.009153568
vn -0.7139484 -0.0599233 0.6976295
vn -0.013412572 0.058036175 0.9982244
vn -0.011077849 0.056943048 0.998316
vn 0.0005054456 0.029764676 0.99955684
vn 0.6838716 0.2110416 0.6984133
vn 0.6750303 0.20995124 0.70728683
vn 0.69772494 0.21393031 0.6836767
vn 0.03029188 0.006671885 0.9995189
vn 0.18537575 0.8336823 0.52020156
vn -0.2871607 0.4352234 0.85329914
vn -0.73270625 0.65280384 0.19232479
vn -0.4782285 0.8684193 0.13094084
vn -0.6163652 0.78730035 0.015879752
vn 0.18537575 0.8336823 0.52020156
vn -0.013412572 0.058036175 0.9982244
vn 0.69510406 0.14146283 0.7048536
vn -0.4488624 0.89355403 0.009153568
vn -0.4782285 0.8684193 0.13094084
vn -0.45392996 0.83763885 0.3038235
vn -0.2871607 0.4352234 0.85329914
vn -0.6163652 0.78730035 0.015879752
vn 0.2770308 0.9321932 0.23295888
vn 0.27472526 0.9598344 0.056955658
vn 0.40262532 0.7922408 0.45852745
vn 0.21305257 0.8238573 0.5252311
vn 0.06443124 0.9356441 0.34701407
vn 0.2770308 0.9321932 0.23295888
vn -0.5253438 0.32543612 0.7861967
vn -0.57092655 0.3435858 0.7456485
vn 0.002100408 0.0880257 0.99611604
vn -0.025577137 -0.01765513 0.99951696
vn 0.5815873 -0.21189356 0.7854027
vn 0.48475248 -0.35345513 0.8000529
vn 0.06443124 0.9356441 0.34701407
vn 0.21305257 0.8238573 0.5252311
vn 0.40262532 0.7922408 0.45852745
vn -0.71987313 0.1836498 0.6693695
vn -0.1359286 0.6202751 0.77251685
vn -0.07659311 0.3580578 0.9305526
vn -0.7083822 0.023124779 0.70545024
vn -0.00028992156 0.02258705 0.99974483
vn -0.07659311 0.3580578 0.9305526
vn -0.1359286 0.6202751 0.77251685
vn 0.63208306 0.34383658 0.69444036
vn -0.00028992156 0.02258705 0.99974483
vn 0.70795774 0.008768532 0.70620036
vn -0.7063299 0.04691433 0.7063266
vn -0.70710605 0.0024423646 0.7071034
vn 0.00031736726 0.02041242 0.9997916
vn 0.00031258864 0.05493941 0.9984897
vn 0.00015470498 -0.0064035235 0.9999795
vn -0.70684475 -0.027172437 0.70684665
vn 0.00031258864 0.05493941 0.9984897
vn 0.00031736726 0.02041242 0.9997916
vn 0.70686185 0.026414283 0.7068583
vn 0.70677215 0.03083773 0.7067689
vn 0.7069907 0.018116377 0.7069908
vn 0.00015470498 -0.0064035235 0.9999795
vn -0.70684475 -0.027172437 0.70684665
vn -0.7070099 0.016493589 0.7070114
vn 0.00023201201 0.012282972 0.99992454
vn 0.00015470498 -0.0064035235 0.9999795
vn -0.00028992156 0.02258705 0.99974483
vn -0.7083822 0.023124779 0.70545024
vn 0.00015470498 -0.0064035235 0.9999795
vn 0.00023201201 0.012282972 0.99992454
vn 0.7071078 0.0008798203 0.7071053
vn 0.7069907 0.018116377 0.7069908
vn 0.70795774 0.008768532 0.70620036
vn -0.00028992156 0.02258705 0.99974483
vn -0.014005344 0.5996548 0.80013627
vn 0.31055593 0.03564178 0.9498867
vn 0.01770446 0.02086369 0.99962556
vn 0.04288475 -0.569268 0.8210328
vn -0.32664922 0.040663395 0.94427055
vn -0.12487709 -0.5401461 0.83225477
vn -0.35027868 0.0778254 0.9334067
vn -0.53451586 0.58321327 0.6116823
vn -0.4008193 0.6069431 0.68626815
vn -0.028428737 -0.45813742 0.88842666
vn 0.52255106 0.66976666 0.5275917
vn 0.863355 -0.073871255 0.49916065
vn 0.67791975 -0.03958 0.7340697
vn 0.67791975 -0.03958 0.7340697
vn 0.45976827 -0.7087287 0.5350859
vn 0.2238045 0.0025491363 0.9746308
vn 0.33719072 -0.65576094 0.6754851
vn 0.06573778 0.0007489916 0.99783665
vn 0.2238045 0.0025491363 0.9746308
vn -0.28939486 0.58265716 0.759448
vn -0.021747354 0.684613 0.72858226
vn 0.38658386 -0.5815498 0.7157882
vn 0.67791975 -0.03958 0.7340697
vn -0.04689395 -0.6482147 0.76001227
vn -0.3006229 0.1118919 0.94715685
vn -0.020944959 0.06533864 0.99764335
vn 0.1513464 -0.6649052 0.7314338
vn 0.2609767 0.049826276 0.96405834
vn 0.05059678 -0.60170174 0.79711676
vn 0.22252646 0.091725774 0.9706021
vn -0.020944959 0.06533864 0.99764335
vn -0.3006229 0.1118919 0.94715685
vn 0.015024629 0.7155251 0.69842553
vn 0.2609767 0.049826276 0.96405834
vn 0.22111785 0.73082834 0.64575297
vn 0.22252646 0.091725774 0.9706021
vn 0.27418092 0.7355756 0.6194783
vn -0.46997344 -0.45596516 0.7557915
vn -0.36289924 0.33073837 0.87115806
vn -0.16917486 0.18839672 0.9674123
vn -0.16917486 0.18839672 0.9674123
vn 0.20396967 0.7073227 0.6768242
vn 0.030123 0.04822596 0.9983822
vn 0.2047991 0.6802926 0.7037467
vn 0.00041347565 0.08024538 0.9967751
vn -0.09987281 -0.55752873 0.82412815
vn -0.15981442 -0.6077344 0.7778935
vn 0.1005151 0.6821802 0.72424227
vn -0.16917486 0.18839672 0.9674123
vn -0.8383994 -0.5318454 0.119276695
vn -0.98579836 0.15199877 0.07139995
vn -0.93166983 0.12757035 0.3401723
vn -0.56800604 -0.6649833 0.4849397
vn -0.5932102 0.08164534 0.8008968
vn -0.2796593 -0.67355305 0.6841908
vn -0.350557 0.068321764 0.93404603
vn -0.93166983 0.12757035 0.3401723
vn -0.98579836 0.15199877 0.07139995
vn -0.5329886 0.75066596 0.39041492
vn -0.5932102 0.08164534 0.8008968
vn -0.26515135 0.7357083 0.62324005
vn -0.350557 0.068321764 0.93404603
vn -0.20486924 0.7679853 0.60681736
vn -0.7490101 -0.45596087 0.48071164
vn -0.70187104 0.33075765 0.63085383
vn -0.5682504 0.18841021 0.8009951
vn -0.5682504 0.18841021 0.8009951
vn -0.10647357 0.70733625 0.69881254
vn -0.3851623 0.04277814 0.9218569
vn -0.096040204 0.67876697 0.7280466
vn -0.39706784 0.07024401 0.9150973
vn -0.43132502 -0.57408524 0.6959776
vn -0.4718175 -0.6158521 0.63096315
vn -0.17843325 0.68195575 0.7092941
vn -0.5682504 0.18841021 0.8009951
vn -0.010147076 0.6926807 0.72117305
vn 0.31083143 0.03901768 0.9496639
vn 0.022685688 0.02302701 0.99947745
vn -0.36090925 0.6997563 0.6165109
vn -0.32392585 0.045173742 0.9450034
vn -0.48398617 0.67746663 0.553892
vn -0.34423062 0.08546532 0.9349872
vn 0.022685688 0.02302701 0.99947745
vn 0.31083143 0.03901768 0.9496639
vn 0.043640953 -0.662957 0.7473844
vn -0.32392585 0.045173742 0.9450034
vn -0.11284974 -0.6334917 0.7654758
vn -0.34423062 0.08546532 0.9349872
vn -0.027116869 -0.55057037 0.8343482
vn -0.3757727 0.63103014 0.6786722
vn 0.2892043 0.12030875 0.9496772
vn 0.013863761 0.0336685 0.9993369
vn -0.6896642 0.49887097 0.5248725
vn -0.39377493 -0.06650576 0.9167979
vn -0.65849185 0.5176128 0.5463201
vn -0.46141613 -0.060461298 0.8851212
vn 0.013863761 0.0336685 0.9993369
vn 0.2892043 0.12030875 0.9496772
vn 0.36368376 -0.53168947 0.7648794
vn -0.39377493 -0.06650576 0.9167979
vn 0.13244388 -0.6016553 0.78769886
vn -0.46141613 -0.060461298 0.8851212
vn -0.03926411 -0.60904264 0.79216504
vn -0.6316854 -0.57971513 0.5146882
vn -0.87174195 0.11191023 0.4770138
vn -0.62852633 0.09129318 0.772412
vn -0.26365256 -0.6184747 0.7402543
vn -0.62852633 0.09129318 0.772412
vn -0.2773162 0.73960084 0.61325884
vn -0.07798023 0.078489915 0.99386036
vn -0.082613595 -0.6040262 0.7926711
vn 0.09902251 0.10166161 0.98987854
vn 0.14976996 0.7213091 0.6762264
vn 0.22422789 0.7494147 0.62297636
vn -0.62852633 0.09129318 0.772412
vn -0.63168573 -0.57971394 0.51468927
vn -0.8717328 0.11190027 0.4770328
vn -0.6285279 0.09128137 0.77241206
vn -0.26365486 -0.6184941 0.7402373
vn -0.6285279 0.09128137 0.77241206
vn -0.27732894 0.7395853 0.6132719
vn -0.077983946 0.078476146 0.9938612
vn -0.6285279 0.09128137 0.77241206
vn 0.14976828 0.72130764 0.67622834
vn 0.09902093 0.10164628 0.98988026
vn -0.08261839 -0.6040431 0.7926577
vn -0.077983946 0.078476146 0.9938612
vn 0.09902093 0.10164628 0.98988026
vn 0.22422951 0.74940884 0.6229828
vn 0.067414865 0.058257256 0.99602276
vn 0.24615447 0.11191178 0.96274805
vn 0.23260987 -0.5860459 0.776172
vn -0.006382781 0.072794296 0.99732655
vn 0.21441266 -0.61152214 0.76162195
vn 0.1210021 0.1474422 0.9816411
vn 0.2577201 -0.5673246 0.7821274
vn -0.13589996 0.6875551 0.71330166
vn 0.24615447 0.11191178 0.96274805
vn 0.067414865 0.058257256 0.99602276
vn -0.22568448 0.72160304 0.65448886
vn -0.006382781 0.072794296 0.99732655
vn -0.08461321 0.778257 0.62221915
vn 0.1210021 0.1474422 0.9816411
vn 0.7726562 0.060863946 0.63190037
vn 0.9604795 0.010183376 0.2781644
vn 0.5678862 -0.6200692 0.54131275
vn 0.55255395 0.74655455 0.37059474
vn 0.18637669 0.11423857 0.97581416
vn 0.269757 -0.59121245 0.76006514
vn -0.04754398 0.1164787 0.9920546
vn 0.15810533 -0.55443454 0.8170711
vn -0.22832608 0.72646946 0.6481585
vn -0.004358459 0.7674089 0.64114326
vn 0.72991025 0.26059848 0.63191736
vn 0.9244598 0.26074883 0.2781801
vn 0.7101154 -0.45021614 0.5413332
vn 0.3383209 0.8649956 0.3705693
vn 0.37519425 0.21065767 0.9026919
vn 0.525109 -0.49801618 0.6901018
vn 0.011461025 0.7992803 0.60084915
vn -0.68428725 0.20769843 0.69900817
vn -0.9045265 0.32317087 0.27819517
vn -0.23044983 0.7827653 0.5780756
vn -0.7501157 -0.5221778 0.40577936
vn -0.24724476 0.021122348 0.9687228
vn 0.04188709 0.6794602 0.73251575
vn -0.39475483 -0.64931434 0.6500458
vn -0.18347554 0.58271885 0.79169154
vn -0.40259084 0.76354337 0.5048983
vn 0.37789965 0.82598865 0.41825184
vn -0.67345434 -0.00384081 0.7392189
vn 0.09406627 0.27130276 0.9578864
vn -0.18347554 0.58271885 0.79169154
vn 0.5441497 0.67159945 0.5028472
vn -0.409623 -0.28360206 0.86705184
vn -0.18347554 0.58271885 0.79169154
vn -0.5677979 0.6039004 0.5593836
vn 0.17862897 0.84790987 0.49913988
vn 0.14892426 0.58363396 0.7982437
vn -0.47620144 0.50204647 0.72192913
vn 0.036661103 0.08439825 0.99575746
vn -0.31587943 0.5735357 0.7558287
vn 0.015252965 0.0023705368 0.9998809
vn -0.33136782 0.5056147 0.796586
vn 0.038349207 -0.0033652897 0.99925876
vn 0.33883128 -0.56997424 0.7485471
vn 0.3913143 -0.5108753 0.76542777
vn 0.54944694 -0.39564347 0.7359173
vn 0.036661103 0.08439825 0.99575746
vn 0.7898615 0.22037537 0.5723229
vn 0.14892426 0.58363396 0.7982437
vn -0.7251799 0.1396032 0.67425895
vn -0.17442648 0.6832698 0.70902604
vn -0.101704404 0.40626127 0.9080793
vn -0.70801276 -0.042405203 0.70492536
vn -0.0017182572 0.028350417 0.9995966
vn -0.101704404 0.40626127 0.9080793
vn -0.17442648 0.6832698 0.70902604
vn 0.5999399 0.46058658 0.6541652
vn -0.0017182572 0.028350417 0.9995966
vn 0.70554 0.0823567 0.7038684
vn -0.6757179 0.010752097 0.7370819
vn -0.6881571 -0.05503815 0.7234713
vn -0.010737332 0.046319142 0.998869
vn -0.02382055 0.11038399 0.9936035
vn 0.001553647 -0.010220635 0.9999466
vn -0.70304006 -0.075502485 0.7071309
vn -0.02382055 0.11038399 0.9936035
vn -0.010737332 0.046319142 0.998869
vn 0.67180455 0.12236938 0.73055077
vn 0.64000374 0.1547466 0.7526279
vn 0.7048026 0.06100858 0.7067753
vn 0.001553647 -0.010220635 0.9999466
vn -0.70304006 -0.075502485 0.7071309
vn -0.70737976 -0.0119459815 0.70673275
vn -0.00027982026 0.015394881 0.9998815
vn 0.001553647 -0.010220635 0.9999466
vn -0.0017182572 0.028350417 0.9995966
vn -0.70801276 -0.042405203 0.70492536
vn 0.001553647 -0.010220635 0.9999466
vn -0.00027982026 0.015394881 0.9998815
vn 0.70686615 0.03370198 0.70654404
vn 0.7048026 0.06100858 0.7067753
vn 0.70554 0.0823567 0.7038684
vn -0.0017182572 0.028350417 0.9995966
vn -0.079981185 0.7845801 0.6148473
vn 0.30640793 0.06993885 0.9493275
vn 0.026018187 0.026592266 0.99930775
vn -0.386391 0.75386953 0.531397
vn -0.3228088 0.016177896 0.94632596
vn -0.49738395 0.7183433 0.48640734
vn -0.34315324 0.05435971 0.93770516
vn 0.026018187 0.026592266 0.99930775
vn 0.30640793 0.06993885 0.9493275
vn 0.113332294 -0.75534576 0.6454522
vn -0.3228088 0.016177896 0.94632596
vn -0.025772449 -0.73460025 0.6780106
vn -0.34315324 0.05435971 0.93770516
vn 0.040417433 -0.64595425 0.7623055
vn 0.4536801 0.76114434 0.46350157
vn 0.86526746 -0.07675483 0.49539986
vn 0.68490505 -0.040869348 0.7274853
vn -0.043375283 0.7691385 0.6376085
vn 0.22041294 0.0037036065 0.9753996
vn -0.27850366 0.67472315 0.683509
vn 0.06605908 0.00068967545 0.9978155
vn 0.68490505 -0.040869348 0.7274853
vn 0.86526746 -0.07675483 0.49539986
vn 0.4085103 -0.79307246 0.4518356
vn 0.22041294 0.0037036065 0.9753996
vn 0.31558824 -0.742761 0.5905169
vn 0.06605908 0.00068967545 0.9978155
vn 0.3662411 -0.673807 0.64175665
vn -0.027984994 -0.7213792 0.6919747
vn -0.30763346 0.114804134 0.94455373
vn -0.031905252 0.07031769 0.9970143
vn 0.16028647 -0.74139756 0.65164256
vn 0.2587471 0.052871503 0.9644971
vn 0.071291335 -0.68832386 0.7218918
vn 0.21825524 0.09316331 0.97143465
vn -0.031905252 0.07031769 0.9970143
vn -0.30763346 0.114804134 0.94455373
vn -0.014206301 0.7848055 0.61957943
vn 0.2587471 0.052871503 0.9644971
vn 0.16770217 0.80342054 0.5713068
vn 0.21825524 0.09316331 0.97143465
vn 0.2136208 0.8099399 0.54622656
vn -0.40227142 -0.55865955 0.7253118
vn -0.41192842 0.31261143 0.85591424
vn -0.20484553 0.1868873 0.9607869
vn -0.06668877 -0.6961829 0.71476007
vn 0.024233447 0.051646147 0.9983714
vn -0.013704188 -0.6492058 0.7604894
vn -0.009659332 0.08078281 0.9966849
vn -0.20484553 0.1868873 0.9607869
vn -0.41192842 0.31261143 0.85591424
vn 0.103242405 0.7818102 0.6149096
vn 0.024233447 0.051646147 0.9983714
vn 0.099548034 0.7670354 0.63383514
vn -0.009659332 0.08078281 0.9966849
vn 7.185543E-05 0.7632155 0.6461441
vn 0.023892887 0.84559864 0.5332843
vn 0.6401796 0.3472848 0.68524694
vn 0.47441044 0.22696893 0.85054094
vn -0.23474574 0.7496409 0.6188159
vn 0.16133015 0.028868124 0.9864782
vn -0.39455184 0.6573066 0.64208794
vn 0.089323096 -0.0046441965 0.9959919
vn 0.47441044 0.22696893 0.85054094
vn 0.6401796 0.3472848 0.68524694
vn 0.5935444 -0.58389217 0.5538727
vn 0.16133015 0.028868124 0.9864782
vn 0.42435995 -0.70512366 0.5680838
vn 0.089323096 -0.0046441965 0.9959919
vn 0.5019573 -0.662891 0.5555308
vn -0.1912651 -0.6368093 0.7469215
vn -0.4218298 0.109805755 0.9000013
vn -0.16116841 0.11429462 0.9802864
vn 0.31316245 -0.65676534 0.68599457
vn 0.49497366 0.11793107 0.8608678
vn 0.6484387 -0.5469786 0.52947307
vn 0.7332949 0.1132905 0.6704058
vn -0.16116841 0.11429462 0.9802864
vn -0.4218298 0.109805755 0.9000013
vn -0.023839673 0.8169052 0.57627916
vn 0.49497366 0.11793107 0.8608678
vn 0.37296855 0.77049035 0.5169518
vn 0.7332949 0.1132905 0.6704058
vn 0.47862235 0.72110415 0.50092864
vn -0.7137145 -0.5225555 0.46641988
vn -0.72198904 0.35492036 0.5939389
vn -0.5928136 0.20578812 0.7786035
vn -0.39722535 -0.70485514 0.5877
vn -0.3922075 0.035080858 0.91920763
vn -0.3614151 -0.6673131 0.6512084
vn -0.4050624 0.06297618 0.9121176
vn -0.5928136 0.20578812 0.7786035
vn -0.72198904 0.35492036 0.5939389
vn -0.13637875 0.77126503 0.62173235
vn -0.3922075 0.035080858 0.91920763
vn -0.12946431 0.7517649 0.64659774
vn -0.4050624 0.06297618 0.9121176
vn -0.20433505 0.7552719 0.62274516
vn 0.6098228 0.77074385 -0.18458104
vn 0.99998176 0.004962548 0.0034425957
vn 0.9475013 0.17698199 0.2663059
vn 0.3817874 0.9237087 0.031634387
vn 0.76798475 0.38144663 0.514488
vn 0.29886013 0.94852525 0.104797564
vn 0.7634193 0.4112752 0.49804
vn 0.9475013 0.17698199 0.2663059
vn 0.99998176 0.004962548 0.0034425957
vn 0.6498044 -0.53602344 0.5389186
vn 0.76798475 0.38144663 0.514488
vn 0.6338585 -0.42050868 0.6491502
vn 0.7634193 0.4112752 0.49804
vn 0.7248146 -0.39704323 0.56302804
vn -0.010005767 0.772817 0.63455003
vn 0.3111397 0.03971096 0.9495342
vn 0.024736641 0.018525708 0.9995223
vn -0.31926194 0.7718862 0.549785
vn -0.3194891 0.039343223 0.9467729
vn -0.4286061 0.7545277 0.49697572
vn -0.33547163 0.08247144 0.9384334
vn 0.024736641 0.018525708 0.9995223
vn 0.3111397 0.03971096 0.9495342
vn 0.042100627 -0.7530177 0.65665203
vn -0.3194891 0.039343223 0.9467729
vn -0.09732949 -0.7216911 0.6853387
vn -0.33547163 0.08247144 0.9384334
vn -0.022529917 -0.6436216 0.7650122
vn -0.37016985 0.6872855 0.6249904
vn 0.29756096 0.14996317 0.9428513
vn 0.0043574665 0.030793522 0.9995163
vn -0.6753259 0.5291749 0.51372063
vn -0.40827903 -0.106052324 0.9066759
vn -0.6410236 0.5533909 0.5318339
vn -0.47457057 -0.102132745 0.87427217
vn 0.0043574665 0.030793522 0.9995163
vn 0.29756096 0.14996317 0.9428513
vn 0.3465677 -0.5927922 0.726972
vn -0.40827903 -0.106052324 0.9066759
vn 0.12429839 -0.68080014 0.7218457
vn -0.47457057 -0.102132745 0.87427217
vn -0.035390437 -0.69896257 0.7142821
vn -0.548663 -0.7063115 0.44731757
vn -0.87430096 0.05696442 0.48203015
vn -0.63316137 0.052821156 0.7722154
vn -0.23076844 -0.7172504 0.65749365
vn -0.08047079 0.073310725 0.99405736
vn -0.07473718 -0.69293416 0.71711695
vn 0.09205089 0.10518128 0.99018365
vn -0.63316137 0.052821156 0.7722154
vn -0.87430096 0.05696442 0.48203015
vn -0.25640962 0.80003595 0.542399
vn -0.08047079 0.073310725 0.99405736
vn 0.12830535 0.8007887 0.58504295
vn 0.09205089 0.10518128 0.99018365
vn 0.19077912 0.8255287 0.53113633
vn -0.54832387 -0.70729315 0.44618097
vn -0.8742801 0.0570032 0.4820632
vn -0.63349277 0.052046936 0.7719962
vn -0.23026659 -0.7202802 0.6543499
vn -0.080701135 0.07204361 0.9941313
vn -0.07433942 -0.6969296 0.71327615
vn 0.09229075 0.10438577 0.99024546
vn -0.63349277 0.052046936 0.7719962
vn -0.8742801 0.0570032 0.4820632
vn -0.2564129 0.80005884 0.5423637
vn -0.080701135 0.07204361 0.9941313
vn 0.12794091 0.8019969 0.5834657
vn 0.09229075 0.10438577 0.99024546
vn 0.19001813 0.82776827 0.5279137
vn 0.068226025 0.06623794 0.9954686
vn 0.24968736 0.13400178 0.95900977
vn 0.217335 -0.6576377 0.7213031
vn -0.0044053146 0.07226737 0.9973756
vn 0.19796856 -0.6849678 0.70116156
vn 0.1295316 0.15557835 0.9792941
vn 0.24080116 -0.6388078 0.73071164
vn -0.1270973 0.76010764 0.63724625
vn 0.24968736 0.13400178 0.95900977
vn 0.068226025 0.06623794 0.9954686
vn -0.20547897 0.7848349 0.5846474
vn -0.0044053146 0.07226737 0.9973756
vn -0.0730867 0.84024704 0.53725535
vn 0.1295316 0.15557835 0.9792941
vn 0.7691853 0.10961167 0.62955487
vn 0.9543553 0.07725525 0.28850934
vn 0.5399253 -0.6704444 0.50890565
vn 0.18803233 0.12508738 0.9741648
vn 0.7691853 0.10961167 0.62955487
vn 0.25073877 -0.66196865 0.70634806
vn -0.041670263 0.117349625 0.99221605
vn 0.14709154 -0.6329278 0.7601096
vn -0.2032455 0.7910657 0.5769804
vn -0.009239464 0.83343005 0.5525478
vn 0.45608613 0.8363478 0.3041511
vn 0.9543553 0.07725525 0.28850934
vn 0.7195254 0.31574976 0.61853486
vn 0.89843714 0.334869 0.2840307
vn 0.7049444 -0.46913403 0.5319461
vn 0.3908117 0.23876257 0.88896495
vn 0.5083895 -0.54326874 0.66813123
vn 0.26546252 0.9148889 0.30415115
vn 0.89843714 0.334869 0.2840307
vn 0.7195254 0.31574976 0.61853486
vn 0.009762345 0.85982853 0.5104896
vn 0.3908117 0.23876257 0.88896495
vn -0.69941205 0.17242081 0.69360936
vn -0.9209477 0.27364683 0.27743992
vn -0.20270534 0.83915216 0.50471205
vn -0.24420974 0.0068724016 0.9696981
vn 0.036916398 0.76238585 0.6460689
vn -0.6683196 -0.65852755 0.34596318
vn -0.9209477 0.27364683 0.27743992
vn -0.69941205 0.17242081 0.69360936
vn -0.341063 -0.7538267 0.56162393
vn -0.24420974 0.0068724016 0.9696981
vn -0.23455939 0.60447603 0.7613085
vn -0.43579882 0.7661876 0.47226685
vn 0.31200075 0.8861001 0.34275666
vn -0.6769057 -0.08320663 0.73135173
vn 0.051771294 0.29198292 0.9550214
vn -0.39246446 -0.39477038 0.8307395
vn 0.051771294 0.29198292 0.9550214
vn 0.051771294 0.29198292 0.9550214
vn 0.46057358 0.77889675 0.4256663
vn -0.54085565 0.6762364 0.5001795
vn 0.14921756 0.8966114 0.41691983
vn 0.13994922 0.6546944 0.7428254
vn -0.47455975 0.58997387 0.65324104
vn 0.13994922 0.6546944 0.7428254
vn 0.7769338 0.25819904 0.5742013
vn 0.044777177 0.10748012 0.9931984
vn 0.13994922 0.6546944 0.7428254
vn 0.55688405 -0.4675844 0.6864729
vn 0.01913632 0.006614031 0.999795
vn 0.35372397 -0.6438827 0.6784501
vn 0.043753263 0.0026892254 0.9990388
vn 0.40827695 -0.57418174 0.7096656
vn -0.34480825 0.57808274 0.7395456
vn 0.01913632 0.006614031 0.999795
vn -0.32772353 0.6529906 0.6827889
vn 0.044777177 0.10748012 0.9931984
vn 0.13994922 0.6546944 0.7428254
vn -0.46413368 -0.5224331 0.7152927
vn -0.4550708 -0.5395853 0.70834905
vn -0.052988857 -0.015577018 0.99847364
vn -0.058748715 -0.003166753 0.99826777
vn 0.0132382065 -0.00095770997 0.9999119
vn -0.5564667 -0.40334052 0.72640294
vn -0.36129946 0.37382108 0.85423684
vn -0.8044753 -0.23073567 0.54733956
vn -0.6054867 0.73482126 0.30565295
vn -0.61046165 0.7919669 0.011180843
vn -0.53591615 -0.46579665 0.70415014
vn -0.050237745 0.0012071914 0.99873656
vn -0.058748715 -0.003166753 0.99826777
vn -0.052988857 -0.015577018 0.99847364
vn 0.37765315 0.5177168 0.7676897
vn 0.37719694 0.51814085 0.7676279
vn 0.5773941 0.4033247 0.709891
vn 0.0132382065 -0.00095770997 0.9999119
vn 0.054024484 0.84696853 0.5288911
vn -0.36129946 0.37382108 0.85423684
vn -0.8438294 0.50084233 0.19263701
vn -0.050237745 0.0012071914 0.99873656
vn 0.46260706 0.46755818 0.753249
vn -0.36129946 0.37382108 0.85423684
vn -0.6347961 0.7611753 0.13283916
vn -0.7547408 0.6558022 0.017025307
vn 0.054024484 0.84696853 0.5288911
vn -0.61046165 0.7919669 0.011180843
vn -0.6347961 0.7611753 0.13283916
vn -0.6054867 0.73482126 0.30565295
vn -0.36129946 0.37382108 0.85423684
vn -0.7547408 0.6558022 0.017025307
vn -0.09826019 0.967504 0.23298283
vn -0.11091506 0.9921949 0.0569847
vn 0.071121775 0.88572025 0.45873895
vn -0.1113516 0.8346098 0.5394695
vn -0.29731572 0.8845538 0.3593996
vn -0.09826019 0.967504 0.23298283
vn -0.6096055 0.10119872 0.78621876
vn -0.6586848 0.100264706 0.7457087
vn -0.025344055 0.057950553 0.9979977
vn -0.016915074 -0.026058748 0.9995173
vn 0.624805 -0.012066489 0.78068763
vn 0.5827608 -0.14255466 0.8000425
vn -0.29731572 0.8845538 0.3593996
vn -0.1113516 0.8346098 0.5394695
vn 0.071121775 0.88572025 0.45873895
vn -0.706928 -0.022591544 0.7069246
vn -0.7068162 0.028531956 0.7068216
vn 0.00057265925 0.012127822 0.9999263
vn 4.068184E-06 -0.008180617 0.9999666
vn -0.08763845 0.3750025 0.92287195
vn -0.6984051 0.15648131 0.69838667
vn -0.08763845 0.3750025 0.92287195
vn -0.08763845 0.3750025 0.92287195
vn 0.64646566 0.40523404 0.6464268
vn 0.00057265925 0.012127822 0.9999263
vn 0.7070676 -0.011367699 0.70705456
vn 4.068184E-06 -0.008180617 0.9999666
vn 0.70706594 0.011027018 0.7070617
vn -0.6984051 0.15648131 0.69838667
vn -0.1587492 0.6534142 0.74016804
vn -0.08763845 0.3750025 0.92287195
vn -0.08763845 0.3750025 0.92287195
vn -0.1587492 0.6534142 0.74016804
vn 0.64646566 0.40523404 0.6464268
vn -0.15566364 0.7201468 0.6761343
vn 0.30079812 0.16776116 0.93881667
vn 0.023261579 0.09325811 0.9953702
vn -0.54988325 0.6403941 0.5362126
vn -0.4289332 0.0006960973 0.9033359
vn -0.70269394 0.57058114 0.4250393
vn -0.55280143 0.00093055604 0.8333125
vn 0.023261579 0.09325811 0.9953702
vn 0.30079812 0.16776116 0.93881667
vn 0.1908942 -0.5870938 0.7866895
vn -0.4289332 0.0006960973 0.9033359
vn -0.07721407 -0.6285479 0.77392864
vn -0.55280143 0.00093055604 0.8333125
vn -0.11895882 -0.5691981 0.8135493
vn -0.37876308 0.5637743 0.73395985
vn -0.018213695 0.7871126 0.61654043
vn 0.5178036 0.2995322 0.80134887
vn 0.5178036 0.2995322 0.80134887
vn 0.07064757 0.062611885 0.99553436
vn 0.7936966 0.43931243 0.4207735
vn 0.5178036 0.2995322 0.80134887
vn 0.762365 -0.32978404 0.5568144
vn 0.48321164 -0.4712062 0.737883
vn 0.7936966 0.43931243 0.4207735
vn -0.39984226 -0.6939495 0.5987991
vn -0.26733214 0.11199681 0.9570738
vn -0.013195193 -0.12696926 0.9918189
vn 0.3499984 0.4642193 0.8136348
vn 0.2655365 -0.31831586 0.91003597
vn -0.013195193 -0.12696926 0.9918189
vn 0.51594996 0.3897571 0.762814
vn 0.24419291 -0.25269157 0.9362248
vn -0.19254792 -0.75731426 0.6240196
vn 0.54837143 0.38910693 0.7401923
vn -0.14556181 -0.84378785 0.5165596
vn 0.2655365 -0.31831586 0.91003597
vn -0.013195193 -0.12696926 0.9918189
vn -0.4699699 -0.4559619 0.75579566
vn -0.36292866 0.33074525 0.87114316
vn -0.16919269 0.18840495 0.9674076
vn -0.16919269 0.18840495 0.9674076
vn 0.2039401 0.70733446 0.6768209
vn 0.03012283 0.048231326 0.99838185
vn 0.2047978 0.68029803 0.7037418
vn 0.0004129646 0.080250286 0.9967747
vn -0.09987701 -0.5575295 0.8241271
vn -0.15981351 -0.60773206 0.77789557
vn 0.10051849 0.682188 0.7242346
vn -0.16919269 0.18840495 0.9674076
vn 0.18749513 0.7529821 0.63076437
vn 0.67657053 0.2502897 0.69253695
vn 0.49131066 0.15407376 0.8572486
vn -0.12387673 0.6882054 0.71486217
vn 0.16499162 0.0048618745 0.986283
vn -0.31765378 0.6118924 0.7243507
vn 0.08903808 -0.022240039 0.99577993
vn 0.49131066 0.15407376 0.8572486
vn 0.67657053 0.2502897 0.69253695
vn 0.54278696 -0.55610096 0.6293918
vn 0.16499162 0.0048618745 0.986283
vn 0.34896123 -0.66977555 0.6554592
vn 0.08903808 -0.022240039 0.99577993
vn 0.43863907 -0.6421122 0.6287191
vn -0.6750005 0.020700393 0.73752683
vn -0.706928 -0.022591544 0.7069246
vn 4.068184E-06 -0.008180617 0.9999666
vn -0.0005960271 0.042541496 0.99909455
vn 0.70706594 0.011027018 0.7070617
vn 0.67459345 0.04209203 0.7369885
vn -0.0011719314 0.09770175 0.99521506
vn 0.63898546 0.09370658 0.76348984
vn -0.6407861 0.056410797 0.7656442
vn -0.4313224 -0.57408506 0.6959794
vn -0.75356704 -0.4390649 0.489243
vn -0.74684787 0.1770758 0.6409856
vn -0.74684787 0.1770758 0.6409856
vn -0.39706716 0.07023737 0.9150981
vn -0.92486674 0.24004723 0.2949557
vn -0.4548412 0.70597446 0.54288083
vn -0.74684787 0.1770758 0.6409856
vn -0.1784386 0.6819459 0.70930207
vn -0.1980371 0.68484664 0.70126057
vn 0.29561225 0.15682045 0.94234854
vn 0.02683485 0.062136646 0.99770683
vn 0.23881033 -0.5973981 0.765562
vn -0.27640414 -0.049960613 0.959742
vn 0.02683485 0.062136646 0.99770683
vn 0.021518404 -0.7071032 0.70678294
vn -0.41274565 0.636388 0.65165275
vn 0.02683485 0.062136646 0.99770683
vn -0.37578678 0.631036 0.67865896
vn 0.2892639 0.12035081 0.9496537
vn 0.013889312 0.033688925 0.9993359
vn -0.6896689 0.4988579 0.5248788
vn -0.39377844 -0.06651237 0.91679585
vn -0.6584984 0.5175955 0.5463285
vn -0.46141514 -0.06046873 0.8851212
vn 0.013889312 0.033688925 0.9993359
vn 0.2892639 0.12035081 0.9496537
vn 0.36373532 -0.53167284 0.7648664
vn -0.39377844 -0.06651237 0.91679585
vn 0.13243721 -0.60165185 0.7877027
vn -0.46141514 -0.06046873 0.8851212
vn -0.039262574 -0.60903746 0.7921691
vn -0.6316509 -0.5797355 0.5147076
vn -0.87172604 0.11187933 0.47705013
vn -0.6284973 0.09127612 0.7724376
vn -0.4352494 -0.6108178 0.66140735
vn -0.6284973 0.09127612 0.7724376
vn -0.2773028 0.7395969 0.6132696
vn -0.25211912 0.052873112 0.9662507
vn -0.6284973 0.09127612 0.7724376
vn 0.07395041 0.6865875 0.72327656
vn -0.6316392 -0.57980007 0.5146492
vn -0.87173146 0.11184183 0.47704902
vn -0.62850827 0.09124927 0.77243185
vn -0.4352726 -0.61085224 0.66136026
vn -0.62850827 0.09124927 0.77243185
vn -0.27728137 0.73961353 0.6132592
vn -0.25214902 0.05286441 0.9662434
vn -0.62850827 0.09124927 0.77243185
vn 0.07394499 0.68660647 0.7232591
vn 0.06743974 0.058204517 0.9960242
vn 0.24618192 0.11185411 0.9627477
vn 0.23265643 -0.586128 0.77609605
vn -0.13591585 0.68755525 0.71329844
vn -0.13438682 -0.0039802208 0.990921
vn -0.36130753 0.64749736 0.67097247
vn -0.13438682 -0.0039802208 0.990921
vn -0.13438682 -0.0039802208 0.990921
vn 0.17024758 -0.6531562 0.7378366
vn -0.69199824 0.23194893 0.68362135
vn -0.021046832 0.6346337 0.77252644
vn -0.012967086 0.3763867 0.92637193
vn -0.7069023 0.021251358 0.70699185
vn -0.0007677399 0.03478445 0.99939454
vn -0.012967086 0.3763867 0.92637193
vn -0.021046832 0.6346337 0.77252644
vn 0.66543216 0.31941813 0.6746645
vn -0.0007677399 0.03478445 0.99939454
vn 0.70656645 0.027970199 0.7070938
vn -0.6421201 0.016823407 0.7664195
vn -0.61349475 -0.002121155 0.789696
vn 0.0031769162 0.03086787 0.99951845
vn -0.16442691 0.08742038 0.98250777
vn 0.0021127642 -0.00302532 0.9999932
vn -0.62653536 -0.014255013 0.77926266
vn -0.642573 0.087399274 0.7612236
vn 0.013673304 0.30027366 0.95375514
vn 0.021538774 0.4659511 0.88454825
vn -0.16442691 0.08742038 0.98250777
vn 0.0031769162 0.03086787 0.99951845
vn 0.6191547 0.05073809 0.7836282
vn 0.62104416 0.18134443 0.762508
vn 0.62975144 0.009546229 0.77673805
vn 0.0021127642 -0.00302532 0.9999932
vn 0.013673304 0.30027366 0.95375514
vn 0.6474739 0.33221713 0.685864
vn 0.021538774 0.4659511 0.88454825
vn 0.6804034 0.39967886 0.6142541
vn -0.62653536 -0.014255013 0.77926266
vn -0.6799572 0.03459386 0.7324353
vn 0.00044401473 0.014558377 0.99989396
vn 0.0021127642 -0.00302532 0.9999932
vn -0.0007677399 0.03478445 0.99939454
vn -0.7069023 0.021251358 0.70699185
vn 0.0021127642 -0.00302532 0.9999932
vn 0.00044401473 0.014558377 0.99989396
vn 0.6803214 -0.013250157 0.73279417
vn 0.62975144 0.009546229 0.77673805
vn 0.70656645 0.027970199 0.7070938
vn -0.0007677399 0.03478445 0.99939454
vn -0.3603745 0.8082086 0.4657566
vn 0.28077495 0.54811317 0.787869
vn 0.053167876 0.41042173 0.9103446
vn 0.44092587 -0.2082615 0.87304735
vn -0.33963352 0.15627138 0.9274849
vn 0.053167876 0.41042173 0.9103446
vn 0.02095543 -0.4932907 0.8696121
vn -0.45862916 0.097874 0.8832214
vn -0.33963352 0.15627138 0.9274849
vn -0.22143798 -0.56654197 0.7937225
vn -0.4638832 0.71279335 0.5260591
vn -0.33963352 0.15627138 0.9274849
vn -0.51000243 0.7021338 0.49689612
vn 0.053167876 0.41042173 0.9103446
vn 0.5702453 0.66222537 0.48608416
vn 0.8633754 -0.07387845 0.49912414
vn 0.80226135 0.013879887 0.59681165
vn 0.6552411 -0.62296814 0.42728198
vn 0.4184927 0.058362253 0.90634304
vn 0.036183707 0.7029593 0.71030915
vn -0.28939432 0.5826576 0.75944793
vn 0.4184927 0.058362253 0.90634304
vn 0.4184927 0.058362253 0.90634304
vn 0.065734975 0.00075422873 0.9978369
vn 0.80226135 0.013879887 0.59681165
vn 0.4184927 0.058362253 0.90634304
vn 0.5511282 -0.5928153 0.5872204
vn 0.3865797 -0.5815425 0.7157964
vn -0.04691021 -0.64820606 0.7600187
vn -0.30063182 0.111907944 0.94715214
vn -0.020954398 0.065348096 0.9976425
vn 0.15134491 -0.66490227 0.7314368
vn 0.26097506 0.049829163 0.96405864
vn 0.050600875 -0.6016983 0.797119
vn 0.22253136 0.09173078 0.9706005
vn -0.020954398 0.065348096 0.9976425
vn -0.30063182 0.111907944 0.94715214
vn 0.015026453 0.7155273 0.6984232
vn 0.26097506 0.049829163 0.96405864
vn 0.22111724 0.7308302 0.6457511
vn 0.22253136 0.09173078 0.9706005
vn 0.27418372 0.7355794 0.6194727
vn -0.46997306 -0.45595077 0.7558004
vn -0.3629185 0.33074722 0.8711467
vn -0.16918941 0.18840419 0.9674083
vn -0.16918941 0.18840419 0.9674083
vn 0.20394418 0.70732325 0.67683136
vn 0.030123333 0.048226047 0.99838215
vn 0.20479989 0.6802945 0.7037446
vn 0.0004143361 0.08024646 0.996775
vn -0.09987506 -0.5575321 0.8241256
vn -0.15981491 -0.6077364 0.7778919
vn 0.10051869 0.6821848 0.72423756
vn -0.16918941 0.18840419 0.9674083
vn -0.29027948 -0.531847 0.79553545
vn -0.4020283 0.1519974 0.9029231
vn -0.1394939 0.12757207 0.9819709
vn 0.09285876 0.7506706 0.6541185
vn 0.5054607 0.057506304 0.8609312
vn -0.1394939 0.12757207 0.9819709
vn 0.51678115 0.6407505 0.5677816
vn 0.7402045 0.025391217 0.6719023
vn 0.61841893 -0.5293534 0.58081245
vn 0.24499738 -0.60540015 0.757276
vn 0.61707807 0.57173467 0.5406794
vn -0.1394939 0.12757207 0.9819709
vn -0.74899006 -0.45598832 0.48071676
vn -0.7018631 0.33071557 0.6308847
vn -0.568242 0.18837608 0.80100906
vn -0.568242 0.18837608 0.80100906
vn -0.10647837 0.7073185 0.6988297
vn -0.38516283 0.04276725 0.9218572
vn -0.096046954 0.6787568 0.7280552
vn -0.39706892 0.07024019 0.91509706
vn -0.43132052 -0.57408816 0.69597805
vn -0.47181395 -0.61585784 0.6309602
vn -0.1784402 0.6819529 0.70929503
vn -0.568242 0.18837608 0.80100906
vn 0.11804289 0.7032 0.70112467
vn 0.20661342 -0.0022989723 0.97841996
vn -0.0770586 0.068628095 0.99466187
vn -0.20202374 0.8061121 0.5562102
vn -0.39409325 0.18706334 0.8998321
vn -0.3188917 0.8171843 0.4801228
vn -0.40053472 0.23063329 0.88678086
vn -0.0770586 0.068628095 0.99466187
vn 0.20661342 -0.0022989723 0.97841996
vn -0.23232852 -0.60634035 0.76050967
vn -0.39409325 0.18706334 0.8998321
vn -0.37412423 -0.5323849 0.75934017
vn -0.40053472 0.23063329 0.88678086
vn -0.27547035 -0.47494268 0.8357904
vn -0.0101167485 0.69265366 0.7211995
vn 0.3108667 0.038982328 0.94965374
vn 0.022704335 0.023003513 0.99947757
vn -0.36090574 0.6997459 0.6165248
vn -0.32385552 0.044829443 0.94504386
vn -0.48397928 0.6774635 0.553902
vn -0.3441117 0.08482642 0.9350891
vn 0.022704335 0.023003513 0.99947757
vn 0.3108667 0.038982328 0.94965374
vn 0.04363829 -0.6629598 0.7473821
vn -0.32385552 0.044829443 0.94504386
vn -0.11261638 -0.6339743 0.7651106
vn -0.3441117 0.08482642 0.9350891
vn -0.026653154 -0.5515883 0.8336906
vn -0.37576407 0.6310089 0.67869663
vn 0.28925222 0.12029666 0.9496641
vn 0.01389801 0.03364554 0.9993372
vn -0.6896627 0.49884632 0.52489793
vn -0.39376062 -0.06652629 0.9168025
vn -0.65849924 0.5175992 0.546324
vn -0.46141383 -0.060473543 0.8851216
vn 0.01389801 0.03364554 0.9993372
vn 0.28925222 0.12029666 0.9496641
vn 0.36372453 -0.5317041 0.76484984
vn -0.39376062 -0.06652629 0.9168025
vn 0.13245822 -0.6016615 0.7876918
vn -0.46141383 -0.060473543 0.8851216
vn -0.03925329 -0.60904753 0.79216176
vn -0.6333968 -0.57863045 0.51380473
vn -0.87177813 0.1118504 0.47696167
vn -0.5934435 0.0788773 0.80100137
vn -0.20076951 0.74229866 0.63928425
vn -0.26578882 -0.6179046 0.73996645
vn -0.08261945 -0.6040457 0.7926556
vn -0.024223292 0.06385614 0.9976651
vn 0.09901809 0.10164838 0.9898803
vn 0.22751732 0.698418 0.67856336
vn 0.22422582 0.74941367 0.6229783
vn -0.5934435 0.0788773 0.80100137
vn -0.6315481 -0.57982683 0.5147308
vn -0.8717221 0.11193737 0.4770436
vn -0.591961 0.07818894 0.802165
vn -0.2634831 -0.6185541 0.74024826
vn -0.591961 0.07818894 0.802165
vn -0.20024207 0.7422813 0.63946974
vn -0.022353934 0.06306752 0.9977589
vn -0.08261463 -0.6040355 0.7926639
vn 0.09902114 0.10164746 0.9898801
vn 0.22798756 0.6982452 0.67858326
vn -0.591961 0.07818894 0.802165
vn -0.022353934 0.06306752 0.9977589
vn 0.09902114 0.10164746 0.9898801
vn 0.22422732 0.7494041 0.6229893
vn 0.0674084 0.05821557 0.9960257
vn 0.2461126 0.11183425 0.9627678
vn 0.2326029 -0.586065 0.77615964
vn -0.0063800653 0.072802134 0.997326
vn 0.2144179 -0.6115209 0.7616214
vn 0.12098004 0.14745916 0.9816413
vn 0.2577102 -0.5673167 0.7821364
vn -0.13590044 0.68751115 0.71334386
vn 0.2461126 0.11183425 0.9627678
vn 0.0674084 0.05821557 0.9960257
vn -0.22568536 0.7216109 0.65447986
vn -0.0063800653 0.072802134 0.997326
vn -0.08463637 0.77827156 0.6221978
vn 0.12098004 0.14745916 0.9816413
vn 0.77262396 0.060877867 0.63193846
vn 0.96048397 0.010192323 0.27814868
vn 0.56778455 -0.62017435 0.54129887
vn 0.5524452 0.74666756 0.37052938
vn 0.18637621 0.11423001 0.9758153
vn 0.26976052 -0.59119916 0.7600742
vn -0.047551207 0.11645928 0.99205655
vn 0.15809976 -0.55442834 0.8170764
vn -0.22833285 0.72643864 0.6481906
vn -0.004356718 0.76738816 0.6411681
vn -0.1834706 0.5826951 0.7917102
vn -0.40258196 0.7635109 0.5049544
vn 0.3778806 0.8259652 0.41831544
vn -0.67344296 -0.0038198058 0.7392293
vn 0.09405859 0.27131322 0.95788425
vn -0.1834706 0.5826951 0.7917102
vn 0.54412645 0.6716012 0.5028702
vn -0.40960655 -0.2835769 0.8670679
vn -0.1834706 0.5826951 0.7917102
vn -0.56778723 0.60390663 0.5593877
vn 0.17862831 0.8479171 0.4991278
vn 0.14893648 0.58364516 0.7982333
vn -0.47619805 0.50203556 0.7219389
vn 0.036676478 0.08438775 0.9957578
vn -0.31587437 0.57352906 0.7558359
vn 0.015260178 0.0023625665 0.9998808
vn -0.33136657 0.5056128 0.79658765
vn 0.038353413 -0.0033694534 0.9992586
vn 0.3388372 -0.56997985 0.74854016
vn 0.39131942 -0.5108798 0.76542205
vn 0.5494675 -0.39565003 0.73589844
vn 0.036676478 0.08438775 0.9957578
vn 0.7898677 0.22038937 0.57230896
vn 0.14893648 0.58364516 0.7982333
vn -0.58013105 0.057985567 0.81245655
vn -0.620416 0.04948254 0.78271043
vn 6.10787E-05 0.030757349 0.9995269
vn 0.00023794771 0.06310548 0.9980069
vn -0.00017907661 0.005132576 0.9999869
vn -0.72124743 0.016720075 0.6924757
vn 0.00023794771 0.06310548 0.9980069
vn 6.10787E-05 0.030757349 0.9995269
vn 0.6211511 -0.0013076036 0.78368974
vn 0.5805186 0.04479536 0.81301385
vn 0.72130495 -0.009616804 0.6925509
vn -0.00017907661 0.005132576 0.9999869
vn -0.72124743 0.016720075 0.6924757
vn -0.84243757 0.033412643 0.537757
vn -0.0406254 0.2456899 0.9684968
vn -0.00017907661 0.005132576 0.9999869
vn -0.08898867 0.51893884 0.85016674
vn -0.00017907661 0.005132576 0.9999869
vn -0.0406254 0.2456899 0.9684968
vn 0.815469 0.23896343 0.5271687
vn 0.72130495 -0.009616804 0.6925509
vn -0.08898867 0.51893884 0.85016674
vn -0.010168559 0.69267154 0.7211815
vn 0.3108393 0.03907339 0.94965905
vn 0.022689689 0.023070732 0.9994764
vn 0.043670475 -0.66289836 0.7474348
vn -0.38763797 0.037499703 0.92104864
vn 0.022689689 0.023070732 0.9994764
vn -0.23254049 -0.64506626 0.7278836
vn -0.46392503 0.069364995 0.88315463
vn -0.46392503 0.069364995 0.88315463
vn -0.26700675 -0.5813444 0.7686001
vn -0.44032946 0.6871037 0.57792604
vn -0.38763797 0.037499703 0.92104864
vn -0.33775705 0.7023255 0.6266252
vn 0.022689689 0.023070732 0.9994764
vn 0.1915383 0.82777345 0.5273559
vn 0.75803953 0.41994244 0.49902356
vn 0.71527064 0.38333768 0.58432883
vn -0.117893144 0.67815524 0.7254011
vn 0.3919222 0.18343478 0.9015258
vn -0.2894059 0.58265215 0.7594477
vn 0.06572455 0.0007647825 0.99783754
vn 0.71527064 0.38333768 0.58432883
vn 0.75803953 0.41994244 0.49902356
vn 0.89984334 -0.22849263 0.37158197
vn 0.3919222 0.18343478 0.9015258
vn 0.6996118 -0.44592902 0.5582927
vn 0.06572455 0.0007647825 0.99783754
vn 0.38657704 -0.5815214 0.715815
vn -0.14689879 -0.63172376 0.76114774
vn -0.17543763 0.13705622 0.9749037
vn -0.004207841 0.05820185 0.99829596
vn 0.02766422 -0.74657434 0.6647267
vn 0.19281681 -0.035043932 0.9806088
vn -0.004207841 0.05820185 0.99829596
vn -0.17543763 0.13705622 0.9749037
vn 0.13765763 0.7022865 0.6984584
vn 0.19281681 -0.035043932 0.9806088
vn 0.23585227 0.69868094 0.6754396
vn -0.3385669 -0.5480377 0.76487064
vn -0.36312267 0.3309428 0.87098724
vn -0.15094279 0.17792134 0.97239923
vn -0.15094279 0.17792134 0.97239923
vn 0.0900924 0.7329108 0.6743331
vn 0.054053694 0.033191193 0.99798626
vn -0.013435719 -0.66689396 0.7450315
vn -0.09989158 -0.5575578 0.82410616
vn 0.00041503814 0.08023171 0.99677616
vn 0.09114003 0.7065356 0.70178413
vn 0.1005363 0.68218565 0.7242342
vn 0.054053694 0.033191193 0.99798626
vn -0.15094279 0.17792134 0.97239923
vn 0.18759331 0.7529434 0.63078123
vn 0.676635 0.25021195 0.6925021
vn 0.49136108 0.15399489 0.8572339
vn -0.123876624 0.6881779 0.7148887
vn 0.16499823 0.0048125675 0.9862821
vn -0.3176515 0.61189806 0.7243468
vn 0.08903834 -0.022257186 0.9957795
vn 0.49136108 0.15399489 0.8572339
vn 0.676635 0.25021195 0.6925021
vn 0.54276145 -0.5561581 0.6293634
vn 0.16499823 0.0048125675 0.9862821
vn 0.34896755 -0.66981786 0.6554126
vn 0.08903834 -0.022257186 0.9957795
vn 0.43863457 -0.6421405 0.62869334
vn -0.29030478 -0.53186464 0.7955144
vn -0.4019581 0.15197238 0.9029585
vn -0.139478 0.1275493 0.98197615
vn 0.09290493 0.75063884 0.6541483
vn 0.50545514 0.05749197 0.86093545
vn -0.139478 0.1275493 0.98197615
vn 0.51677525 0.64075834 0.5677783
vn 0.7402075 0.02538008 0.67189944
vn 0.6184112 -0.5293664 0.5808088
vn 0.24497648 -0.6054345 0.7572554
vn 0.6170872 0.57172894 0.5406751
vn -0.139478 0.1275493 0.98197615
vn -0.816382 -0.38523892 0.4302459
vn -0.70181316 0.3308305 0.63087994
vn -0.6019546 0.21710096 0.76845163
vn -0.6019546 0.21710096 0.76845163
vn -0.08265348 0.7002258 0.7091208
vn -0.53638697 0.09713059 0.83836436
vn -0.6450516 -0.5231102 0.55701363
vn -0.60257065 0.11332581 0.78997844
vn -0.12551707 0.6843649 0.718255
vn -0.28222728 0.69750416 0.6586621
vn -0.53638697 0.09713059 0.83836436
vn -0.6648113 -0.5324051 0.52399504
vn -0.53638697 0.09713059 0.83836436
vn -0.6019546 0.21710096 0.76845163
vn 0.8151731 0.5478361 -0.18806495
vn 0.98611724 -0.1633437 0.029860334
vn 0.9630818 0.0038200335 0.26918206
vn 0.6343169 0.7721392 0.037990328
vn 0.83397776 0.2369591 0.49832872
vn 0.5415491 0.8314338 0.12426768
vn 0.8272017 0.2808609 0.48667702
vn 0.9630818 0.0038200335 0.26918206
vn 0.98611724 -0.1633437 0.029860334
vn 0.5992752 -0.5455074 0.5859104
vn 0.83397776 0.2369591 0.49832872
vn 0.5849907 -0.42548972 0.6904668
vn 0.8272017 0.2808609 0.48667702
vn 0.6859616 -0.41465545 0.5979277
vn -0.5676972 0.6039395 0.5594435
vn 0.17862633 0.8479227 0.49911907
vn 0.14895158 0.5836467 0.7982293
vn -0.47615975 0.5020114 0.721981
vn 0.036682032 0.08437953 0.9957583
vn -0.31588128 0.5735099 0.7558476
vn 0.015240517 0.0023847478 0.999881
vn -0.3313662 0.5056174 0.79658496
vn 0.03833341 -0.0033223936 0.9992595
vn 0.33881655 -0.569929 0.74858826
vn 0.39128998 -0.510811 0.76548314
vn 0.5494407 -0.39563277 0.73592776
vn 0.036682032 0.08437953 0.9957583
vn 0.78982246 0.22043522 0.5723538
vn 0.14895158 0.5836467 0.7982293
vn -0.680686 0.1414759 0.7187845
vn -0.6942829 0.066019386 0.7166678
vn 0.009130817 0.053470448 0.9985277
vn 0.01713313 0.07632698 0.99693567
vn -0.62637967 0.31479824 0.7131274
vn 0.020239867 0.09177735 0.9955739
vn -0.015241962 0.015415318 0.99976504
vn -0.7192888 0.13191123 0.6820726
vn -0.009144841 -0.011266318 0.99989474
vn -0.6545101 0.28580418 0.6999519
vn 0.28081736 0.4355121 0.8552607
vn -0.4633079 0.6919254 0.5537012
vn 0.59161276 0.74604136 0.3056415
vn 0.6464066 0.76291126 0.011183936
vn -0.56924456 0.42256558 0.70526516
vn 0.020461114 0.12452605 0.99200535
vn 0.01713313 0.07632698 0.99693567
vn 0.009130817 0.053470448 0.9985277
vn 0.7079247 0.010150098 0.706215
vn 0.70661134 -0.032504372 0.706855
vn 0.020239867 0.09177735 0.9955739
vn 0.6532925 -0.1802872 0.73532677
vn 0.6974973 -0.11037471 0.70803607
vn -0.015241962 0.015415318 0.99976504
vn 0.64225477 -0.3018965 0.7045334
vn -0.009144841 -0.011266318 0.99989474
vn 0.838073 0.19262592 0.5104203
vn 0.28081736 0.4355121 0.8552607
vn 0.31292775 0.9300334 0.19265057
vn 0.611227 0.7802299 0.13282646
vn 0.48307094 0.87541544 0.017040115
vn 0.838073 0.19262592 0.5104203
vn 0.020461114 0.12452605 0.99200535
vn 0.59955156 -0.23811768 0.76409286
vn 0.6464066 0.76291126 0.011183936
vn 0.611227 0.7802299 0.13282646
vn 0.59161276 0.74604136 0.3056415
vn 0.28081736 0.4355121 0.8552607
vn 0.48307094 0.87541544 0.017040115
vn -0.9326779 0.06568071 0.35468
vn -0.9744615 0.053402465 0.21811225
vn -0.86670285 -0.04213227 0.4970424
vn -0.78375095 -0.013577786 0.6209268
vn -0.84184474 0.09760423 0.53082097
vn -0.9326779 0.06568071 0.35468
vn 0.09309713 -0.11085721 0.9894663
vn -0.78375095 -0.013577786 0.6209268
vn 0.46850824 0.43444312 0.76925886
vn 0.19592847 -0.13662699 0.97105366
vn -0.31775916 -0.4824268 0.816268
vn -0.31900576 -0.59343654 0.73896444
vn 0.62979275 0.26483622 0.73022115
vn -0.78375095 -0.013577786 0.6209268
vn -0.6971762 -0.13808176 0.7034762
vn -0.6670244 -0.19951189 0.7178256
vn -0.009485896 0.052694228 0.9985656
vn -0.03793496 0.112142615 0.9929678
vn 0.04990463 0.0011234637 0.9987534
vn -0.009485896 0.052694228 0.9985656
vn 0.6520773 0.27418298 0.7068373
vn 0.64334714 0.29721028 0.7055286
vn 0.68889046 0.19463466 0.69824594
vn 0.04990463 0.0011234637 0.9987534
vn 0.41500977 0.750757 0.51393676
vn -0.12685888 0.5000093 0.85667825
vn -0.61647725 -0.19317321 0.7633086
vn -0.8070654 0.13354783 0.5751612
vn -0.17338236 0.93622625 0.30564514
vn -0.15007173 0.9886119 0.011184457
vn -0.49532524 0.847075 0.19265738
vn -0.18628676 0.97347414 0.13283564
vn -0.34231517 0.93943065 0.017042654
vn 0.41500977 0.750757 0.51393676
vn -0.15007173 0.9886119 0.011184457
vn -0.18628676 0.97347414 0.13283564
vn -0.17338236 0.93622625 0.30564514
vn -0.12685888 0.5000093 0.85667825
vn -0.34231517 0.93943065 0.017042654
vn -0.6029242 -0.25559664 0.75574654
vn -0.21911731 0.43945238 0.871131
vn -0.089821905 0.23676036 0.96740717
vn -0.089821905 0.23676036 0.96740717
vn 0.44549355 0.58601415 0.6768479
vn 0.04548234 0.034086782 0.9983834
vn 0.43652737 0.56051373 0.703753
vn 0.029348383 0.07468783 0.99677503
vn -0.29437757 -0.4839059 0.82412195
vn -0.36841315 -0.5091092 0.7778686
vn 0.33996633 0.5999234 0.72423404
vn -0.089821905 0.23676036 0.96740717
vn -0.73608774 0.38112062 0.55939424
vn -0.11307274 0.85909885 0.4991631
vn -0.053341806 0.59995544 0.7982532
vn -0.61588997 0.31543267 0.72192925
vn -0.053341806 0.59995544 0.7982532
vn 0.0065358602 0.091788776 0.99575704
vn -0.48841876 0.4361044 0.7558175
vn 0.013587658 0.007310882 0.99988097
vn -0.4804697 0.3668938 0.7965789
vn 0.03728696 0.009566826 0.9992588
vn 0.50886637 -0.42510846 0.7485572
vn 0.53875536 -0.35193926 0.76542896
vn 0.64961606 -0.19073308 0.7359483
vn 0.0065358602 0.091788776 0.99575704
vn 0.6718082 0.47015128 0.57239115
vn -0.053341806 0.59995544 0.7982532
vn -0.11307274 0.85909885 0.4991631
vn -0.56909263 0.49517605 0.6564559
vn -0.48318347 0.8479235 0.21808141
vn -0.20897985 0.899132 0.38456354
vn -0.16428015 0.4821683 0.8605381
vn -0.18581763 0.98258346 -0.0012603048
vn -0.57075167 0.8210067 -0.013805695
vn -0.9000169 0.14071076 0.41251686
vn 0.22382054 0.8984873 0.37765712
vn 0.40153518 0.45376787 0.7955277
vn 0.40440908 0.9080063 0.1094435
vn 0.8667705 0.29980654 0.39852852
vn -0.5027727 -0.42497683 0.7527379
vn -0.10668427 -0.36357173 0.9254373
vn 0.32541203 -0.33557695 0.8840222
vn 0.5103514 -0.5922103 0.6235611
vn -0.0894642 -0.84177125 0.5323696
vn -0.5433123 -0.6085767 0.57831323
vn -0.6283108 0.38801473 0.6742923
vn -0.46484706 0.81487226 0.3462664
vn 0.058681276 0.8841739 0.46345776
vn -0.11484898 0.47314134 0.8734684
vn 0.17010365 0.98190856 0.08318835
vn -0.58467346 0.8090695 0.05969554
vn -0.92350155 0.2419928 0.2976313
vn 0.47331473 0.79230887 0.3849933
vn 0.49845332 0.50111896 0.70740664
vn 0.64078933 0.7522427 0.15336265
vn 0.89231116 0.32691738 0.31129697
vn -0.5294226 -0.09309989 0.8432344
vn -0.18493715 -0.14549157 0.971921
vn -0.65768725 -0.25978965 0.7070763
vn -0.17069064 -0.53898877 0.8248369
vn 0.5309951 -0.3206115 0.7843804
vn 0.3163569 -0.087421164 0.9446036
vn -0.40415812 0.23914297 0.88287425
vn -0.43838805 0.72547525 0.5305672
vn 0.07472818 0.8523564 0.51759475
vn 0.1304344 0.3551297 0.92567265
vn 0.034681052 0.99448705 0.09895827
vn -0.6367179 0.722869 0.26842287
vn -0.8059592 0.078620404 0.5867271
vn 0.45647675 0.828301 0.32487908
vn 0.6404792 0.44074 0.62891555
vn 0.5451259 0.8374217 0.03953132
vn 0.92586505 0.35918474 0.11730434
vn -0.16082665 -0.34002084 0.9265639
vn 0.2264175 -0.37749857 0.8979031
vn -0.31595644 -0.5593902 0.7663252
vn 0.23665783 -0.78700024 0.5697576
vn 0.7637068 -0.46651545 0.44622347
vn 0.6216312 -0.2775192 0.73250103
vn -0.9264238 0.3298537 0.18148132
vn -0.70915705 0.6389405 -0.29807955
vn -0.6094652 0.5868894 0.5330226
vn -0.9195631 -0.009341108 -0.3928313
vn -0.497346 0.35624406 -0.79103553
vn 0.08137042 0.8406217 -0.53547555
vn -0.26533663 0.9561735 -0.123809695
vn 0.16586633 0.96808535 0.18788081
vn 0.03508301 0.608895 0.7924746
vn 0.44446123 0.8914872 0.08777734
vn 0.5018681 0.5739309 0.64709485
vn -0.4614812 0.074059956 0.8840533
vn -0.2719877 0.24605991 0.9303103
vn 0.04004378 0.053988535 0.99773836
vn -0.8334513 -0.2873674 0.47199476
vn -0.818107 -0.015647491 0.5748531
vn -0.26169422 -0.3467163 0.9007242
vn -0.36914125 0.59082896 0.71739525
vn -0.17596117 0.92077947 0.34814206
vn 0.14873227 0.9636949 0.22174536
vn 0.066756815 0.7122 0.69879526
vn 0.18409626 0.966233 -0.18028426
vn -0.29486683 0.9476804 0.12229248
vn -0.6501897 0.4812768 0.5878996
vn 0.31083357 0.9492463 0.04810506
vn 0.56133443 0.7431729 0.3641397
vn 0.3710636 0.9080746 -0.19419652
vn 0.84030443 0.5419754 0.012297976
vn -0.27154517 0.36073646 0.8922625
vn 0.120279595 0.33881682 0.93313235
vn -0.33416602 0.27987888 0.9000005
vn 0.18796885 0.03229397 0.981644
vn 0.7801226 0.05269671 0.62340343
vn 0.6351515 0.30040786 0.7115741
vn -0.9838438 0.13418463 0.118515596
vn -0.92951006 0.3656502 0.04807329
vn -0.64083135 0.6142019 0.4605336
vn -0.48081067 0.86566377 0.1394542
vn -0.3121239 0.90470016 -0.28999376
vn -0.9334312 0.17705293 -0.3120233
vn 0.3068402 0.8939499 0.32665384
vn 0.51412714 0.7132431 0.47640073
vn 0.6375608 0.7425449 0.20528844
vn 0.74859655 0.5779308 0.32496035
vn 0.13444301 -0.7322339 0.66765165
vn -0.14297926 -0.34176898 0.92884386
vn -0.025775634 -0.3172346 0.9479968
vn 0.26472196 -0.68398803 0.6797666
vn 0.68952423 -0.32277367 0.64836216
vn 0.5647116 -0.038318947 0.8243983
vn -0.30689302 0.13832033 0.9416391
vn -0.37784418 0.15042257 0.9135682
vn 0.3415077 0.2831721 0.8962065
vn 0.8395739 0.1892809 0.5092038
vn -0.990248 0.11391757 0.08019767
vn -0.9102979 0.4127693 -0.031295154
vn -0.9438406 0.3239731 0.064857066
vn -0.98978937 -0.046366874 0.13478556
vn -0.94273955 -0.31840408 0.09930303
vn -0.8288809 0.11730478 0.5469881
vn -0.61303353 0.6988241 0.36855763
vn -0.2722753 0.72509634 0.6325358
vn -0.4665659 0.1487901 0.8718818
vn -0.15895072 0.83740354 0.52296275
vn -0.6494796 0.73450243 0.1966784
vn -0.9824378 0.08666936 0.16524072
vn 0.11876094 0.64857686 0.75182706
vn 0.09629874 0.12584254 0.9873653
vn 0.30095252 0.6360595 0.7105321
vn 0.55551153 0.052923605 0.82982296
vn -0.5925706 -0.6066735 0.5299126
vn -0.33234948 -0.66738105 0.66644317
vn -0.61852217 -0.7103012 0.33600965
vn -0.15602277 -0.9046582 0.39654812
vn 0.23869088 -0.72253937 0.64881706
vn -0.0026054408 -0.6256908 0.7800668
vn -0.097737186 0.6718376 0.7342219
vn -0.049114518 0.9670045 0.24998027
vn 0.2648397 0.9121409 0.31282422
vn 0.32041097 0.50863755 0.79914004
vn 0.18227774 0.98091227 -0.06772009
vn -0.2142404 0.97472584 0.06332912
vn -0.59402484 0.4665463 0.6553389
vn 0.63951755 0.7499662 0.16902111
vn 0.7814204 0.27105403 0.5620604
vn 0.708493 0.6913775 -0.14154477
vn 0.9971016 -0.045464456 0.06100338
vn -0.32976738 -0.20654811 0.9211902
vn 0.09614506 -0.29745653 0.949882
vn 0.46844864 -0.43280268 0.7702193
vn 0.45050383 -0.7399254 0.4995566
vn -0.1910998 -0.7475117 0.63616604
vn -0.48920116 -0.36174163 0.7936153
vn -0.49402946 0.16375802 0.8538842
vn -0.3236628 0.7412161 0.5880826
vn 0.2385471 0.8257905 0.5110433
vn 0.11960475 0.23512015 0.96457934
vn 0.2568618 0.9548504 0.14927442
vn -0.5050424 0.774897 0.38008803
vn -0.84448373 0.1195505 0.52206796
vn 0.6349585 0.73309594 0.24371709
vn 0.79348177 0.32678354 0.5134193
vn 0.71565586 0.6977317 -0.031738296
vn 0.79348177 0.32678354 0.5134193
vn -0.41962248 -0.48569804 0.766821
vn -0.019507013 -0.6145412 0.78864354
vn -0.5843802 -0.5778767 0.5697003
vn -0.06688333 -0.9204817 0.38501957
vn 0.6982831 -0.702712 0.13636988
vn 0.58140683 -0.5619892 0.5883319
vn 0.79348177 0.32678354 0.5134193
vn 0.97042507 0.20432666 -0.12855308
vn 0.58140683 -0.5619892 0.5883319
vn 0.6982831 -0.702712 0.13636988
vn 0.58140683 -0.5619892 0.5883319
vn 0.6982831 -0.702712 0.13636988
vn -0.38918546 0.50222224 0.7722095
vn -0.22661787 0.9159437 0.33119714
vn 0.26719365 0.91091853 0.3143804
vn 0.3134868 0.53166294 0.7868041
vn 0.23248291 0.97155094 0.045172453
vn -0.44264054 0.8843014 0.14859487
vn -0.88085 0.2635487 0.39324972
vn 0.5638867 0.80311143 0.19246762
vn 0.7576781 0.4356415 0.48594287
vn 0.6402097 0.7679938 0.017807657
vn 0.9752655 0.2095412 0.070354596
vn -0.31349748 -0.4091841 0.85690594
vn 0.2289958 -0.49720523 0.836868
vn -0.5760316 -0.63926625 0.50943714
vn 0.028213656 -0.9519865 0.3048373
vn 0.6543701 -0.7131909 0.2513135
vn 0.65372455 -0.44081602 0.6150817
vn -0.3624459 0.5141283 0.77737063
vn -0.2603493 0.8829846 0.3905849
vn 0.03726954 0.97364 0.22502467
vn 0.02179236 0.685457 0.727787
vn 0.043653045 0.975985 -0.2134191
vn -0.3931287 0.90513885 0.16178216
vn -0.6237846 0.38660005 0.6792888
vn 0.18222198 0.9829549 0.024389856
vn 0.4736817 0.8081863 0.34994382
vn 0.22636133 0.9432275 -0.2430688
vn 0.7495071 0.66025215 -0.04802354
vn -0.226191 0.3021816 0.92602587
vn 0.12427129 0.3317789 0.935136
vn -0.27245313 0.22111759 0.93641675
vn 0.22065215 0.058824163 0.9735771
vn 0.7771489 0.17365445 0.6048833
vn 0.60357827 0.3806657 0.7005619
vn -0.5171242 0.30090034 0.801275
vn -0.6118538 0.6326923 0.4746951
vn -0.10721646 0.8840119 0.45500287
vn 0.051359955 0.49211457 0.8690141
vn -0.15340452 0.9728012 0.17356534
vn -0.7734531 0.55391645 0.3081345
vn -0.85644126 0.07022388 0.51144606
vn 0.3634481 0.8945677 0.2601039
vn 0.5242583 0.64540255 0.5555258
vn 0.4724561 0.879782 0.052619677
vn 0.77691954 0.6126548 0.14508654
vn -0.33726105 -0.40625784 0.8492406
vn 0.29572663 -0.35186076 0.8881102
vn -0.24834098 -0.7562697 0.60529566
vn 0.34039026 -0.7919756 0.5068621
vn 0.8581722 -0.35962996 0.3663426
vn 0.8040931 0.0031216925 0.5944952
vn 0.97835165 0.12740418 0.16308385
vn -0.6331485 -0.54149723 0.5530858
vn -0.64056826 0.49929938 0.5834145
vn -0.67880136 0.73413503 -0.016570019
vn -0.3058825 0.9517486 -0.024707738
vn -0.23313037 0.7668845 0.5979452
vn -0.26873046 0.9390884 -0.21423551
vn -0.77014434 0.6253165 -0.12592463
vn -0.87430155 0.18753594 0.44769078
vn 0.1059944 0.9921625 -0.06617213
vn 0.31658474 0.8378246 0.4447742
vn 0.26409283 0.9514914 -0.1578582
vn 0.7136853 0.6677648 0.21152677
vn -0.19981398 0.020720735 0.97961473
vn 0.09298504 0.08518837 0.99201655
vn -0.24320596 -0.19437894 0.9502987
vn 0.25509658 -0.2749852 0.9269892
vn 0.6240881 0.033291023 0.7806445
vn 0.40997934 0.19737332 0.89048344
vn -0.92164516 0.36394924 -0.13457786
vn -0.5274773 0.8203376 -0.22093864
vn -0.4014649 0.89315444 0.20273416
vn -0.7514426 0.478607 0.45416895
vn -0.15275973 0.98753625 0.037902795
vn -0.40097594 0.78536284 -0.471618
vn -0.73659045 0.13196705 -0.6633395
vn -0.19436313 0.8493328 0.49077165
vn -0.34756085 0.46923724 0.81179917
vn 0.0103508355 0.8608408 0.50876915
vn 0.14227521 0.31529236 0.9382689
vn -0.887121 -0.458211 0.05530821
vn -0.70934486 -0.48337448 0.5130097
vn -0.6674289 -0.7070438 -0.2337258
vn -0.2450167 -0.9355618 0.25434446
vn -0.023871936 -0.6121711 0.790365
vn -0.38686275 -0.36846894 0.8453212
vn -0.81936175 0.04414493 0.5715747
vn -0.8192967 0.51464725 0.2527671
vn -0.6074875 0.72588587 0.3225657
vn -0.47333735 0.3611329 0.8034518
vn -0.5800027 0.8123538 0.060648352
vn -0.8658689 0.49234328 0.08870818
vn -0.9380836 -0.19403726 0.28696468
vn -0.34682652 0.89572597 0.2781841
vn 0.1071492 0.7183191 0.6874131
vn -0.24081011 0.96460813 0.10743212
vn 0.6027056 0.7557048 0.25623485
vn -0.35102713 -0.66022015 0.663995
vn 0.19652884 -0.5299658 0.8249319
vn -0.20962304 -0.9131923 0.3494826
vn 0.56407064 -0.8085778 0.16741051
vn 0.92466885 -0.27582866 0.26249972
vn 0.7103457 -0.14372075 0.6890235
vn -0.8696333 0.4371335 0.22946092
vn -0.5484829 0.83612335 0.008026761
vn -0.2490888 0.9175233 0.31000927
vn -0.6307346 0.5194403 0.576503
vn -0.05696843 0.9771752 0.20465405
vn -0.5376828 0.8293323 -0.15200423
vn -0.93899053 0.33257836 -0.08768434
vn 0.15869345 0.8131571 0.5599929
vn -0.040355373 0.43729198 0.8984137
vn 0.38490853 0.7344292 0.5589806
vn 0.48774344 0.17899431 0.8544398
vn -0.8747712 -0.17949323 0.45006406
vn -0.6967126 -0.25990382 0.66861165
vn -0.88851184 -0.32906058 0.31979042
vn -0.5429296 -0.61991185 0.5665129
vn -0.05129633 -0.47851092 0.876582
vn -0.32721457 -0.27581027 0.90380275
vn 0.26737708 0.39780954 0.8776429
vn 0.38251862 -0.30021653 0.8738133
vn 0.053534023 -0.4129901 0.9091608
vn -0.16593528 0.2580782 0.95176744
vn 0.08002371 -0.5534913 0.8290016
vn 0.5130054 -0.34029618 0.7880508
vn 0.60867405 0.4266877 0.6689197
vn -0.21753168 -0.49506468 0.84118426
vn -0.54896474 0.04224695 0.83477724
vn -0.29619446 -0.56830233 0.7676596
vn -0.7984912 -0.13183601 0.5873935
vn -0.107304096 0.9290409 0.35407472
vn -0.3742528 0.87637156 0.30316302
vn 0.0026507853 0.9835875 0.18041238
vn -0.38477603 0.9188709 -0.08731378
vn -0.7285493 0.6773282 0.102188036
vn -0.61836797 0.7182078 0.3190591
vn -0.15721218 0.7262861 0.66917324
vn -0.5423458 0.8396803 -0.028249525
vn -0.35437936 0.9338317 -0.04872058
vn -0.24255893 0.699094 0.6726312
vn -0.31533775 0.8710813 -0.37653616
vn -0.6649634 0.7199286 -0.19881259
vn -0.79843414 0.25509498 0.54537106
vn -0.79843414 0.25509498 0.54537106
vn -0.10462743 0.98824245 -0.11148971
vn -0.32680053 0.6659191 0.67063636
vn 0.108140156 0.9452202 -0.30800095
vn 0.66714454 0.67952234 0.3052337
vn 0.66714454 0.67952234 0.3052337
vn -0.056642495 0.38799798 0.9199181
vn -0.08548464 0.37305757 0.92386174
vn -0.11423526 0.35771772 0.9268163
vn 0.46886364 0.04806266 0.88196194
vn 0.46886364 0.04806266 0.88196194
vn 0.16336268 -0.21018538 0.9639164
vn 0.16336268 -0.21018538 0.9639164
vn 0.107269235 -0.21876404 0.9698637
vn 0.107269235 -0.21876404 0.9698637
vn -0.42889532 -0.056751937 0.9015698
vn -0.42889532 -0.056751937 0.9015698
vn -0.7965769 0.48145393 0.36560547
vn -0.79530716 0.48387098 0.3651787
vn -0.6716855 0.59068525 0.4471349
vn -0.5977217 0.6395051 0.48348954
vn -0.35591748 0.744051 0.56542987
vn -0.35591748 0.744051 0.56542987
vn -0.9286217 0.1833087 -0.3225829
vn -0.9286217 0.1833087 -0.3225829
vn -0.33143836 0.8950676 -0.2983333
vn -0.33143836 0.8950676 -0.2983333
vn 0.4578265 0.8676324 0.1939305
vn 0.41302848 0.87389326 0.25635532
vn 0.52543336 0.74200815 0.4163458
vn -0.95789486 -0.24215618 -0.15426537
vn 0.3265726 0.8720902 0.36442965
vn 0.13444284 -0.73223567 0.6676497
vn -0.14297871 -0.34177077 0.92884326
vn -0.16771542 -0.24687807 0.9544228
vn 0.18501441 -0.7055442 0.6840886
vn 0.4357557 -0.49734125 0.7501791
vn 0.4357557 -0.49734125 0.7501791
vn -0.37144634 0.123620056 0.9201879
vn -0.377843 0.1504213 0.9135689
vn -0.11677957 0.1739344 0.9778085
vn 0.6038604 -0.2809832 0.745923
vn 0.02116847 0.21074523 0.9773118
vn 0.39264372 0.2969109 0.8704452
vn -0.9902478 0.113916695 0.080201864
vn -0.9102951 0.41277522 -0.031295154
vn -0.9438399 0.3239743 0.06486065
vn -0.98978835 -0.04637155 0.1347916
vn -0.94273734 -0.31840903 0.0993076
vn -0.8612317 0.49508455 0.11476642
vn -0.60982305 0.73673725 -0.2921201
vn -0.59590834 0.67649937 0.43271467
vn -0.8949332 0.19784798 -0.39993834
vn -0.43902546 0.4912202 -0.7523027
vn 0.32474986 0.79551 -0.51156765
vn -0.096000366 0.9863355 -0.1338891
vn 0.42767128 0.8827908 0.19436476
vn 0.13447966 0.6817865 0.7190845
vn 0.7296885 0.6769735 0.09623663
vn 0.69725955 0.32947102 0.6366145
vn -0.6577584 0.47760808 0.582447
vn -0.5862012 0.49719813 0.6396579
vn 0.121126845 -0.07714918 0.98963445
vn 0.121126845 -0.07714918 0.98963445
vn -0.52696127 0.0035946437 0.84988177
vn -0.4080423 -0.2773619 0.8698114
vn -0.9269599 -0.09027738 0.36413658
vn -0.8647444 0.1697411 0.47265753
vn -0.51650584 0.23595254 0.8231332
vn -0.5343724 0.71814966 0.44576597
vn -0.16988654 0.8197457 0.5469511
vn -0.094280675 0.32546568 0.9408418
vn -0.14945392 0.91149765 0.3831914
vn -0.6368771 0.7125488 0.29438388
vn -0.80018705 0.14555123 0.58182085
vn 0.19800511 0.81907016 0.53844047
vn 0.36589834 0.37508413 0.851722
vn 0.33243147 0.82840043 0.4508238
vn 0.7062787 0.32994628 0.62634337
vn -0.16928676 -0.4026836 0.89954877
vn 0.124655075 -0.4323166 0.89306414
vn -0.25772947 -0.5312402 0.8070684
vn 0.21967894 -0.6932909 0.6863593
vn 0.5351774 -0.44885054 0.71562445
vn 0.37882787 -0.3466075 0.85810995
vn -0.7305254 -0.18813963 0.6564573
vn -0.97242916 0.08258779 0.21808457
vn -0.85918546 0.33750626 0.38456452
vn -0.49034297 0.13797644 0.86053836
vn -0.9148059 0.4038919 -0.0012589582
vn -0.9998932 -0.00480867 -0.0138014695
vn -0.6260994 -0.6616844 0.41252077
vn -0.61332333 0.6936914 0.37765962
vn -0.14621761 0.5880099 0.79552805
vn -0.51880014 0.8478607 0.1094475
vn 0.24433662 0.88400954 0.39853084
vn 0.06510472 -0.6550903 0.7527404
vn 0.23904572 -0.29398006 0.9254366
vn 0.46091622 0.07786115 0.88402146
vn 0.7771702 0.08474689 0.6235579
vn 0.6427571 -0.5508584 0.5323706
vn 0.19337492 -0.7925601 0.57832056
vn -0.7258703 0.6868401 0.036918536
vn -0.5568415 0.8130554 -0.1699075
vn -0.23699388 0.9567825 0.16852641
vn -0.5867498 0.6652225 0.4617398
vn 0.27952623 0.9406169 -0.1926264
vn -0.39482248 0.7945329 -0.46133795
vn -0.7664717 0.54589427 -0.33840892
vn 0.27381805 0.7777078 0.56585705
vn -0.09022282 0.43313783 0.8968007
vn 0.67022854 0.6014415 0.43481252
vn -0.09022282 0.43313783 0.8968007
vn -0.9301559 0.35985577 0.07289659
vn -0.7639392 0.24417648 0.5973063
vn -0.34131587 0.0004443107 0.9399486
vn -0.12952869 -0.33368406 0.9337437
vn -0.8461472 -0.26716176 0.4611503
vn -0.9809818 0.19373946 -0.011818014
vn 0.47831348 0.0024307983 0.87818587
vn -0.09022282 0.43313783 0.8968007
vn -0.40386388 0.038485587 0.9140092
vn -0.37219632 0.23686613 0.897421
vn -0.37219632 0.23686613 0.897421
vn -0.40386388 0.038485587 0.9140092
vn -0.28538892 0.59036005 0.7550022
vn -0.28538892 0.59036005 0.7550022
vn -0.2348913 0.73341626 0.6379081
vn -0.24033198 -0.04689752 0.9695572
vn -0.259286 -0.14260805 0.95521396
vn -0.259286 -0.14260805 0.95521396
vn -0.24033198 -0.04689752 0.9695572
vn -0.29275286 -0.34933463 0.8900905
vn -0.29275286 -0.34933463 0.8900905
vn -0.30549964 -0.4566212 0.8355639
vn 0.020330826 -0.1282114 0.99153847
vn 0.062002014 -0.21112072 0.9754916
vn 0.062002014 -0.21112072 0.9754916
vn 0.020330826 -0.1282114 0.99153847
vn 0.17615964 -0.3899712 0.9038198
vn 0.17615964 -0.3899712 0.9038198
vn 0.24618208 -0.48111284 0.8413827
vn 0.0013346573 0.078059375 0.9969478
vn -0.0054951156 0.19603395 0.9805817
vn -0.0054951156 0.19603395 0.9805817
vn 0.0013346573 0.078059375 0.9969478
vn 0.018203301 0.5326924 0.84611315
vn 0.018203301 0.5326924 0.84611315
vn 0.047546074 0.7217655 0.69050264
vn 0.007104477 0.11847004 0.9929322
vn -0.077897064 0.29532182 0.9522169
vn -0.077897064 0.29532182 0.9522169
vn 0.007104477 0.11847004 0.9929322
vn -0.29036313 0.63703483 0.714056
vn -0.29036313 0.63703483 0.714056
vn -0.39957616 0.7668505 0.5022742
vn 0.08534906 -0.110934354 0.9901562
vn 0.2231627 -0.15024973 0.9631321
vn 0.2231627 -0.15024973 0.9631321
vn 0.08534906 -0.110934354 0.9901562
vn 0.43408886 -0.16666058 0.8853198
vn 0.43408886 -0.16666058 0.8853198
vn 0.508749 -0.14572354 0.8484923
vn -0.048673548 -0.20612341 0.9773147
vn -0.14090542 -0.28861848 0.9470191
vn -0.14090542 -0.28861848 0.9470191
vn -0.048673548 -0.20612341 0.9773147
vn -0.2712571 -0.41069424 0.8704883
vn -0.2712571 -0.41069424 0.8704883
vn -0.31043106 -0.45309275 0.83566713
vn -0.4039012 0.038471736 0.91399336
vn -0.37221408 0.23686594 0.8974137
vn -0.37221408 0.23686594 0.8974137
vn -0.4039012 0.038471736 0.91399336
vn -0.28535956 0.5903704 0.7550052
vn -0.28535956 0.5903704 0.7550052
vn -0.23483844 0.7334246 0.637918
vn -0.24031007 -0.04691057 0.96956205
vn -0.28300482 -0.15235227 0.9469409
vn -0.28300482 -0.15235227 0.9469409
vn -0.24031007 -0.04691057 0.96956205
vn -0.38293177 -0.29386207 0.8757902
vn -0.38293177 -0.29386207 0.8757902
vn -0.44149747 -0.33008134 0.8343419
vn 0.0203372 -0.12819761 0.99154013
vn 0.062008996 -0.2111221 0.97549087
vn 0.062008996 -0.2111221 0.97549087
vn 0.0203372 -0.12819761 0.99154013
vn 0.17615916 -0.38996777 0.9038214
vn 0.17615916 -0.38996777 0.9038214
vn 0.24617475 -0.48109215 0.8413967
vn -0.014796895 0.07795063 0.99684745
vn -0.044424966 0.19181569 0.980425
vn -0.044424966 0.19181569 0.980425
vn -0.014796895 0.07795063 0.99684745
vn -0.07634292 0.52674806 0.8465863
vn -0.07634292 0.52674806 0.8465863
vn -0.07461714 0.7184897 0.6915236
vn -0.02512476 0.116869666 0.99282944
vn -0.15669227 0.26245257 0.95213777
vn -0.15669227 0.26245257 0.95213777
vn -0.02512476 0.116869666 0.99282944
vn -0.45739627 0.5299783 0.71408105
vn -0.45739627 0.5299783 0.71408105
vn -0.599139 0.62342906 0.50236315
vn 0.08521551 -0.11099664 0.99016064
vn 0.22313492 -0.15028746 0.9631327
vn 0.22313492 -0.15028746 0.9631327
vn 0.08521551 -0.11099664 0.99016064
vn 0.4341091 -0.16661543 0.8853184
vn 0.4341091 -0.16661543 0.8853184
vn 0.5087202 -0.14562665 0.8485262
vn -0.048661843 -0.20609483 0.9773213
vn -0.14090335 -0.288602 0.9470244
vn -0.14090335 -0.288602 0.9470244
vn -0.048661843 -0.20609483 0.9773213
vn -0.27120733 -0.41076633 0.87046975
vn -0.27120733 -0.41076633 0.87046975
vn -0.31032377 -0.45324045 0.83562684
vn -0.40390635 0.03847311 0.913991
vn -0.37221667 0.23686618 0.89741254
vn -0.37221667 0.23686618 0.89741254
vn -0.40390635 0.03847311 0.913991
vn -0.28535995 0.59036905 0.7550061
vn -0.28535995 0.59036905 0.7550061
vn -0.23483934 0.73342294 0.63791955
vn -0.24029198 -0.046908055 0.96956664
vn -0.28299272 -0.15235454 0.9469442
vn -0.28299272 -0.15235454 0.9469442
vn -0.24029198 -0.046908055 0.96956664
vn -0.38292882 -0.29386398 0.8757908
vn -0.38292882 -0.29386398 0.8757908
vn -0.44149795 -0.3300784 0.8343428
vn 0.020343734 -0.12819716 0.99154
vn 0.06201049 -0.21112351 0.97549045
vn 0.06201049 -0.21112351 0.97549045
vn 0.020343734 -0.12819716 0.99154
vn 0.17615843 -0.3899631 0.90382355
vn 0.17615843 -0.3899631 0.90382355
vn 0.24617718 -0.4810802 0.84140277
vn -0.014799966 0.07795059 0.9968474
vn -0.044428885 0.19181576 0.9804248
vn -0.044428885 0.19181576 0.9804248
vn -0.014799966 0.07795059 0.9968474
vn -0.07634474 0.52675384 0.8465825
vn -0.07634474 0.52675384 0.8465825
vn -0.074615784 0.7184991 0.6915139
vn -0.02513418 0.11686932 0.99282926
vn -0.15669708 0.26245233 0.952137
vn -0.15669708 0.26245233 0.952137
vn -0.02513418 0.11686932 0.99282926
vn -0.45739758 0.52997583 0.71408206
vn -0.45739758 0.52997583 0.71408206
vn -0.5991416 0.62342465 0.5023656
vn 0.085219264 -0.1109972 0.9901603
vn 0.22313672 -0.15028864 0.9631321
vn 0.22313672 -0.15028864 0.9631321
vn 0.085219264 -0.1109972 0.9901603
vn 0.43412352 -0.16661562 0.8853113
vn 0.43412352 -0.16661562 0.8853113
vn 0.5087479 -0.1456247 0.84850997
vn -0.04866186 -0.20609407 0.9773215
vn -0.14090332 -0.2886017 0.94702446
vn -0.14090332 -0.2886017 0.94702446
vn -0.04866186 -0.20609407 0.9773215
vn -0.2712053 -0.4107667 0.8704702
vn -0.2712053 -0.4107667 0.8704702
vn -0.31031966 -0.453241 0.8356281
vn -0.09194968 0.05228366 0.99439013
vn -0.038750924 0.24498686 0.9687517
vn -0.038750924 0.24498686 0.9687517
vn -0.09194968 0.05228366 0.99439013
vn 0.04975083 0.5893119 0.8063724
vn 0.04975083 0.5893119 0.8063724
vn 0.08165243 0.7292412 0.6793675
vn 0.06673321 -0.057083867 0.9961366
vn 0.030749036 -0.14857872 0.98842245
vn 0.030749036 -0.14857872 0.98842245
vn 0.06673321 -0.057083867 0.9961366
vn -0.05048599 -0.34566727 0.93699807
vn -0.05048599 -0.34566727 0.93699807
vn -0.09469864 -0.44764525 0.88918275
vn 0.3069038 -0.17416397 0.9356693
vn 0.3291874 -0.26118428 0.9074241
vn 0.3291874 -0.26118428 0.9074241
vn 0.3069038 -0.17416397 0.9356693
vn 0.38856757 -0.45063055 0.8037085
vn 0.38856757 -0.45063055 0.8037085
vn 0.42193145 -0.54765856 0.72252613
vn 0.3203586 0.032321494 0.9467448
vn 0.32585615 0.15073901 0.933325
vn 0.32585615 0.15073901 0.933325
vn 0.3203586 0.032321494 0.9467448
vn 0.3550319 0.48668003 0.79818225
vn 0.3550319 0.48668003 0.79818225
vn 0.36175668 0.6767515 0.6412017
vn 0.33036005 0.07170482 0.94112736
vn 0.26329705 0.2601618 0.92897284
vn 0.26329705 0.2601618 0.92897284
vn 0.33036005 0.07170482 0.94112736
vn 0.03919432 0.6380427 0.7690028
vn 0.03919432 0.6380427 0.7690028
vn -0.11015617 0.79094684 0.6018877
vn 0.37012166 -0.16585243 0.9140585
vn 0.4857678 -0.22228864 0.8453505
vn 0.4857678 -0.22228864 0.8453505
vn 0.37012166 -0.16585243 0.9140585
vn 0.6577883 -0.26369572 0.7055347
vn 0.6577883 -0.26369572 0.7055347
vn 0.71964645 -0.25145128 0.64721036
vn 0.22640547 -0.24119909 0.9436968
vn 0.11848937 -0.30888394 0.9436901
vn 0.11848937 -0.30888394 0.9436901
vn 0.22640547 -0.24119909 0.9436968
vn -0.04517114 -0.40842104 0.9116753
vn -0.04517114 -0.40842104 0.9116753
vn -0.098787986 -0.4434336 0.89084655
vn -0.058447488 0.08815456 0.9943906
vn 0.07603185 0.23607615 0.96875554
vn 0.07603185 0.23607615 0.96875554
vn -0.058447488 0.08815456 0.9943906
vn 0.3104733 0.5033599 0.8063716
vn 0.3104733 0.5033599 0.8063716
vn 0.40211913 0.6138216 0.6793551
vn 0.033794504 -0.081072554 0.9961351
vn -0.03962691 -0.1464632 0.9884221
vn -0.03962691 -0.1464632 0.9884221
vn 0.033794504 -0.081072554 0.9961351
vn -0.2010798 -0.28564066 0.9370039
vn -0.2010798 -0.28564066 0.9370039
vn -0.2865536 -0.35667124 0.8891978
vn 0.19516799 -0.2939333 0.9356884
vn 0.1757755 -0.38164568 0.90744126
vn 0.1757755 -0.38164568 0.90744126
vn 0.19516799 -0.2939333 0.9356884
vn 0.14324853 -0.5774838 0.80373657
vn 0.14324853 -0.5774838 0.80373657
vn 0.12922134 -0.6791114 0.72257155
vn 0.3004924 -0.115807176 0.9467276
vn 0.3588451 -0.012622257 0.93331176
vn 0.3588451 -0.012622257 0.93331176
vn 0.3004924 -0.115807176 0.9467276
vn 0.53651154 0.27399898 0.7981729
vn 0.53651154 0.27399898 0.7981729
vn 0.6283002 0.44059023 0.6411857
vn 0.3270812 -0.08513329 0.9411537
vn 0.35233158 0.11329308 0.92899257
vn 0.35233158 0.11329308 0.92899257
vn 0.3270812 -0.08513329 0.9411537
vn 0.32298493 0.5516129 0.769028
vn 0.32298493 0.5516129 0.769028
vn 0.25876585 0.7554584 0.60193264
vn 0.25531918 -0.31511113 0.91406626
vn 0.333063 -0.4176642 0.84535533
vn 0.333063 -0.4176642 0.84535533
vn 0.25531918 -0.31511113 0.91406626
vn 0.46785957 -0.53224117 0.70556843
vn 0.46785957 -0.53224117 0.70556843
vn 0.52855295 -0.5492316 0.6472839
vn 0.09315469 -0.3175376 0.9436589
vn -0.03368267 -0.32923108 0.94364846
vn -0.03368267 -0.32923108 0.94364846
vn 0.09315469 -0.3175376 0.9436589
vn -0.22468369 -0.344208 0.9116129
vn -0.22468369 -0.344208 0.9116129
vn -0.2883735 -0.3512699 0.8907582
vn -0.6828546 0.038466826 0.729541
vn -0.647472 0.23686129 0.72434574
vn -0.647472 0.23686129 0.72434574
vn -0.6828546 0.038466826 0.729541
vn -0.51849383 0.59036845 0.61857045
vn -0.51849383 0.59036845 0.61857045
vn -0.43216807 0.73342437 0.5247089
vn -0.54675823 -0.04692116 0.8359749
vn -0.5795954 -0.15235038 0.80053645
vn -0.5795954 -0.15235038 0.80053645
vn -0.54675823 -0.04692116 0.8359749
vn -0.65045106 -0.29386023 0.7003996
vn -0.65045106 -0.29386023 0.7003996
vn -0.6920619 -0.3300911 0.64194256
vn -0.3079787 -0.12820232 0.94271594
vn -0.26334855 -0.21112823 0.9413142
vn -0.26334855 -0.21112823 0.9413142
vn -0.3079787 -0.12820232 0.94271594
vn -0.13195017 -0.38997015 0.9113246
vn -0.13195017 -0.38997015 0.9113246
vn -0.04526153 -0.4810901 0.87550205
vn -0.3428928 0.07795071 0.93613476
vn -0.36544427 0.19181532 0.91085535
vn -0.36544427 0.19181532 0.91085535
vn -0.3428928 0.07795071 0.93613476
vn -0.35141188 0.5267584 0.77397376
vn -0.35141188 0.5267584 0.77397376
vn -0.29861304 0.71850723 0.6281542
vn -0.35133466 0.11686776 0.9289273
vn -0.46210626 0.26245186 0.84709907
vn -0.46210626 0.26245186 0.84709907
vn -0.35133466 0.11686776 0.9289273
vn -0.6674212 0.5299529 0.52316236
vn -0.6674212 0.5299529 0.52316236
vn -0.7313758 0.62338567 0.2765497
vn -0.24623889 -0.1110003 0.962832
vn -0.107150815 -0.15028559 0.9828189
vn -0.107150815 -0.15028559 0.9828189
vn -0.24623889 -0.1110003 0.962832
vn 0.117658705 -0.16654998 0.97898805
vn 0.117658705 -0.16654998 0.97898805
vn 0.20023274 -0.14550202 0.968884
vn -0.36843103 -0.2060879 0.90652436
vn -0.4454997 -0.28860164 0.84748995
vn -0.4454997 -0.28860164 0.84748995
vn -0.36843103 -0.2060879 0.90652436
vn -0.54319584 -0.4108183 0.73223406
vn -0.54319584 -0.4108183 0.73223406
vn -0.56858385 -0.45333704 0.6864386
vn -0.7094587 0.5303142 0.4641501
vn -0.29866442 0.9079488 0.29398742
vn 0.09710264 0.9228 0.37284207
vn -0.341368 0.60766727 0.7170833
vn 0.42317462 0.90599906 -0.00943188
vn -0.22897622 0.9734229 -0.004213274
vn -0.86569154 0.4656848 0.18361896
vn 0.35854265 0.88303655 0.3028097
vn 0.29636148 0.62223685 0.72456276
vn 0.573246 0.81476283 0.0868943
vn 0.74441105 0.40979207 0.5271838
vn -0.71999514 0.3107018 0.6205413
vn -0.44982567 0.2702578 0.8512448
vn -0.77325976 0.25123253 0.58219546
vn -0.45016462 0.024142267 0.8926192
vn 0.22203568 0.002195397 0.9750361
vn 0.065400176 0.21335386 0.97478354
vn -0.0734105 0.4929144 0.8669754
vn -0.40284368 0.77009255 0.49464574
vn -0.11450574 0.90004075 0.42049393
vn 0.34681386 0.5915982 0.7278267
vn -0.38197893 0.9150325 0.12964448
vn -0.61351055 0.6860145 0.39113805
vn -0.37513155 0.04552173 0.92585313
vn 0.17856605 0.977587 0.111525334
vn 0.69906795 0.65621203 0.2840597
vn 0.11823111 0.9713361 -0.20622215
vn 0.78919125 0.5209113 -0.32531336
vn 0.27480128 -0.36651507 0.8889044
vn 0.6485396 -0.20321862 0.7335521
vn 0.91032356 -0.10438093 0.4005193
vn 0.92686903 -0.36558092 0.08523126
vn 0.5168842 -0.7332894 0.44172087
vn 0.1758753 -0.5829394 0.7932526
vn -0.39404306 -0.09669823 0.91399103
vn -0.42946312 0.10106416 0.8974115
vn -0.42946312 0.10106416 0.8974115
vn -0.39404306 -0.09669823 0.91399103
vn -0.46387812 0.46345744 0.7549995
vn -0.46387812 0.46345744 0.7549995
vn -0.46328846 0.61517334 0.6379072
vn -0.21143612 -0.12343297 0.96956646
vn -0.21702462 -0.2370554 0.94694513
vn -0.21702462 -0.2370554 0.94694513
vn -0.21143612 -0.12343297 0.96956646
vn -0.264772 -0.40357846 0.8757969
vn -0.264772 -0.40357846 0.8757969
vn -0.30814043 -0.4570616 0.8343526
vn 0.06142869 -0.1143461 0.99153996
vn 0.128086 -0.17891899 0.9754906
vn 0.128086 -0.17891899 0.9754906
vn 0.06142869 -0.1143461 0.99153996
vn 0.29478058 -0.31019208 0.90381706
vn 0.29478058 -0.31019208 0.90381706
vn 0.39091176 -0.3731734 0.8413856
vn -0.039646175 0.06872807 0.9968474
vn -0.10512348 0.16648163 0.98042494
vn -0.10512348 0.16648163 0.98042494
vn -0.039646175 0.06872807 0.9968474
vn -0.24556983 0.47222286 0.84658206
vn -0.24556983 0.47222286 0.84658206
vn -0.30708778 0.6538411 0.6915121
vn -0.06222253 0.10207137 0.9928292
vn -0.23438987 0.19620101 0.9521379
vn -0.23438987 0.19620101 0.9521379
vn -0.06222253 0.10207137 0.9928292
vn -0.6064231 0.3497853 0.7140738
vn -0.6064231 0.3497853 0.7140738
vn -0.77103484 0.3913552 0.502341
vn 0.11702505 -0.076731935 0.9901603
vn 0.26018065 -0.068413004 0.9631333
vn 0.26018065 -0.068413004 0.9631333
vn 0.11702505 -0.076731935 0.9901603
vn 0.46477693 -0.014369045 0.88531125
vn 0.46477693 -0.014369045 0.88531125
vn 0.52833533 0.030005058 0.84850544
vn 0.02192409 -0.21061869 0.97732246
vn -0.037996486 -0.31890422 0.94702506
vn -0.037996486 -0.31890422 0.94702506
vn 0.02192409 -0.21061869 0.97732246
vn -0.12078196 -0.47716346 0.87047505
vn -0.12078196 -0.47716346 0.87047505
vn -0.14371458 -0.530145 0.835639
vn -0.5609968 0.2721394 0.78180736
vn -0.4731289 0.7749327 0.4190805
vn 0.00606385 0.88918734 0.45750317
vn 0.10874176 0.4639543 0.8791596
vn -0.021671914 0.98032457 0.19619925
vn -0.65956 0.7215019 0.21075004
vn -0.94654346 -0.015004523 0.32222724
vn 0.3288131 0.8743602 0.356898
vn 0.58481574 0.5225843 0.62040013
vn 0.4248131 0.88535655 0.1888856
vn 0.8835602 0.42044416 0.20627204
vn -0.2669747 -0.59759545 0.75604516
vn 0.2801694 -0.55101043 0.78606147
vn -0.43594617 -0.8272458 0.35442272
vn 0.24123365 -0.9535266 0.18053645
vn 0.7901464 -0.5684493 0.22920327
vn 0.6932702 -0.3627965 0.6227
vn -0.67817485 0.4745089 0.5611775
vn -0.38402885 0.9199818 0.07845643
vn 0.056118716 0.99515295 0.0807545
vn -0.04078141 0.7434128 0.6675885
vn 0.11822919 0.9802412 -0.15858482
vn -0.4854981 0.8707485 -0.07802996
vn -0.93968254 0.16063856 0.30198008
vn 0.33516094 0.94213456 0.007050297
vn 0.5942619 0.698495 0.3986949
vn 0.4147515 0.900516 -0.13058425
vn 0.89015454 0.44992253 0.0720742
vn -0.553345 -0.33621833 0.7620804
vn -0.048980568 -0.3386776 0.93962675
vn -0.57435536 -0.62157226 0.5326949
vn -0.006383934 -0.8871843 0.46137115
vn 0.7115219 -0.5634747 0.41980106
vn 0.6442154 -0.20925021 0.7356636
vn -0.5520222 0.6687673 0.49801794
vn -0.62817687 0.7670985 0.1302069
vn -0.3430894 0.50972694 0.7889665
vn -0.19734263 0.4171975 0.88713145
vn -0.10118166 0.29132944 0.9512568
vn -0.20873182 0.23450479 0.9494412
vn -0.9186352 0.15567482 -0.36314565
vn -0.9186352 0.15567482 -0.36314565
vn -0.6846002 0.6280393 -0.36998546
vn -0.6846002 0.6280393 -0.36998546
vn -0.89960605 -0.4010305 0.17286833
vn -0.97231084 -0.23141211 0.032560267
vn -0.22871172 -0.6829694 0.69371736
vn -0.18684046 -0.7676697 0.6130041
vn 0.39955014 -0.51633304 0.7574694
vn 0.43762735 -0.4246911 0.79254013
vn 0.7021131 -0.048358604 0.71042156
vn 0.748913 0.12202594 0.6513363
vn 0.73721963 0.59658945 0.31715673
vn 0.6696468 0.71083367 0.2151482
vn 0.4569866 0.8842771 -0.09600644
vn -0.42802328 0.86418927 -0.2645242
vn 0.3322557 0.9392968 -0.08560192
vn -0.09327001 0.914961 -0.39261574
vn -0.09327001 0.914961 -0.39261574
vn -0.49306047 0.6381675 -0.59129834
vn -0.6584398 0.4332535 0.61542547
vn -0.59158593 0.51108193 0.62355554
vn -0.48423243 0.40928125 0.77330965
vn -0.5533869 0.33444348 0.7628306
vn -0.20753221 0.17400274 0.9626284
vn -0.77208304 0.28480583 0.5681316
vn -0.23140897 0.6879121 -0.6879149
vn -0.8027348 0.42166847 -0.42167836
vn -0.8027303 -6.2249245E-07 -0.59634227
vn -0.23140664 -3.695071E-06 -0.9728571
vn -0.23140664 -3.695071E-06 -0.9728571
vn -0.8027303 -6.2249245E-07 -0.59634227
vn -0.8027327 -0.42167398 -0.4216767
vn -0.23140617 -0.6879154 -0.6879126
vn -0.23140617 -0.6879154 -0.6879126
vn -0.8027327 -0.42167398 -0.4216767
vn -0.8027339 -0.5963374 -1.8711968E-07
vn -0.23140594 -0.9728573 -3.052449E-07
vn -0.23140594 -0.9728573 -3.052449E-07
vn -0.8027339 -0.5963374 -1.8711968E-07
vn -0.8027336 -0.42167225 0.42167684
vn -0.23140664 -0.6879151 0.68791264
vn -0.23140664 -0.6879151 0.68791264
vn -0.8027336 -0.42167225 0.42167684
vn -0.80273086 1.6228256E-06 0.5963415
vn -0.23140806 0 0.9728568
vn -0.23140806 0 0.9728568
vn -0.80273086 1.6228256E-06 0.5963415
vn -0.80273354 0.42167175 0.42167747
vn -0.23140725 0.68791443 0.6879132
vn -0.23140725 0.68791443 0.6879132
vn -0.80273354 0.42167175 0.42167747
vn -0.80273765 0.59633243 0
vn -0.23140754 0.97285694 0
vn -0.23140754 0.97285694 0
vn -0.80273765 0.59633243 0
vn -0.8027348 0.42166847 -0.42167836
vn -0.23140897 0.6879121 -0.6879149
vn -0.73450774 -0.47984508 0.4798408
vn -1 -3.6380504E-06 0
vn -0.73450905 -1.171119E-06 0.67859894
vn -0.73450905 -1.171119E-06 0.67859894
vn -1 -3.6380504E-06 0
vn -0.73451 0.47984 0.47984236
vn -0.73451 0.47984 0.47984236
vn -1 -3.6380504E-06 0
vn -0.73450947 0.6785985 0
vn -0.73450947 0.6785985 0
vn -1 -3.6380504E-06 0
vn -0.73451 0.47984 -0.47984236
vn -0.73451 0.47984 -0.47984236
vn -1 -3.6380504E-06 0
vn -0.73450905 -1.171119E-06 -0.67859894
vn -0.73450905 -1.171119E-06 -0.67859894
vn -1 -3.6380504E-06 0
vn -0.73450774 -0.47984508 -0.4798408
vn -0.73450774 -0.47984508 -0.4798408
vn -1 -3.6380504E-06 0
vn -0.7345041 -0.6786043 0
vn -0.7345041 -0.6786043 0
vn -1 -3.6380504E-06 0
vn -0.73450774 -0.47984508 0.4798408
vn -0.8027348 0.42166847 -0.42167836
vn -0.7345041 -0.4798501 0.47984135
vn -0.7345072 6.567006E-07 0.67860097
vn -0.8027303 -6.2249245E-07 -0.59634227
vn -0.8027303 -6.2249245E-07 -0.59634227
vn -0.7345072 6.567006E-07 0.67860097
vn -0.7345053 0.4798461 0.4798434
vn -0.8027327 -0.42167398 -0.4216767
vn -0.8027327 -0.42167398 -0.4216767
vn -0.7345053 0.4798461 0.4798434
vn -0.7345031 0.6786054 0
vn -0.8027339 -0.5963374 -1.8711968E-07
vn -0.8027339 -0.5963374 -1.8711968E-07
vn -0.7345031 0.6786054 0
vn -0.7345047 0.4798475 -0.47984302
vn -0.8027336 -0.42167225 0.42167684
vn -0.8027336 -0.42167225 0.42167684
vn -0.7345047 0.4798475 -0.47984302
vn -0.7345072 6.567006E-07 -0.67860097
vn -0.80273086 1.6228256E-06 0.5963415
vn -0.80273086 1.6228256E-06 0.5963415
vn -0.7345072 6.567006E-07 -0.67860097
vn -0.73450464 -0.4798487 -0.47984177
vn -0.80273354 0.42167175 0.42167747
vn -0.80273354 0.42167175 0.42167747
vn -0.73450464 -0.4798487 -0.47984177
vn -0.73449945 -0.6786094 0
vn -0.80273765 0.59633243 0
vn -0.80273765 0.59633243 0
vn -0.73449945 -0.6786094 0
vn -0.7345041 -0.4798501 0.47984135
vn -0.8027348 0.42166847 -0.42167836
vn -0.7345041 -0.4798501 0.47984135
vn -0.73450774 -0.47984508 0.4798408
vn -0.73450905 -1.171119E-06 0.67859894
vn -0.7345072 6.567006E-07 0.67860097
vn -0.7345072 6.567006E-07 0.67860097
vn -0.73450905 -1.171119E-06 0.67859894
vn -0.73451 0.47984 0.47984236
vn -0.7345053 0.4798461 0.4798434
vn -0.7345053 0.4798461 0.4798434
vn -0.73451 0.47984 0.47984236
vn -0.73450947 0.6785985 0
vn -0.7345031 0.6786054 0
vn -0.7345031 0.6786054 0
vn -0.73450947 0.6785985 0
vn -0.73451 0.47984 -0.47984236
vn -0.7345047 0.4798475 -0.47984302
vn -0.7345047 0.4798475 -0.47984302
vn -0.73451 0.47984 -0.47984236
vn -0.73450905 -1.171119E-06 -0.67859894
vn -0.7345072 6.567006E-07 -0.67860097
vn -0.7345072 6.567006E-07 -0.67860097
vn -0.73450905 -1.171119E-06 -0.67859894
vn -0.73450774 -0.47984508 -0.4798408
vn -0.73450464 -0.4798487 -0.47984177
vn -0.73450464 -0.4798487 -0.47984177
vn -0.73450774 -0.47984508 -0.4798408
vn -0.7345041 -0.6786043 0
vn -0.73449945 -0.6786094 0
vn -0.73449945 -0.6786094 0
vn -0.7345041 -0.6786043 0
vn -0.73450774 -0.47984508 0.4798408
vn -0.7345041 -0.4798501 0.47984135
vn -0.23140673 0.68791264 -0.68791515
vn -0.80273414 0.42166913 -0.4216789
vn -0.80273086 -5.043009E-07 -0.5963415
vn -0.23140867 -3.5022847E-06 -0.97285664
vn -0.23140867 -3.5022847E-06 -0.97285664
vn -0.80273086 -5.043009E-07 -0.5963415
vn -0.80273306 -0.42167377 -0.42167622
vn -0.23140742 -0.6879154 -0.68791217
vn -0.23140742 -0.6879154 -0.68791217
vn -0.80273306 -0.42167377 -0.42167622
vn -0.8027338 -0.5963376 -2.3635097E-07
vn -0.23140547 -0.9728574 -3.8557243E-07
vn -0.23140547 -0.9728574 -3.8557243E-07
vn -0.8027338 -0.5963376 -2.3635097E-07
vn -0.80273336 -0.42167237 0.4216772
vn -0.23140587 -0.6879151 0.68791294
vn -0.23140587 -0.6879151 0.68791294
vn -0.80273336 -0.42167237 0.4216772
vn -0.80273056 1.5144914E-06 0.59634197
vn -0.23140687 -2.0885196E-07 0.97285706
vn -0.23140687 -2.0885196E-07 0.97285706
vn -0.80273056 1.5144914E-06 0.59634197
vn -0.8027336 0.42167178 0.42167726
vn -0.23140728 0.6879146 0.68791294
vn -0.23140728 0.6879146 0.68791294
vn -0.8027336 0.42167178 0.42167726
vn -0.80273694 0.5963333 -4.7270868E-07
vn -0.23140524 0.9728575 -7.711451E-07
vn -0.23140524 0.9728575 -7.711451E-07
vn -0.80273694 0.5963333 -4.7270868E-07
vn -0.80273414 0.42166913 -0.4216789
vn -0.23140673 0.68791264 -0.68791515
vn -0.7345078 -0.47984514 0.47984058
vn -1 -3.638057E-06 0
vn -0.73450905 -1.0507237E-06 0.678599
vn -0.73450905 -1.0507237E-06 0.678599
vn -1 -3.638057E-06 0
vn -0.73451006 0.47984022 0.4798421
vn -0.73451006 0.47984022 0.4798421
vn -1 -3.638057E-06 0
vn -0.73450935 0.67859864 0
vn -0.73450935 0.67859864 0
vn -1 -3.638057E-06 0
vn -0.73451006 0.47984022 -0.4798421
vn -0.73451006 0.47984022 -0.4798421
vn -1 -3.638057E-06 0
vn -0.73450905 -1.0507237E-06 -0.678599
vn -0.73450905 -1.0507237E-06 -0.678599
vn -1 -3.638057E-06 0
vn -0.7345078 -0.47984514 -0.47984058
vn -0.7345078 -0.47984514 -0.47984058
vn -1 -3.638057E-06 0
vn -0.7345039 -0.6786044 0
vn -0.7345039 -0.6786044 0
vn -1 -3.638057E-06 0
vn -0.7345078 -0.47984514 0.47984058
vn -0.80273414 0.42166913 -0.4216789
vn -0.7345041 -0.4798502 0.4798412
vn -0.7345071 7.770956E-07 0.678601
vn -0.80273086 -5.043009E-07 -0.5963415
vn -0.80273086 -5.043009E-07 -0.5963415
vn -0.7345071 7.770956E-07 0.678601
vn -0.7345054 0.47984624 0.47984314
vn -0.80273306 -0.42167377 -0.42167622
vn -0.80273306 -0.42167377 -0.42167622
vn -0.7345054 0.47984624 0.47984314
vn -0.734503 0.6786055 0
vn -0.8027338 -0.5963376 -2.3635097E-07
vn -0.8027338 -0.5963376 -2.3635097E-07
vn -0.734503 0.6786055 0
vn -0.73450476 0.47984764 -0.47984275
vn -0.80273336 -0.42167237 0.4216772
vn -0.80273336 -0.42167237 0.4216772
vn -0.73450476 0.47984764 -0.47984275
vn -0.7345071 7.770956E-07 -0.678601
vn -0.80273056 1.5144914E-06 0.59634197
vn -0.80273056 1.5144914E-06 0.59634197
vn -0.7345071 7.770956E-07 -0.678601
vn -0.7345047 -0.4798488 -0.4798416
vn -0.8027336 0.42167178 0.42167726
vn -0.8027336 0.42167178 0.42167726
vn -0.7345047 -0.4798488 -0.4798416
vn -0.73449934 -0.6786095 0
vn -0.80273694 0.5963333 -4.7270868E-07
vn -0.80273694 0.5963333 -4.7270868E-07
vn -0.73449934 -0.6786095 0
vn -0.7345041 -0.4798502 0.4798412
vn -0.80273414 0.42166913 -0.4216789
vn -0.7345041 -0.4798502 0.4798412
vn -0.7345078 -0.47984514 0.47984058
vn -0.73450905 -1.0507237E-06 0.678599
vn -0.7345071 7.770956E-07 0.678601
vn -0.7345071 7.770956E-07 0.678601
vn -0.73450905 -1.0507237E-06 0.678599
vn -0.73451006 0.47984022 0.4798421
vn -0.7345054 0.47984624 0.47984314
vn -0.7345054 0.47984624 0.47984314
vn -0.73451006 0.47984022 0.4798421
vn -0.73450935 0.67859864 0
vn -0.734503 0.6786055 0
vn -0.734503 0.6786055 0
vn -0.73450935 0.67859864 0
vn -0.73451006 0.47984022 -0.4798421
vn -0.73450476 0.47984764 -0.47984275
vn -0.73450476 0.47984764 -0.47984275
vn -0.73451006 0.47984022 -0.4798421
vn -0.73450905 -1.0507237E-06 -0.678599
vn -0.7345071 7.770956E-07 -0.678601
vn -0.7345071 7.770956E-07 -0.678601
vn -0.73450905 -1.0507237E-06 -0.678599
vn -0.7345078 -0.47984514 -0.47984058
vn -0.7345047 -0.4798488 -0.4798416
vn -0.7345047 -0.4798488 -0.4798416
vn -0.7345078 -0.47984514 -0.47984058
vn -0.7345039 -0.6786044 0
vn -0.73449934 -0.6786095 0
vn -0.73449934 -0.6786095 0
vn -0.7345039 -0.6786044 0
vn -0.7345078 -0.47984514 0.47984058
vn -0.7345041 -0.4798502 0.4798412
vn -0.2314069 0.6879125 -0.6879152
vn -0.80273426 0.421669 -0.42167887
vn -0.80273044 -5.240196E-07 -0.5963421
vn -0.23140706 -3.5344158E-06 -0.97285706
vn -0.23140706 -3.5344158E-06 -0.97285706
vn -0.80273044 -5.240196E-07 -0.5963421
vn -0.8027327 -0.42167416 -0.4216767
vn -0.2314059 -0.6879155 -0.68791246
vn -0.2314059 -0.6879155 -0.68791246
vn -0.8027327 -0.42167416 -0.4216767
vn -0.80273354 -0.596338 -2.2649876E-07
vn -0.23140445 -0.97285765 -3.6950698E-07
vn -0.23140445 -0.97285765 -3.6950698E-07
vn -0.80273354 -0.596338 -2.2649876E-07
vn -0.8027336 -0.42167217 0.42167684
vn -0.23140685 -0.687915 0.68791264
vn -0.23140685 -0.687915 0.68791264
vn -0.8027336 -0.42167217 0.42167684
vn -0.802731 1.583454E-06 0.59634143
vn -0.23140839 0 0.97285676
vn -0.23140839 0 0.97285676
vn -0.802731 1.583454E-06 0.59634143
vn -0.80273336 0.42167202 0.42167744
vn -0.2314066 0.6879148 0.68791294
vn -0.2314066 0.6879148 0.68791294
vn -0.80273336 0.42167202 0.42167744
vn -0.80273694 0.5963333 -3.8407188E-07
vn -0.23140532 0.9728574 -6.2655533E-07
vn -0.23140532 0.9728574 -6.2655533E-07
vn -0.80273694 0.5963333 -3.8407188E-07
vn -0.80273426 0.421669 -0.42167887
vn -0.2314069 0.6879125 -0.6879152
vn -0.7345078 -0.47984514 0.47984058
vn -1 -3.6380504E-06 0
vn -0.73450905 -1.0507237E-06 0.678599
vn -0.73450905 -1.0507237E-06 0.678599
vn -1 -3.6380504E-06 0
vn -0.73451006 0.47984022 0.4798421
vn -0.73451006 0.47984022 0.4798421
vn -1 -3.6380504E-06 0
vn -0.73450935 0.67859864 0
vn -0.73450935 0.67859864 0
vn -1 -3.6380504E-06 0
vn -0.73451006 0.47984022 -0.4798421
vn -0.73451006 0.47984022 -0.4798421
vn -1 -3.6380504E-06 0
vn -0.73450905 -1.0507237E-06 -0.678599
vn -0.73450905 -1.0507237E-06 -0.678599
vn -1 -3.6380504E-06 0
vn -0.7345078 -0.47984514 -0.47984058
vn -0.7345078 -0.47984514 -0.47984058
vn -1 -3.6380504E-06 0
vn -0.7345039 -0.6786044 0
vn -0.7345039 -0.6786044 0
vn -1 -3.6380504E-06 0
vn -0.7345078 -0.47984514 0.47984058
vn -0.80273426 0.421669 -0.42167887
vn -0.7345041 -0.4798502 0.4798412
vn -0.7345071 7.770956E-07 0.678601
vn -0.80273044 -5.240196E-07 -0.5963421
vn -0.80273044 -5.240196E-07 -0.5963421
vn -0.7345071 7.770956E-07 0.678601
vn -0.7345054 0.47984624 0.47984314
vn -0.8027327 -0.42167416 -0.4216767
vn -0.8027327 -0.42167416 -0.4216767
vn -0.7345054 0.47984624 0.47984314
vn -0.734503 0.6786055 0
vn -0.80273354 -0.596338 -2.2649876E-07
vn -0.80273354 -0.596338 -2.2649876E-07
vn -0.734503 0.6786055 0
vn -0.73450476 0.47984764 -0.47984275
vn -0.8027336 -0.42167217 0.42167684
vn -0.8027336 -0.42167217 0.42167684
vn -0.73450476 0.47984764 -0.47984275
vn -0.7345071 7.770956E-07 -0.678601
vn -0.802731 1.583454E-06 0.59634143
vn -0.802731 1.583454E-06 0.59634143
vn -0.7345071 7.770956E-07 -0.678601
vn -0.7345047 -0.4798488 -0.4798416
vn -0.80273336 0.42167202 0.42167744
vn -0.80273336 0.42167202 0.42167744
vn -0.7345047 -0.4798488 -0.4798416
vn -0.73449934 -0.6786095 0
vn -0.80273694 0.5963333 -3.8407188E-07
vn -0.80273694 0.5963333 -3.8407188E-07
vn -0.73449934 -0.6786095 0
vn -0.7345041 -0.4798502 0.4798412
vn -0.80273426 0.421669 -0.42167887
vn -0.7345041 -0.4798502 0.4798412
vn -0.7345078 -0.47984514 0.47984058
vn -0.73450905 -1.0507237E-06 0.678599
vn -0.7345071 7.770956E-07 0.678601
vn -0.7345071 7.770956E-07 0.678601
vn -0.73450905 -1.0507237E-06 0.678599
vn -0.73451006 0.47984022 0.4798421
vn -0.7345054 0.47984624 0.47984314
vn -0.7345054 0.47984624 0.47984314
vn -0.73451006 0.47984022 0.4798421
vn -0.73450935 0.67859864 0
vn -0.734503 0.6786055 0
vn -0.734503 0.6786055 0
vn -0.73450935 0.67859864 0
vn -0.73451006 0.47984022 -0.4798421
vn -0.73450476 0.47984764 -0.47984275
vn -0.73450476 0.47984764 -0.47984275
vn -0.73451006 0.47984022 -0.4798421
vn -0.73450905 -1.0507237E-06 -0.678599
vn -0.7345071 7.770956E-07 -0.678601
vn -0.7345071 7.770956E-07 -0.678601
vn -0.73450905 -1.0507237E-06 -0.678599
vn -0.7345078 -0.47984514 -0.47984058
vn -0.7345047 -0.4798488 -0.4798416
vn -0.7345047 -0.4798488 -0.4798416
vn -0.7345078 -0.47984514 -0.47984058
vn -0.7345039 -0.6786044 0
vn -0.73449934 -0.6786095 0
vn -0.73449934 -0.6786095 0
vn -0.7345039 -0.6786044 0
vn -0.7345078 -0.47984514 0.47984058
vn -0.7345041 -0.4798502 0.4798412
vn -0.23140763 0.68791234 -0.6879151
vn -0.80273443 0.42166877 -0.42167866
vn -0.80273044 -5.240196E-07 -0.5963421
vn -0.23140706 -3.5344158E-06 -0.97285706
vn -0.23140706 -3.5344158E-06 -0.97285706
vn -0.80273044 -5.240196E-07 -0.5963421
vn -0.80273294 -0.42167386 -0.42167646
vn -0.23140693 -0.6879154 -0.6879123
vn -0.23140693 -0.6879154 -0.6879123
vn -0.80273294 -0.42167386 -0.42167646
vn -0.802734 -0.59633726 -2.2649645E-07
vn -0.23140645 -0.9728572 -3.695069E-07
vn -0.23140645 -0.9728572 -3.695069E-07
vn -0.802734 -0.59633726 -2.2649645E-07
vn -0.8027337 -0.42167208 0.42167675
vn -0.2314073 -0.68791497 0.6879126
vn -0.2314073 -0.68791497 0.6879126
vn -0.8027337 -0.42167208 0.42167675
vn -0.80273086 1.6031461E-06 0.59634155
vn -0.23140791 0 0.9728568
vn -0.23140791 0 0.9728568
vn -0.80273086 1.6031461E-06 0.59634155
vn -0.8027333 0.4216719 0.42167765
vn -0.23140658 0.68791455 0.6879132
vn -0.23140658 0.68791455 0.6879132
vn -0.8027333 0.4216719 0.42167765
vn -0.80273724 0.59633297 0
vn -0.23140611 0.97285724 -1.12458686E-07
vn -0.23140611 0.97285724 -1.12458686E-07
vn -0.80273724 0.59633297 0
vn -0.80273443 0.42166877 -0.42167866
vn -0.23140763 0.68791234 -0.6879151
vn -0.73450774 -0.47984508 0.4798408
vn -1 -3.6380436E-06 0
vn -0.73450905 -1.171119E-06 0.67859894
vn -0.73450905 -1.171119E-06 0.67859894
vn -1 -3.6380436E-06 0
vn -0.73451 0.47984 0.47984236
vn -0.73451 0.47984 0.47984236
vn -1 -3.6380436E-06 0
vn -0.73450947 0.6785985 0
vn -0.73450947 0.6785985 0
vn -1 -3.6380436E-06 0
vn -0.73451 0.47984 -0.47984236
vn -0.73451 0.47984 -0.47984236
vn -1 -3.6380436E-06 0
vn -0.73450905 -1.171119E-06 -0.67859894
vn -0.73450905 -1.171119E-06 -0.67859894
vn -1 -3.6380436E-06 0
vn -0.73450774 -0.47984508 -0.4798408
vn -0.73450774 -0.47984508 -0.4798408
vn -1 -3.6380436E-06 0
vn -0.7345041 -0.6786043 0
vn -0.7345041 -0.6786043 0
vn -1 -3.6380436E-06 0
vn -0.73450774 -0.47984508 0.4798408
vn -0.80273443 0.42166877 -0.42167866
vn -0.7345041 -0.4798501 0.47984135
vn -0.7345072 6.567006E-07 0.67860097
vn -0.80273044 -5.240196E-07 -0.5963421
vn -0.80273044 -5.240196E-07 -0.5963421
vn -0.7345072 6.567006E-07 0.67860097
vn -0.7345053 0.4798461 0.4798434
vn -0.80273294 -0.42167386 -0.42167646
vn -0.80273294 -0.42167386 -0.42167646
vn -0.7345053 0.4798461 0.4798434
vn -0.7345031 0.6786054 0
vn -0.802734 -0.59633726 -2.2649645E-07
vn -0.802734 -0.59633726 -2.2649645E-07
vn -0.7345031 0.6786054 0
vn -0.7345047 0.4798475 -0.47984302
vn -0.8027337 -0.42167208 0.42167675
vn -0.8027337 -0.42167208 0.42167675
vn -0.7345047 0.4798475 -0.47984302
vn -0.7345072 6.567006E-07 -0.67860097
vn -0.80273086 1.6031461E-06 0.59634155
vn -0.80273086 1.6031461E-06 0.59634155
vn -0.7345072 6.567006E-07 -0.67860097
vn -0.73450464 -0.4798487 -0.47984177
vn -0.8027333 0.4216719 0.42167765
vn -0.8027333 0.4216719 0.42167765
vn -0.73450464 -0.4798487 -0.47984177
vn -0.73449945 -0.6786094 0
vn -0.80273724 0.59633297 0
vn -0.80273724 0.59633297 0
vn -0.73449945 -0.6786094 0
vn -0.7345041 -0.4798501 0.47984135
vn -0.80273443 0.42166877 -0.42167866
vn -0.7345041 -0.4798501 0.47984135
vn -0.73450774 -0.47984508 0.4798408
vn -0.73450905 -1.171119E-06 0.67859894
vn -0.7345072 6.567006E-07 0.67860097
vn -0.7345072 6.567006E-07 0.67860097
vn -0.73450905 -1.171119E-06 0.67859894
vn -0.73451 0.47984 0.47984236
vn -0.7345053 0.4798461 0.4798434
vn -0.7345053 0.4798461 0.4798434
vn -0.73451 0.47984 0.47984236
vn -0.73450947 0.6785985 0
vn -0.7345031 0.6786054 0
vn -0.7345031 0.6786054 0
vn -0.73450947 0.6785985 0
vn -0.73451 0.47984 -0.47984236
vn -0.7345047 0.4798475 -0.47984302
vn -0.7345047 0.4798475 -0.47984302
vn -0.73451 0.47984 -0.47984236
vn -0.73450905 -1.171119E-06 -0.67859894
vn -0.7345072 6.567006E-07 -0.67860097
vn -0.7345072 6.567006E-07 -0.67860097
vn -0.73450905 -1.171119E-06 -0.67859894
vn -0.73450774 -0.47984508 -0.4798408
vn -0.73450464 -0.4798487 -0.47984177
vn -0.73450464 -0.4798487 -0.47984177
vn -0.73450774 -0.47984508 -0.4798408
vn -0.7345041 -0.6786043 0
vn -0.73449945 -0.6786094 0
vn -0.73449945 -0.6786094 0
vn -0.7345041 -0.6786043 0
vn -0.73450774 -0.47984508 0.4798408
vn -0.7345041 -0.4798501 0.47984135
vn -0.23140663 0.68791264 -0.68791515
vn -0.80273414 0.42166913 -0.4216789
vn -0.8027307 -4.2554245E-07 -0.5963418
vn -0.23140775 -3.3737606E-06 -0.9728569
vn -0.23140775 -3.3737606E-06 -0.9728569
vn -0.8027307 -4.2554245E-07 -0.5963418
vn -0.8027331 -0.42167428 -0.42167568
vn -0.23140696 -0.68791634 -0.6879114
vn -0.23140696 -0.68791634 -0.6879114
vn -0.8027331 -0.42167428 -0.42167568
vn -0.80273294 -0.59633875 -2.068051E-07
vn -0.23140329 -0.97285795 -3.3737558E-07
vn -0.23140329 -0.97285795 -3.3737558E-07
vn -0.80273294 -0.59633875 -2.068051E-07
vn -0.80273366 -0.42167276 0.42167616
vn -0.23140655 -0.68791616 0.6879116
vn -0.23140655 -0.68791616 0.6879116
vn -0.80273366 -0.42167276 0.42167616
vn -0.80273074 -1.3992052E-07 0.5963417
vn -0.23140831 -2.9078587E-06 0.97285676
vn -0.23140831 -2.9078587E-06 0.97285676
vn -0.80273074 -1.3992052E-07 0.5963417
vn -0.80273384 0.42166993 0.4216786
vn -0.2314076 0.687912 0.68791544
vn -0.2314076 0.687912 0.68791544
vn -0.80273384 0.42166993 0.4216786
vn -0.80273736 0.59633285 0
vn -0.23140645 0.9728572 1.4458975E-07
vn -0.23140645 0.9728572 1.4458975E-07
vn -0.80273736 0.59633285 0
vn -0.80273414 0.42166913 -0.4216789
vn -0.23140663 0.68791264 -0.68791515
vn -0.7345078 -0.47984514 0.47984058
vn -1 -3.638057E-06 0
vn -0.73450905 -1.0069434E-06 0.67859894
vn -0.73450905 -1.0069434E-06 0.67859894
vn -1 -3.638057E-06 0
vn -0.73451006 0.47984013 0.4798421
vn -0.73451006 0.47984013 0.4798421
vn -1 -3.638057E-06 0
vn -0.7345094 0.6785985 0
vn -0.7345094 0.6785985 0
vn -1 -3.638057E-06 0
vn -0.73451006 0.47984013 -0.4798421
vn -0.73451006 0.47984013 -0.4798421
vn -1 -3.638057E-06 0
vn -0.73450905 -1.0069434E-06 -0.67859894
vn -0.73450905 -1.0069434E-06 -0.67859894
vn -1 -3.638057E-06 0
vn -0.7345078 -0.47984514 -0.47984058
vn -0.7345078 -0.47984514 -0.47984058
vn -1 -3.638057E-06 0
vn -0.7345039 -0.6786044 0
vn -0.7345039 -0.6786044 0
vn -1 -3.638057E-06 0
vn -0.7345078 -0.47984514 0.47984058
vn -0.80273414 0.42166913 -0.4216789
vn -0.7345041 -0.4798502 0.4798412
vn -0.7345072 8.2087575E-07 0.67860097
vn -0.8027307 -4.2554245E-07 -0.5963418
vn -0.8027307 -4.2554245E-07 -0.5963418
vn -0.7345072 8.2087575E-07 0.67860097
vn -0.73450536 0.4798462 0.4798432
vn -0.8027331 -0.42167428 -0.42167568
vn -0.8027331 -0.42167428 -0.42167568
vn -0.73450536 0.4798462 0.4798432
vn -0.73450303 0.6786055 0
vn -0.80273294 -0.59633875 -2.068051E-07
vn -0.80273294 -0.59633875 -2.068051E-07
vn -0.73450303 0.6786055 0
vn -0.73450476 0.47984764 -0.47984278
vn -0.80273366 -0.42167276 0.42167616
vn -0.80273366 -0.42167276 0.42167616
vn -0.73450476 0.47984764 -0.47984278
vn -0.7345072 8.2087575E-07 -0.67860097
vn -0.80273074 -1.3992052E-07 0.5963417
vn -0.80273074 -1.3992052E-07 0.5963417
vn -0.7345072 8.2087575E-07 -0.67860097
vn -0.7345047 -0.4798488 -0.4798416
vn -0.80273384 0.42166993 0.4216786
vn -0.80273384 0.42166993 0.4216786
vn -0.7345047 -0.4798488 -0.4798416
vn -0.73449934 -0.6786095 0
vn -0.80273736 0.59633285 0
vn -0.80273736 0.59633285 0
vn -0.73449934 -0.6786095 0
vn -0.7345041 -0.4798502 0.4798412
vn -0.80273414 0.42166913 -0.4216789
vn -0.7345041 -0.4798502 0.4798412
vn -0.7345078 -0.47984514 0.47984058
vn -0.73450905 -1.0069434E-06 0.67859894
vn -0.7345072 8.2087575E-07 0.67860097
vn -0.7345072 8.2087575E-07 0.67860097
vn -0.73450905 -1.0069434E-06 0.67859894
vn -0.73451006 0.47984013 0.4798421
vn -0.73450536 0.4798462 0.4798432
vn -0.73450536 0.4798462 0.4798432
vn -0.73451006 0.47984013 0.4798421
vn -0.7345094 0.6785985 0
vn -0.73450303 0.6786055 0
vn -0.73450303 0.6786055 0
vn -0.7345094 0.6785985 0
vn -0.73451006 0.47984013 -0.4798421
vn -0.73450476 0.47984764 -0.47984278
vn -0.73450476 0.47984764 -0.47984278
vn -0.73451006 0.47984013 -0.4798421
vn -0.73450905 -1.0069434E-06 -0.67859894
vn -0.7345072 8.2087575E-07 -0.67860097
vn -0.7345072 8.2087575E-07 -0.67860097
vn -0.73450905 -1.0069434E-06 -0.67859894
vn -0.7345078 -0.47984514 -0.47984058
vn -0.7345047 -0.4798488 -0.4798416
vn -0.7345047 -0.4798488 -0.4798416
vn -0.7345078 -0.47984514 -0.47984058
vn -0.7345039 -0.6786044 0
vn -0.73449934 -0.6786095 0
vn -0.73449934 -0.6786095 0
vn -0.7345039 -0.6786044 0
vn -0.7345078 -0.47984514 0.47984058
vn -0.7345041 -0.4798502 0.4798412
vn -0.24155544 0.03785646 0.96964836
vn -0.27072182 0.08451233 0.9589408
vn -0.24155544 0.03785646 0.96964836
vn -0.21163002 -0.008918355 0.97730917
vn -0 0.38489974 0.92295843
vn -0 0.38489974 0.92295843
vn -0 0.38489974 0.92295843
vn -1.932929E-05 0.38475835 0.9230174
vn -3.0845255E-05 0.3847885 0.9230048
vn -9.0475405E-06 0.38466558 0.923056
vn -0 0.3845104 0.9231207
vn -0 0.38450935 0.9231211
vn -0 0.3845104 0.9231207
vn -0 0.3845104 0.9231207
vn -0 0.3845104 0.9231207
vn -0 0.3845089 0.92312133
vn 4.0920332E-07 0.38450935 0.9231211
vn 4.0920332E-07 0.38450935 0.9231211
vn 4.0920332E-07 0.38450935 0.9231211
vn -0.35860172 0.9334907 0
vn -0.35860172 0.9334907 0
vn -0.35860172 0.9334907 0
vn -0.048599917 0.9988177 -0.001160784
vn -0.048599917 0.9988177 -0.001160784
vn -0.048599917 0.9988177 -0.001160784
vn -0.048245095 0.99883556 1.6609565E-05
vn -0.048245095 0.99883556 1.6609565E-05
vn -0.04886753 0.9988051 0.00062906253
vn -0.7812755 0.62418646 0
vn -0.7812755 0.62418646 0
vn -0 1 0
vn -0 1 0
vn -0.975323 -0.22078267 0
vn -0.975323 -0.22078267 0
vn -0.7812755 0.62418646 0
vn -0.7812755 0.62418646 0
vn -0.52175283 -0.8530968 -8.255073E-06
vn -0.52175283 -0.8530968 -8.255073E-06
vn -0.52175283 -0.8530968 -8.255073E-06
vn -0.52175283 -0.8530968 -8.255073E-06
vn -0.43191227 0.90190893 -0.0034741596
vn -0.43191227 0.90190893 -0.0034741596
vn -0.8121594 0.58335996 -0.009395003
vn -0.8121594 0.58335996 -0.009395003
vn -0.51555896 0.85685414 0
vn -0.51555896 0.85685414 0
vn -0.39937237 0.9167888 0
vn -0.39937237 0.9167888 0
vn -0 1 0
vn -0 1 0
vn -0.9533218 0.3017548 -0.011027966
vn -0.9533218 0.3017548 -0.011027966
vn 1.8112289E-06 0 1
vn 1.8112289E-06 0 1
vn 1.8112289E-06 0 1
vn -0 1.6700471E-07 1
vn -3.9014895E-07 6.890517E-07 1
vn 1.3232805E-07 -1.8803762E-07 1
vn 1.3232805E-07 -1.8803762E-07 1
vn -1 -3.436419E-07 2.3606526E-07
vn -1 0 0
vn -1 -7.9766994E-07 0
vn -1 -5.383816E-06 0
vn -1 -1.30432E-06 0
vn -1 -3.270815E-06 0
vn -1 -2.3647733E-06 0
vn -1 0 0
vn -1 0 5.9016315E-07
vn -0.99999833 -0.0004663742 -0.0017800353
vn -0.9999994 0.00045218726 -0.0010387155
vn -0.99999785 -0.00029492477 -0.0020766256
vn -0.99999905 0.0013707469 -0.00029739487
vn -0.99999714 0.0023987174 -2.7883752E-06
vn -1 -2.431755E-06 0
vn -1 -2.3647733E-06 0
vn -1 -2.431755E-06 0
vn -1 0 0
vn -1 0 0
vn -1 0 0
vn -1 0 0
vn -1 0 -3.671359E-07
vn -1 -0.0003265918 0.000120793746
vn -0.9999999 0.000584744 8.10329E-05
vn -0.99999964 0.0008771163 0.00012173296
vn -0.99999714 0.002407414 1.5110438E-06
vn -1 -1.2325524E-06 0
vn -1 -1.2325524E-06 0
vn -1 -2.498737E-06 0
vn -1 -2.498737E-06 0
vn -1 -2.501303E-06 0
vn -1 -2.501303E-06 0
vn -0.18079163 0.37368387 0.9097664
vn -0.10592706 0.39554974 0.91231567
vn -0.18079163 0.37368387 0.9097664
vn -0.25455528 0.34954244 0.9016772
vn 2.2171027E-07 8.540942E-07 1
vn 2.2171027E-07 8.540942E-07 1
vn 2.2171027E-07 8.540942E-07 1
vn 2.2171027E-07 8.540942E-07 1
vn 2.2463054E-07 0.38466385 0.9230568
vn 2.2463054E-07 0.38466385 0.9230568
vn 2.2463054E-07 0.38466385 0.9230568
vn 2.2463054E-07 0.38466385 0.9230568
vn -0 0.384509 0.9231213
vn -0 0.384509 0.9231213
vn -0 0.384509 0.9231213
vn -0 0.384509 0.9231213
vn -0 -0.9173698 0.39803618
vn -0 -0.9173698 0.39803618
vn -0 -0.9173698 0.39803618
vn -0 -0.9173698 0.39803618
vn 0.91715276 0 0.39853588
vn 0.91715276 0 0.39853588
vn 0.91715276 0 0.39853588
vn 0.91715276 0 0.39853588
vn 0.0003443191 0.9173419 0.39810014
vn 0.0003443191 0.9173419 0.39810014
vn 0.0003443191 0.9173419 0.39810014
vn 0.0003443191 0.9173419 0.39810014
vn 0.00027880262 -0.69745266 0.7166308
vn 0.00027880262 -0.69745266 0.7166308
vn 0.00027880262 -0.69745266 0.7166308
vn 0.00027880262 -0.69745266 0.7166308
vn 0.9171524 0.15330115 0.36787263
vn 0.9171524 0.15330115 0.36787263
vn 0.9171524 0.15330115 0.36787263
vn 0.9171524 0.15330115 0.36787263
vn -0.00020810621 0.9999471 0.01029296
vn -0.00020810621 0.9999471 0.01029296
vn -0.00020810621 0.9999471 0.01029296
vn -0.00020810621 0.9999471 0.01029296
vn 0.0002558079 -0.69745827 0.71662545
vn 0.0002558079 -0.69745827 0.71662545
vn 0.0002558079 -0.69745827 0.71662545
vn 0.0002558079 -0.69745827 0.71662545
vn 0.9171527 0.15324108 0.36789683
vn 0.9171527 0.15324108 0.36789683
vn 0.9171527 0.15324108 0.36789683
vn 0.9171527 0.15324108 0.36789683
vn -0.00014034595 0.9999547 0.009516229
vn -0.00014034595 0.9999547 0.009516229
vn -0.00014034595 0.9999547 0.009516229
vn -0.00014034595 0.9999547 0.009516229
vn -0 1.0161028E-06 1
vn -0 1.0161028E-06 1
vn -0 1.0161028E-06 1
vn -0 5.908422E-07 1
vn -0 2.522328E-07 1
vn -0 2.522328E-07 1
vn -0 2.522328E-07 1
vn -0 2.522328E-07 1
vn -0 0.1129815 0.9935971
vn -0 0.1129815 0.9935971
vn -0 0.35910082 0.9332988
vn -0 0.35910082 0.9332988
vn -0 0 1
vn -0 0 1
vn -0 0 1
vn -0 0 1
vn -0 0 1
vn -0 0 1
vn -0 0 1
vn -0 0 1
vn -0 0 1
vn -0 0 1
vn -0 0 1
vn -0 0 1
vn -0 0 1
vn -0 0.4865723 0.87364036
vn -0 0.4865723 0.87364036
vn -0 0 1
vn -0 0 1
vn -0 0 1
vn -0 0 1
vn -0 0 1
vn -0 0 1
vn -0 0 1
vn -0 0 1
vn -0 0 1
vn -0 0 1
vn -0 0 1
vn -0 0 1
vn -0 0 1
vn -0 0 1
vn -0 0 1
vn -0 0 1
vn -0 0 1
vn -0 0 1
vn -0 0 1
vn -0 0 1
vn -0 0 1
vn -0 0 1
vn -0 0 1
vn -0 0 1
vn -0 0 1
vn -0 0 1
vn -0 0 1
vn -0 0 1
vn -0 0 1
vn -0 0 1
vn -0 0 1
vn -0 0 1
vn -0 0 1
vn -0 0 1
vn -0 0 1
vn -0 0 1
vn -0 0 1
vn -0 0 1
vn -0 0 1
vn -0 0 1
vn -0 0 1
vn -0 0 1
vn -0 0 1
vn -0 0 1
vn -0 0 1
vn -0 0 1
vn -0 0 1
vn -0 0 1
vn -0 0 1
vn -0 0 1
vn -0 0 1
vn -0 0 1
vn -0 0 1
vn -0 0 1
vn -0 0 1
vn -0 0 1
vn -0 0 1
vn -0 0 1
vn -0 0 1
vn -0 0 1
vn -0 0 1
vn -0 0 1
vn -0 0 1
vn -0 0 1
vn -0 0 1
vn -0 0.1129815 0.9935971
vn -0 0 1
vn -0 0 1
vn -0 0.112981535 0.9935971
vn -0 0.112981535 0.9935971
vn -0 0.35910082 0.9332988
vn -0 0.35910082 0.9332988
vn -0 0 1
vn -0 0 1
vn -0 0 1
vn -0 0 1
vn -0 0 1
vn -0 0 1
vn -0 0 1
vn -0 0 1
vn -0 0 1
vn -0 0 1
vn -0 0 1
vn -0 0 1
vn -0 0 1
vn -0 0.48657227 0.87364036
vn -0 0.48657227 0.87364036
vn -0 0 1
vn -0 0 1
vn -0 0 1
vn -0 0 1
vn -0 0 1
vn -0 0 1
vn -0 0 1
vn -0 0 1
vn -0 0 1
vn -0 0 1
vn -0 0 1
vn -0 0 1
vn -0 0 1
vn -0 0 1
vn -0 0 1
vn -0 0 1
vn -0 0 1
vn -0 0 1
vn -0 -3.0132924E-07 1
vn -0 0.112981394 0.99359715
vn -0 0.112981394 0.99359715
vn -0 -3.0132924E-07 1
vn -0 0.35910082 0.9332988
vn -0 0.35910082 0.9332988
vn -0 0.48657236 0.87364036
vn -0 0.48657236 0.87364036
vn -0 -3.0132924E-07 1
vn -0 -3.0132924E-07 1
vn -0 -3.0132924E-07 1
vn -0 -3.0132924E-07 1
vn -0 -3.0132924E-07 1
vn -0 -3.0132924E-07 1
vn -0 -3.0132924E-07 1
vn -0 -3.0132924E-07 1
vn -0 -3.0132924E-07 1
vn -0 -3.0132924E-07 1
vn -0 -3.0132924E-07 1
vn -0 -3.0132924E-07 1
vn -0 -3.0132924E-07 1
vn -0 -3.0132924E-07 1
vn -0 -3.0132924E-07 1
vn -0 -3.0132924E-07 1
vn -0 -3.0132924E-07 1
vn -0 -3.0132924E-07 1
vn -0 -3.0132924E-07 1
vn -0 -3.0132924E-07 1
vn -0 -3.0132924E-07 1
vn -0 -3.0132924E-07 1
vn -0 -3.0132924E-07 1
vn -0 0.112981394 0.99359715
vn -0 -3.0132924E-07 1
vn -0 -3.0132924E-07 1
vn -0.022009581 -0.028996216 0.9993372
vn -0.022009581 -0.028996216 0.9993372
vn -0.022009581 -0.028996216 0.9993372
vn -0.022009512 -0.028996294 0.9993372
vn -0.022009512 -0.028996294 0.9993372
vn -0.022009512 -0.028996294 0.9993372
g mesh_0
f 3/3/3 2/2/2 1/1/1
f 6/6/6 5/5/5 4/4/4
f 7/7/7 6/6/6 4/4/4
f 5/5/5 8/8/8 4/4/4
f 8/8/8 9/9/9 4/4/4
f 8/8/8 10/10/10 9/9/9
f 10/10/10 11/11/11 9/9/9
f 12/12/12 11/11/11 10/10/10
f 6/6/6 13/13/13 5/5/5
f 5/5/5 14/14/14 8/8/8
f 13/13/13 14/14/14 5/5/5
f 8/8/8 15/15/15 10/10/10
f 16/16/16 15/15/15 8/8/8
f 16/16/16 8/8/8 14/14/14
f 17/17/17 15/15/15 16/16/16
f 15/15/15 17/17/17 18/18/18
f 19/19/19 15/15/15 18/18/18
f 19/19/19 18/18/18 20/20/20
f 18/18/18 21/21/21 20/20/20
f 10/10/10 15/15/15 22/22/22
f 22/22/22 15/15/15 23/23/23
f 23/23/23 15/15/15 19/19/19
f 12/12/12 10/10/10 24/24/24
f 24/24/24 10/10/10 22/22/22
f 20/20/20 21/21/21 25/25/25
f 21/21/21 26/26/26 25/25/25
f 25/25/25 26/26/26 27/27/27
f 25/25/25 27/27/27 28/28/28
f 27/27/27 29/29/29 28/28/28
f 28/28/28 29/29/29 30/30/30
f 29/29/29 31/31/31 30/30/30
f 32/32/32 30/30/30 31/31/31
f 32/32/32 33/33/33 30/30/30
f 33/33/33 34/34/34 30/30/30
f 33/33/33 35/35/35 34/34/34
f 35/35/35 36/36/36 34/34/34
f 21/21/21 37/37/37 26/26/26
f 18/18/18 37/37/37 21/21/21
f 18/18/18 17/17/17 37/37/37
f 40/40/40 39/39/39 38/38/38
f 41/41/41 40/40/40 38/38/38
f 38/38/38 39/39/39 42/42/42
f 43/43/43 38/38/38 42/42/42
f 43/43/43 42/42/42 44/44/44
f 45/45/45 43/43/43 44/44/44
f 45/45/45 44/44/44 46/46/46
f 47/47/47 45/45/45 46/46/46
f 50/50/50 49/49/49 48/48/48
f 51/51/51 50/50/50 48/48/48
f 48/48/48 49/49/49 52/52/52
f 53/53/53 48/48/48 52/52/52
f 53/53/53 52/52/52 54/54/54
f 55/55/55 53/53/53 54/54/54
f 55/55/55 54/54/54 56/56/56
f 57/57/57 55/55/55 56/56/56
f 60/60/60 59/59/59 58/58/58
f 61/61/61 60/60/60 58/58/58
f 58/58/58 59/59/59 62/62/62
f 63/63/63 58/58/58 62/62/62
f 63/63/63 62/62/62 64/64/64
f 65/65/65 63/63/63 64/64/64
f 65/65/65 64/64/64 66/66/66
f 67/67/67 65/65/65 66/66/66
f 70/70/70 69/69/69 68/68/68
f 71/71/71 70/70/70 68/68/68
f 70/70/70 72/72/72 69/69/69
f 72/72/72 73/73/73 69/69/69
f 73/73/73 74/74/74 69/69/69
f 75/75/75 71/71/71 68/68/68
f 75/75/75 76/76/76 71/71/71
f 76/76/76 75/75/75 77/77/77
f 78/78/78 76/76/76 77/77/77
f 79/79/79 78/78/78 77/77/77
f 80/80/80 79/79/79 77/77/77
f 81/81/81 79/79/79 80/80/80
f 82/82/82 81/81/81 80/80/80
f 83/83/83 81/81/81 82/82/82
f 68/68/68 69/69/69 84/84/84
f 85/85/85 84/84/84 69/69/69
f 88/88/88 87/87/87 86/86/86
f 88/88/88 86/86/86 89/89/89
f 88/88/88 89/89/89 90/90/90
f 89/89/89 91/91/91 90/90/90
f 92/92/92 91/91/91 89/89/89
f 92/92/92 89/89/89 86/86/86
f 92/92/92 86/86/86 93/93/93
f 94/94/94 92/92/92 93/93/93
f 95/95/95 94/94/94 93/93/93
f 96/96/96 95/95/95 93/93/93
f 96/96/96 93/93/93 97/97/97
f 98/98/98 96/96/96 97/97/97
f 99/99/99 98/98/98 97/97/97
f 100/100/100 87/87/87 88/88/88
f 101/101/101 100/100/100 88/88/88
f 102/102/102 101/101/101 88/88/88
f 13/13/13 103/103/103 14/14/14
f 106/106/106 105/105/105 104/104/104
f 107/107/107 106/106/106 104/104/104
f 108/108/108 106/106/106 107/107/107
f 109/109/109 108/108/108 107/107/107
f 110/110/110 109/109/109 107/107/107
f 111/111/111 109/109/109 110/110/110
f 112/112/112 111/111/111 110/110/110
f 111/111/111 112/112/112 113/113/113
f 112/112/112 114/114/114 113/113/113
g mesh_1
f 117/117/117 116/116/116 115/115/115
f 118/118/118 117/117/117 115/115/115
f 115/115/115 116/116/116 119/119/119
f 116/116/116 120/120/120 119/119/119
f 119/119/119 120/120/120 121/121/121
f 120/120/120 122/122/122 121/121/121
f 116/116/116 123/123/123 120/120/120
f 117/117/117 123/123/123 116/116/116
f 117/117/117 124/124/124 123/123/123
f 124/124/124 125/125/125 123/123/123
f 126/126/126 125/125/125 124/124/124
f 127/127/127 126/126/126 124/124/124
f 128/128/128 126/126/126 127/127/127
f 129/129/129 128/128/128 127/127/127
f 130/130/130 128/128/128 129/129/129
f 131/131/131 130/130/130 129/129/129
f 132/132/132 130/130/130 131/131/131
f 133/133/133 132/132/132 131/131/131
f 125/125/125 134/134/134 123/123/123
f 123/123/123 134/134/134 135/135/135
f 123/123/123 135/135/135 120/120/120
f 120/120/120 135/135/135 122/122/122
f 134/134/134 136/136/136 135/135/135
f 135/135/135 136/136/136 137/137/137
f 135/135/135 137/137/137 122/122/122
f 136/136/136 138/138/138 137/137/137
f 139/139/139 133/133/133 131/131/131
f 129/129/129 127/127/127 140/140/140
f 141/141/141 129/129/129 140/140/140
f 131/131/131 129/129/129 141/141/141
f 141/141/141 140/140/140 142/142/142
f 143/143/143 131/131/131 141/141/141
f 139/139/139 131/131/131 143/143/143
f 143/143/143 141/141/141 144/144/144
f 139/139/139 143/143/143 144/144/144
f 144/144/144 141/141/141 142/142/142
f 132/132/132 145/145/145 130/130/130
f 145/145/145 146/146/146 130/130/130
f 134/134/134 147/147/147 136/136/136
f 148/148/148 147/147/147 134/134/134
f 125/125/125 148/148/148 134/134/134
f 149/149/149 148/148/148 125/125/125
f 126/126/126 149/149/149 125/125/125
f 150/150/150 149/149/149 126/126/126
f 146/146/146 150/150/150 128/128/128
f 128/128/128 150/150/150 126/126/126
f 130/130/130 146/146/146 128/128/128
f 142/142/142 140/140/140 151/151/151
f 142/142/142 151/151/151 152/152/152
f 152/152/152 151/151/151 118/118/118
f 151/151/151 117/117/117 118/118/118
f 151/151/151 124/124/124 117/117/117
f 127/127/127 124/124/124 151/151/151
f 140/140/140 127/127/127 151/151/151
f 147/147/147 153/153/153 136/136/136
f 136/136/136 153/153/153 138/138/138
f 153/153/153 154/154/154 138/138/138
f 138/138/138 154/154/154 155/155/155
f 154/154/154 156/156/156 155/155/155
f 155/155/155 156/156/156 157/157/157
f 155/155/155 157/157/157 158/158/158
f 137/137/137 138/138/138 155/155/155
f 137/137/137 155/155/155 159/159/159
f 159/159/159 155/155/155 158/158/158
f 159/159/159 158/158/158 160/160/160
f 161/161/161 159/159/159 160/160/160
f 137/137/137 159/159/159 161/161/161
f 122/122/122 137/137/137 161/161/161
f 160/160/160 158/158/158 162/162/162
f 158/158/158 163/163/163 162/162/162
f 158/158/158 164/164/164 163/163/163
f 158/158/158 157/157/157 164/164/164
f 164/164/164 165/165/165 163/163/163
f 162/162/162 163/163/163 166/166/166
f 162/162/162 166/166/166 167/167/167
f 168/168/168 162/162/162 167/167/167
f 168/168/168 167/167/167 169/169/169
f 170/170/170 168/168/168 169/169/169
f 171/171/171 168/168/168 170/170/170
f 171/171/171 162/162/162 168/168/168
f 171/171/171 160/160/160 162/162/162
f 172/172/172 160/160/160 171/171/171
f 172/172/172 161/161/161 160/160/160
f 121/121/121 161/161/161 172/172/172
f 121/121/121 122/122/122 161/161/161
f 167/167/167 166/166/166 173/173/173
f 166/166/166 174/174/174 173/173/173
f 173/173/173 174/174/174 175/175/175
f 174/174/174 176/176/176 175/175/175
f 175/175/175 176/176/176 177/177/177
f 175/175/175 177/177/177 178/178/178
f 179/179/179 175/175/175 178/178/178
f 173/173/173 175/175/175 179/179/179
f 173/173/173 179/179/179 180/180/180
f 181/181/181 173/173/173 180/180/180
f 167/167/167 173/173/173 181/181/181
f 169/169/169 167/167/167 181/181/181
f 176/176/176 182/182/182 177/177/177
f 176/176/176 183/183/183 182/182/182
f 184/184/184 183/183/183 176/176/176
f 174/174/174 184/184/184 176/176/176
f 184/184/184 185/185/185 183/183/183
f 185/185/185 186/186/186 183/183/183
f 183/183/183 186/186/186 187/187/187
f 183/183/183 187/187/187 182/182/182
f 188/188/188 187/187/187 186/186/186
f 188/188/188 186/186/186 189/189/189
f 189/189/189 186/186/186 190/190/190
f 191/191/191 189/189/189 190/190/190
f 179/179/179 178/178/178 192/192/192
f 180/180/180 179/179/179 192/192/192
f 190/190/190 186/186/186 193/193/193
f 194/194/194 193/193/193 186/186/186
f 185/185/185 194/194/194 186/186/186
f 185/185/185 195/195/195 194/194/194
f 190/190/190 193/193/193 196/196/196
f 197/197/197 190/190/190 196/196/196
f 191/191/191 190/190/190 197/197/197
f 191/191/191 197/197/197 198/198/198
f 199/199/199 191/191/191 198/198/198
f 189/189/189 191/191/191 199/199/199
f 199/199/199 198/198/198 200/200/200
f 197/197/197 196/196/196 201/201/201
f 198/198/198 197/197/197 201/201/201
f 198/198/198 201/201/201 202/202/202
f 198/198/198 202/202/202 200/200/200
f 200/200/200 202/202/202 203/203/203
f 199/199/199 200/200/200 203/203/203
f 202/202/202 204/204/204 203/203/203
f 203/203/203 204/204/204 205/205/205
f 206/206/206 203/203/203 205/205/205
f 199/199/199 203/203/203 206/206/206
f 206/206/206 205/205/205 207/207/207
f 208/208/208 206/206/206 207/207/207
f 207/207/207 205/205/205 209/209/209
f 205/205/205 210/210/210 209/209/209
f 204/204/204 210/210/210 205/205/205
f 210/210/210 211/211/211 209/209/209
f 202/202/202 212/212/212 204/204/204
f 201/201/201 212/212/212 202/202/202
f 213/213/213 199/199/199 206/206/206
f 213/213/213 189/189/189 199/199/199
f 216/216/216 215/215/215 214/214/214
f 219/219/219 218/218/218 217/217/217
f 221/221/221 219/219/219 220/220/220
f 222/222/222 221/221/221 220/220/220
f 222/222/222 223/223/223 221/221/221
f 222/222/222 224/224/224 223/223/223
f 224/224/224 225/225/225 223/223/223
f 224/224/224 226/226/226 225/225/225
f 226/226/226 227/227/227 225/225/225
f 227/227/227 226/226/226 228/228/228
f 229/229/229 226/226/226 224/224/224
f 230/230/230 229/229/229 224/224/224
f 231/231/231 229/229/229 230/230/230
f 232/232/232 231/231/231 230/230/230
f 231/231/231 232/232/232 233/233/233
f 233/233/233 232/232/232 234/234/234
f 232/232/232 235/235/235 234/234/234
f 236/236/236 231/231/231 233/233/233
f 229/229/229 231/231/231 132/132/132
f 133/133/133 229/229/229 132/132/132
f 226/226/226 229/229/229 133/133/133
f 139/139/139 226/226/226 133/133/133
f 228/228/228 226/226/226 139/139/139
f 231/231/231 236/236/236 145/145/145
f 132/132/132 231/231/231 145/145/145
f 235/235/235 232/232/232 237/237/237
f 238/238/238 228/228/228 139/139/139
f 234/234/234 235/235/235 239/239/239
f 235/235/235 240/240/240 239/239/239
f 235/235/235 237/237/237 240/240/240
f 230/230/230 241/241/241 240/240/240
f 239/239/239 240/240/240 242/242/242
f 240/240/240 243/243/243 242/242/242
f 242/242/242 243/243/243 244/244/244
f 243/243/243 245/245/245 244/244/244
f 240/240/240 241/241/241 246/246/246
f 245/245/245 243/243/243 246/246/246
f 244/244/244 245/245/245 247/247/247
f 245/245/245 248/248/248 247/247/247
f 245/245/245 246/246/246 248/248/248
f 246/246/246 249/249/249 248/248/248
f 237/237/237 220/220/220 250/250/250
f 237/237/237 224/224/224 222/222/222
f 230/230/230 222/222/222 251/251/251
f 165/165/165 252/252/252 184/184/184
f 184/184/184 252/252/252 185/185/185
f 252/252/252 195/195/195 185/185/185
f 252/252/252 253/253/253 195/195/195
f 165/165/165 253/253/253 252/252/252
f 165/165/165 254/254/254 253/253/253
f 163/163/163 165/165/165 184/184/184
f 163/163/163 184/184/184 166/166/166
f 166/166/166 184/184/184 174/174/174
f 255/255/255 254/254/254 165/165/165
f 164/164/164 255/255/255 165/165/165
f 256/256/256 255/255/255 164/164/164
f 157/157/157 256/256/256 164/164/164
f 156/156/156 256/256/256 157/157/157
f 259/259/259 258/258/258 257/257/257
f 261/261/261 260/260/260 257/257/257
f 263/263/263 260/260/260 262/262/262
f 218/218/218 265/265/265 264/264/264
f 218/218/218 267/267/267 266/266/266
f 268/268/268 218/218/218 266/266/266
f 270/270/270 267/267/267 269/269/269
f 270/270/270 269/269/269 271/271/271
f 272/272/272 270/270/270 271/271/271
f 272/272/272 273/273/273 270/270/270
f 270/270/270 273/273/273 267/267/267
f 272/272/272 274/274/274 273/273/273
f 276/276/276 271/271/271 275/275/275
f 274/274/274 278/278/278 277/277/277
f 281/281/281 280/280/280 279/279/279
f 284/284/284 283/283/283 282/282/282
f 285/285/285 284/284/284 282/282/282
f 286/286/286 282/282/282 283/283/283
f 287/287/287 286/286/286 283/283/283
f 284/284/284 288/288/288 283/283/283
f 288/288/288 289/289/289 283/283/283
f 287/287/287 283/283/283 289/289/289
f 290/290/290 287/287/287 289/289/289
f 290/290/290 291/291/291 287/287/287
f 286/286/286 292/292/292 282/282/282
f 292/292/292 293/293/293 282/282/282
f 285/285/285 282/282/282 293/293/293
f 294/294/294 285/285/285 293/293/293
f 290/290/290 296/296/296 295/295/295
f 297/297/297 290/290/290 295/295/295
f 296/296/296 299/299/299 298/298/298
f 300/300/300 296/296/296 298/298/298
f 303/303/303 302/302/302 301/301/301
f 304/304/304 303/303/303 301/301/301
f 301/301/301 302/302/302 305/305/305
f 302/302/302 306/306/306 305/305/305
f 307/307/307 301/301/301 305/305/305
f 308/308/308 307/307/307 305/305/305
f 304/304/304 301/301/301 309/309/309
f 301/301/301 307/307/307 309/309/309
f 304/304/304 309/309/309 310/310/310
f 313/313/313 312/312/312 311/311/311
f 311/311/311 314/314/314 313/313/313
f 312/312/312 315/315/315 311/311/311
f 318/318/318 317/317/317 316/316/316
f 319/319/319 318/318/318 316/316/316
f 319/319/319 316/316/316 320/320/320
f 317/317/317 321/321/321 316/316/316
f 322/322/322 319/319/319 320/320/320
f 323/323/323 322/322/322 320/320/320
f 326/326/326 325/325/325 324/324/324
f 326/326/326 327/327/327 325/325/325
f 327/327/327 328/328/328 325/325/325
f 329/329/329 325/325/325 328/328/328
f 332/332/332 331/331/331 330/330/330
f 333/333/333 332/332/332 330/330/330
f 333/333/333 334/334/334 332/332/332
f 335/335/335 334/334/334 333/333/333
f 336/336/336 335/335/335 333/333/333
f 336/336/336 333/333/333 337/337/337
f 337/337/337 333/333/333 330/330/330
f 337/337/337 330/330/330 338/338/338
f 341/341/341 340/340/340 339/339/339
f 342/342/342 341/341/341 339/339/339
f 343/343/343 339/339/339 340/340/340
f 344/344/344 343/343/343 340/340/340
f 347/347/347 346/346/346 345/345/345
f 348/348/348 347/347/347 345/345/345
f 345/345/345 346/346/346 349/349/349
f 350/350/350 345/345/345 349/349/349
f 348/348/348 351/351/351 347/347/347
f 351/351/351 352/352/352 347/347/347
f 347/347/347 352/352/352 353/353/353
f 354/354/354 347/347/347 353/353/353
f 346/346/346 347/347/347 354/354/354
f 349/349/349 346/346/346 355/355/355
f 346/346/346 356/356/356 355/355/355
f 357/357/357 349/349/349 355/355/355
f 355/355/355 356/356/356 358/358/358
f 356/356/356 359/359/359 358/358/358
f 362/362/362 361/361/361 360/360/360
f 363/363/363 362/362/362 360/360/360
f 364/364/364 360/360/360 361/361/361
f 365/365/365 364/364/364 361/361/361
f 364/364/364 366/366/366 360/360/360
f 366/366/366 367/367/367 360/360/360
f 363/363/363 360/360/360 367/367/367
f 370/370/370 369/369/369 368/368/368
f 371/371/371 370/370/370 368/368/368
f 372/372/372 371/371/371 368/368/368
f 375/375/375 374/374/374 373/373/373
f 375/375/375 376/376/376 374/374/374
f 376/376/376 377/377/377 374/374/374
f 378/378/378 375/375/375 373/373/373
f 377/377/377 379/379/379 374/374/374
f 379/379/379 380/380/380 374/374/374
f 378/378/378 373/373/373 381/381/381
f 383/383/383 381/381/381 382/382/382
f 386/386/386 385/385/385 384/384/384
f 389/389/389 388/388/388 387/387/387
f 390/390/390 389/389/389 387/387/387
f 389/389/389 391/391/391 388/388/388
f 391/391/391 392/392/392 388/388/388
f 388/388/388 392/392/392 393/393/393
f 391/391/391 394/394/394 392/392/392
f 394/394/394 395/395/395 392/392/392
f 392/392/392 395/395/395 393/393/393
f 395/395/395 396/396/396 393/393/393
f 393/393/393 396/396/396 397/397/397
f 393/393/393 397/397/397 398/398/398
f 399/399/399 393/393/393 398/398/398
f 388/388/388 393/393/393 399/399/399
f 387/387/387 388/388/388 399/399/399
f 387/387/387 399/399/399 400/400/400
f 400/400/400 399/399/399 401/401/401
f 399/399/399 398/398/398 401/401/401
f 396/396/396 402/402/402 397/397/397
f 405/405/405 404/404/404 403/403/403
f 406/406/406 405/405/405 403/403/403
f 405/405/405 407/407/407 404/404/404
f 410/410/410 409/409/409 408/408/408
f 411/411/411 410/410/410 408/408/408
f 411/411/411 408/408/408 412/412/412
f 410/410/410 411/411/411 413/413/413
f 413/413/413 411/411/411 414/414/414
f 411/411/411 415/415/415 414/414/414
f 415/415/415 411/411/411 416/416/416
f 416/416/416 411/411/411 412/412/412
f 419/419/419 418/418/418 417/417/417
f 420/420/420 419/419/419 417/417/417
f 419/419/419 420/420/420 421/421/421
f 424/424/424 423/423/423 422/422/422
f 427/427/427 426/426/426 425/425/425
f 428/428/428 427/427/427 425/425/425
f 429/429/429 428/428/428 425/425/425
f 432/432/432 431/431/431 430/430/430
f 433/433/433 432/432/432 430/430/430
f 430/430/430 431/431/431 434/434/434
f 431/431/431 435/435/435 434/434/434
f 432/432/432 436/436/436 431/431/431
f 436/436/436 437/437/437 431/431/431
f 440/440/440 439/439/439 438/438/438
f 443/443/443 442/442/442 441/441/441
f 446/446/446 445/445/445 444/444/444
f 447/447/447 446/446/446 444/444/444
f 444/444/444 445/445/445 448/448/448
f 445/445/445 449/449/449 448/448/448
f 452/452/452 451/451/451 450/450/450
f 452/452/452 453/453/453 451/451/451
f 453/453/453 454/454/454 451/451/451
f 457/457/457 456/456/456 455/455/455
f 460/460/460 459/459/459 458/458/458
f 461/461/461 460/460/460 458/458/458
f 458/458/458 459/459/459 462/462/462
f 459/459/459 463/463/463 462/462/462
f 464/464/464 462/462/462 463/463/463
g mesh_2
f 467/467/467 466/466/466 465/465/465
f 468/468/468 466/466/466 467/467/467
f 469/469/469 466/466/466 468/468/468
f 465/465/465 466/466/466 470/470/470
f 470/470/470 466/466/466 469/469/469
f 471/471/471 467/467/467 465/465/465
f 468/468/468 467/467/467 471/471/471
f 468/468/468 471/471/471 472/472/472
f 473/473/473 468/468/468 472/472/472
f 474/474/474 468/468/468 473/473/473
f 474/474/474 469/469/469 468/468/468
f 475/475/475 474/474/474 473/473/473
f 470/470/470 469/469/469 476/476/476
f 472/472/472 477/477/477 473/473/473
f 477/477/477 478/478/478 473/473/473
f 473/473/473 478/478/478 479/479/479
f 475/475/475 473/473/473 479/479/479
f 480/480/480 478/478/478 477/477/477
f 480/480/480 481/481/481 478/478/478
f 482/482/482 478/478/478 481/481/481
f 479/479/479 478/478/478 482/482/482
f 483/483/483 479/479/479 482/482/482
f 480/480/480 477/477/477 484/484/484
f 487/487/487 486/486/486 485/485/485
f 488/488/488 486/486/486 487/487/487
f 489/489/489 486/486/486 488/488/488
f 490/490/490 486/486/486 489/489/489
f 493/493/493 492/492/492 491/491/491
f 494/494/494 493/493/493 491/491/491
f 493/493/493 495/495/495 492/492/492
f 496/496/496 495/495/495 493/493/493
f 495/495/495 497/497/497 492/492/492
f 499/499/499 498/498/498 494/494/494
f 499/499/499 496/496/496 498/498/498
f 500/500/500 499/499/499 494/494/494
f 503/503/503 502/502/502 501/501/501
f 504/504/504 503/503/503 501/501/501
f 505/505/505 503/503/503 504/504/504
f 506/506/506 505/505/505 504/504/504
f 503/503/503 507/507/507 502/502/502
f 507/507/507 508/508/508 502/502/502
f 509/509/509 507/507/507 503/503/503
f 505/505/505 509/509/509 503/503/503
f 504/504/504 501/501/501 510/510/510
f 511/511/511 504/504/504 510/510/510
f 506/506/506 504/504/504 511/511/511
f 511/511/511 510/510/510 512/512/512
f 513/513/513 511/511/511 512/512/512
f 514/514/514 511/511/511 513/513/513
f 514/514/514 506/506/506 511/511/511
f 517/517/517 516/516/516 515/515/515
f 518/518/518 517/517/517 515/515/515
f 519/519/519 517/517/517 518/518/518
f 520/520/520 519/519/519 518/518/518
f 523/523/523 522/522/522 521/521/521
f 524/524/524 522/522/522 523/523/523
f 524/524/524 526/526/526 525/525/525
f 527/527/527 524/524/524 525/525/525
f 527/527/527 525/525/525 528/528/528
f 528/528/528 525/525/525 529/529/529
f 525/525/525 530/530/530 529/529/529
f 525/525/525 523/523/523 530/530/530
f 531/531/531 527/527/527 528/528/528
f 532/532/532 521/521/521 530/530/530
f 535/535/535 534/534/534 533/533/533
f 535/535/535 533/533/533 536/536/536
f 537/537/537 535/535/535 536/536/536
f 538/538/538 535/535/535 537/537/537
f 538/538/538 534/534/534 539/539/539
f 540/540/540 538/538/538 537/537/537
f 540/540/540 537/537/537 541/541/541
f 542/542/542 540/540/540 541/541/541
f 542/542/542 541/541/541 543/543/543
f 543/543/543 541/541/541 544/544/544
f 541/541/541 545/545/545 544/544/544
f 537/537/537 536/536/536 545/545/545
f 541/541/541 537/537/537 545/545/545
f 546/546/546 542/542/542 543/543/543
f 549/549/549 548/548/548 547/547/547
f 550/550/550 549/549/549 547/547/547
f 549/549/549 551/551/551 548/548/548
f 551/551/551 552/552/552 548/548/548
f 551/551/551 553/553/553 552/552/552
f 553/553/553 554/554/554 552/552/552
f 553/553/553 555/555/555 554/554/554
f 554/554/554 555/555/555 556/556/556
f 550/550/550 547/547/547 557/557/557
f 558/558/558 550/550/550 557/557/557
f 561/561/561 560/560/560 559/559/559
f 562/562/562 561/561/561 559/559/559
f 561/561/561 563/563/563 560/560/560
f 563/563/563 564/564/564 560/560/560
f 563/563/563 565/565/565 564/564/564
f 565/565/565 566/566/566 564/564/564
f 565/565/565 567/567/567 566/566/566
f 567/567/567 568/568/568 566/566/566
f 569/569/569 568/568/568 567/567/567
f 569/569/569 567/567/567 570/570/570
f 562/562/562 559/559/559 571/571/571
f 572/572/572 562/562/562 571/571/571
f 575/575/575 574/574/574 573/573/573
f 576/576/576 574/574/574 575/575/575
f 573/573/573 574/574/574 577/577/577
f 580/580/580 579/579/579 578/578/578
f 581/581/581 579/579/579 580/580/580
f 582/582/582 579/579/579 581/581/581
f 583/583/583 579/579/579 582/582/582
f 586/586/586 585/585/585 584/584/584
f 587/587/587 586/586/586 584/584/584
f 588/588/588 586/586/586 587/587/587
f 589/589/589 588/588/588 587/587/587
f 588/588/588 590/590/590 586/586/586
f 590/590/590 591/591/591 586/586/586
f 586/586/586 591/591/591 585/585/585
f 591/591/591 592/592/592 585/585/585
f 595/595/595 594/594/594 593/593/593
f 595/595/595 593/593/593 596/596/596
f 597/597/597 595/595/595 596/596/596
f 600/600/600 599/599/599 598/598/598
f 600/600/600 598/598/598 601/601/601
f 602/602/602 600/600/600 601/601/601
f 605/605/605 604/604/604 603/603/603
f 606/606/606 605/605/605 603/603/603
f 605/605/605 607/607/607 604/604/604
f 607/607/607 608/608/608 604/604/604
f 611/611/611 610/610/610 609/609/609
f 612/612/612 611/611/611 609/609/609
f 611/611/611 613/613/613 610/610/610
f 613/613/613 614/614/614 610/610/610
f 617/617/617 616/616/616 615/615/615
f 618/618/618 617/617/617 615/615/615
f 617/617/617 619/619/619 616/616/616
f 619/619/619 620/620/620 616/616/616
f 623/623/623 622/622/622 621/621/621
f 624/624/624 623/623/623 621/621/621
f 623/623/623 625/625/625 622/622/622
f 625/625/625 626/626/626 622/622/622
f 629/629/629 628/628/628 627/627/627
f 630/630/630 628/628/628 629/629/629
f 630/630/630 629/629/629 631/631/631
f 632/632/632 630/630/630 631/631/631
f 632/632/632 631/631/631 633/633/633
f 633/633/633 631/631/631 634/634/634
f 631/631/631 635/635/635 634/634/634
f 629/629/629 627/627/627 635/635/635
f 631/631/631 629/629/629 635/635/635
f 636/636/636 632/632/632 633/633/633
f 639/639/639 638/638/638 637/637/637
f 641/641/641 638/638/638 640/640/640
f 641/641/641 640/640/640 642/642/642
f 643/643/643 641/641/641 642/642/642
f 643/643/643 645/645/645 644/644/644
f 644/644/644 645/645/645 646/646/646
f 645/645/645 647/647/647 646/646/646
f 648/648/648 643/643/643 644/644/644
f 649/649/649 637/637/637 647/647/647
f 645/645/645 649/649/649 647/647/647
f 652/652/652 651/651/651 650/650/650
f 652/652/652 650/650/650 653/653/653
f 654/654/654 652/652/652 653/653/653
f 654/654/654 653/653/653 655/655/655
f 656/656/656 654/654/654 655/655/655
f 659/659/659 658/658/658 657/657/657
f 659/659/659 657/657/657 660/660/660
f 661/661/661 659/659/659 660/660/660
f 661/661/661 660/660/660 662/662/662
f 663/663/663 661/661/661 662/662/662
f 666/666/666 665/665/665 664/664/664
f 668/668/668 665/665/665 667/667/667
f 668/668/668 667/667/667 669/669/669
f 670/670/670 668/668/668 669/669/669
f 670/670/670 669/669/669 671/671/671
f 671/671/671 669/669/669 672/672/672
f 669/669/669 673/673/673 672/672/672
f 669/669/669 666/666/666 673/673/673
f 674/674/674 670/670/670 671/671/671
f 675/675/675 664/664/664 673/673/673
f 678/678/678 677/677/677 676/676/676
f 678/678/678 676/676/676 679/679/679
f 680/680/680 678/678/678 679/679/679
f 680/680/680 679/679/679 681/681/681
f 682/682/682 680/680/680 681/681/681
f 685/685/685 684/684/684 683/683/683
f 685/685/685 683/683/683 686/686/686
f 687/687/687 685/685/685 686/686/686
f 687/687/687 686/686/686 688/688/688
f 689/689/689 687/687/687 688/688/688
f 692/692/692 691/691/691 690/690/690
f 694/694/694 691/691/691 693/693/693
f 694/694/694 693/693/693 695/695/695
f 696/696/696 694/694/694 695/695/695
f 696/696/696 695/695/695 697/697/697
f 697/697/697 695/695/695 698/698/698
f 695/695/695 699/699/699 698/698/698
f 695/695/695 692/692/692 699/699/699
f 700/700/700 696/696/696 697/697/697
f 701/701/701 690/690/690 699/699/699
f 704/704/704 703/703/703 702/702/702
f 704/704/704 702/702/702 705/705/705
f 706/706/706 704/704/704 705/705/705
f 706/706/706 705/705/705 707/707/707
f 708/708/708 706/706/706 707/707/707
f 711/711/711 710/710/710 709/709/709
f 711/711/711 709/709/709 712/712/712
f 713/713/713 711/711/711 712/712/712
f 713/713/713 712/712/712 714/714/714
f 715/715/715 713/713/713 714/714/714
f 718/718/718 717/717/717 716/716/716
f 718/718/718 716/716/716 719/719/719
f 720/720/720 718/718/718 719/719/719
f 720/720/720 719/719/719 721/721/721
f 722/722/722 720/720/720 721/721/721
f 725/725/725 724/724/724 723/723/723
f 725/725/725 723/723/723 726/726/726
f 727/727/727 725/725/725 726/726/726
f 727/727/727 726/726/726 728/728/728
f 729/729/729 727/727/727 728/728/728
f 732/732/732 731/731/731 730/730/730
f 732/732/732 730/730/730 733/733/733
f 735/735/735 731/731/731 734/734/734
f 736/736/736 734/734/734 733/733/733
f 736/736/736 733/733/733 737/737/737
f 738/738/738 736/736/736 737/737/737
f 739/739/739 736/736/736 738/738/738
f 739/739/739 735/735/735 736/736/736
f 740/740/740 739/739/739 738/738/738
f 735/735/735 741/741/741 736/736/736
f 744/744/744 743/743/743 742/742/742
f 744/744/744 742/742/742 745/745/745
f 747/747/747 743/743/743 746/746/746
f 748/748/748 746/746/746 745/745/745
f 747/747/747 749/749/749 748/748/748
f 750/750/750 747/747/747 748/748/748
f 750/750/750 748/748/748 751/751/751
f 751/751/751 748/748/748 752/752/752
f 753/753/753 745/745/745 752/752/752
f 755/755/755 750/750/750 754/754/754
f 758/758/758 757/757/757 756/756/756
f 758/758/758 756/756/756 759/759/759
f 760/760/760 758/758/758 759/759/759
f 760/760/760 759/759/759 761/761/761
f 762/762/762 760/760/760 761/761/761
f 765/765/765 764/764/764 763/763/763
f 765/765/765 763/763/763 766/766/766
f 767/767/767 765/765/765 766/766/766
f 767/767/767 766/766/766 768/768/768
f 769/769/769 767/767/767 768/768/768
f 772/772/772 771/771/771 770/770/770
f 770/770/770 771/771/771 773/773/773
f 772/772/772 770/770/770 774/774/774
f 775/775/775 772/772/772 774/774/774
f 775/775/775 774/774/774 776/776/776
f 777/777/777 775/775/775 776/776/776
f 776/776/776 774/774/774 778/778/778
f 774/774/774 779/779/779 778/778/778
f 770/770/770 773/773/773 779/779/779
f 774/774/774 770/770/770 779/779/779
f 782/782/782 781/781/781 780/780/780
f 780/780/780 781/781/781 783/783/783
f 782/782/782 780/780/780 784/784/784
f 785/785/785 782/782/782 784/784/784
f 780/780/780 783/783/783 786/786/786
f 784/784/784 780/780/780 786/786/786
f 789/789/789 788/788/788 787/787/787
f 787/787/787 788/788/788 790/790/790
f 789/789/789 787/787/787 791/791/791
f 792/792/792 789/789/789 791/791/791
f 787/787/787 790/790/790 793/793/793
f 791/791/791 787/787/787 793/793/793
f 796/796/796 795/795/795 794/794/794
f 794/794/794 795/795/795 797/797/797
f 796/796/796 799/799/799 798/798/798
f 800/800/800 796/796/796 798/798/798
f 798/798/798 794/794/794 801/801/801
f 802/802/802 797/797/797 801/801/801
f 805/805/805 804/804/804 803/803/803
f 805/805/805 803/803/803 806/806/806
f 807/807/807 805/805/805 806/806/806
f 807/807/807 806/806/806 808/808/808
f 809/809/809 807/807/807 808/808/808
f 809/809/809 808/808/808 810/810/810
f 811/811/811 809/809/809 810/810/810
f 812/812/812 809/809/809 811/811/811
f 813/813/813 812/812/812 811/811/811
f 812/812/812 814/814/814 809/809/809
f 814/814/814 815/815/815 809/809/809
f 816/816/816 805/805/805 815/815/815
f 814/814/814 816/816/816 815/815/815
f 816/816/816 804/804/804 817/817/817
f 820/820/820 819/819/819 818/818/818
f 820/820/820 818/818/818 821/821/821
f 822/822/822 820/820/820 821/821/821
f 825/825/825 824/824/824 823/823/823
f 825/825/825 823/823/823 826/826/826
f 827/827/827 825/825/825 826/826/826
f 830/830/830 829/829/829 828/828/828
f 831/831/831 830/830/830 828/828/828
f 830/830/830 832/832/832 829/829/829
f 832/832/832 833/833/833 829/829/829
f 836/836/836 835/835/835 834/834/834
f 837/837/837 836/836/836 834/834/834
f 836/836/836 838/838/838 835/835/835
f 838/838/838 839/839/839 835/835/835
f 842/842/842 841/841/841 840/840/840
f 843/843/843 842/842/842 840/840/840
f 842/842/842 844/844/844 841/841/841
f 844/844/844 845/845/845 841/841/841
f 848/848/848 847/847/847 846/846/846
f 849/849/849 848/848/848 846/846/846
f 848/848/848 850/850/850 847/847/847
f 850/850/850 851/851/851 847/847/847
f 854/854/854 853/853/853 852/852/852
f 854/854/854 852/852/852 855/855/855
f 856/856/856 854/854/854 855/855/855
f 856/856/856 855/855/855 857/857/857
f 858/858/858 856/856/856 857/857/857
f 861/861/861 860/860/860 859/859/859
f 861/861/861 859/859/859 862/862/862
f 863/863/863 861/861/861 862/862/862
f 863/863/863 862/862/862 864/864/864
f 865/865/865 863/863/863 864/864/864
f 868/868/868 867/867/867 866/866/866
f 868/868/868 866/866/866 869/869/869
f 870/870/870 868/868/868 869/869/869
f 870/870/870 869/869/869 871/871/871
f 872/872/872 870/870/870 871/871/871
f 875/875/875 874/874/874 873/873/873
f 875/875/875 873/873/873 876/876/876
f 877/877/877 875/875/875 876/876/876
f 877/877/877 876/876/876 878/878/878
f 879/879/879 877/877/877 878/878/878
f 882/882/882 881/881/881 880/880/880
f 882/882/882 880/880/880 883/883/883
f 884/884/884 882/882/882 883/883/883
f 884/884/884 883/883/883 885/885/885
f 886/886/886 884/884/884 885/885/885
f 889/889/889 888/888/888 887/887/887
f 889/889/889 887/887/887 890/890/890
f 891/891/891 889/889/889 890/890/890
f 891/891/891 890/890/890 892/892/892
f 893/893/893 891/891/891 892/892/892
f 896/896/896 895/895/895 894/894/894
f 896/896/896 894/894/894 897/897/897
f 898/898/898 896/896/896 897/897/897
f 898/898/898 897/897/897 899/899/899
f 900/900/900 898/898/898 899/899/899
f 903/903/903 902/902/902 901/901/901
f 903/903/903 901/901/901 904/904/904
f 905/905/905 903/903/903 904/904/904
f 905/905/905 904/904/904 906/906/906
f 907/907/907 905/905/905 906/906/906
f 910/910/910 909/909/909 908/908/908
f 910/910/910 908/908/908 911/911/911
f 912/912/912 910/910/910 911/911/911
f 912/912/912 911/911/911 913/913/913
f 914/914/914 912/912/912 913/913/913
f 917/917/917 916/916/916 915/915/915
f 917/917/917 915/915/915 918/918/918
f 919/919/919 917/917/917 918/918/918
f 919/919/919 918/918/918 920/920/920
f 921/921/921 919/919/919 920/920/920
f 924/924/924 923/923/923 922/922/922
f 924/924/924 922/922/922 925/925/925
f 926/926/926 924/924/924 925/925/925
f 926/926/926 925/925/925 927/927/927
f 928/928/928 926/926/926 927/927/927
f 931/931/931 930/930/930 929/929/929
f 931/931/931 929/929/929 932/932/932
f 933/933/933 931/931/931 932/932/932
f 933/933/933 932/932/932 934/934/934
f 935/935/935 933/933/933 934/934/934
f 938/938/938 937/937/937 936/936/936
f 938/938/938 936/936/936 939/939/939
f 940/940/940 938/938/938 939/939/939
f 940/940/940 939/939/939 941/941/941
f 942/942/942 940/940/940 941/941/941
f 945/945/945 944/944/944 943/943/943
f 945/945/945 943/943/943 946/946/946
f 947/947/947 945/945/945 946/946/946
f 947/947/947 946/946/946 948/948/948
f 949/949/949 947/947/947 948/948/948
f 952/952/952 951/951/951 950/950/950
f 952/952/952 950/950/950 953/953/953
f 954/954/954 952/952/952 953/953/953
f 954/954/954 953/953/953 955/955/955
f 956/956/956 954/954/954 955/955/955
f 959/959/959 958/958/958 957/957/957
f 959/959/959 957/957/957 960/960/960
f 961/961/961 959/959/959 960/960/960
f 961/961/961 960/960/960 962/962/962
f 963/963/963 961/961/961 962/962/962
f 966/966/966 965/965/965 964/964/964
f 966/966/966 964/964/964 967/967/967
f 968/968/968 966/966/966 967/967/967
f 968/968/968 967/967/967 969/969/969
f 970/970/970 968/968/968 969/969/969
f 973/973/973 972/972/972 971/971/971
f 973/973/973 971/971/971 974/974/974
f 975/975/975 973/973/973 974/974/974
f 975/975/975 974/974/974 976/976/976
f 977/977/977 975/975/975 976/976/976
f 980/980/980 979/979/979 978/978/978
f 980/980/980 978/978/978 981/981/981
f 982/982/982 980/980/980 981/981/981
f 982/982/982 981/981/981 983/983/983
f 984/984/984 982/982/982 983/983/983
f 987/987/987 986/986/986 985/985/985
f 987/987/987 985/985/985 988/988/988
f 989/989/989 987/987/987 988/988/988
f 989/989/989 988/988/988 990/990/990
f 991/991/991 989/989/989 990/990/990
f 994/994/994 993/993/993 992/992/992
f 994/994/994 992/992/992 995/995/995
f 996/996/996 994/994/994 995/995/995
f 996/996/996 995/995/995 997/997/997
f 998/998/998 996/996/996 997/997/997
f 1001/1001/1001 1000/1000/1000 999/999/999
f 1001/1001/1001 999/999/999 1002/1002/1002
f 1003/1003/1003 1001/1001/1001 1002/1002/1002
f 1003/1003/1003 1002/1002/1002 1004/1004/1004
f 1005/1005/1005 1003/1003/1003 1004/1004/1004
f 1008/1008/1008 1007/1007/1007 1006/1006/1006
f 1008/1008/1008 1006/1006/1006 1009/1009/1009
f 1010/1010/1010 1008/1008/1008 1009/1009/1009
f 1010/1010/1010 1009/1009/1009 1011/1011/1011
f 1012/1012/1012 1010/1010/1010 1011/1011/1011
f 1015/1015/1015 1014/1014/1014 1013/1013/1013
f 1015/1015/1015 1013/1013/1013 1016/1016/1016
f 1017/1017/1017 1015/1015/1015 1016/1016/1016
f 1017/1017/1017 1016/1016/1016 1018/1018/1018
f 1019/1019/1019 1017/1017/1017 1018/1018/1018
f 1022/1022/1022 1021/1021/1021 1020/1020/1020
f 1022/1022/1022 1020/1020/1020 1023/1023/1023
f 1024/1024/1024 1022/1022/1022 1023/1023/1023
f 1024/1024/1024 1023/1023/1023 1025/1025/1025
f 1026/1026/1026 1024/1024/1024 1025/1025/1025
f 1029/1029/1029 1028/1028/1028 1027/1027/1027
f 1029/1029/1029 1027/1027/1027 1030/1030/1030
f 1031/1031/1031 1029/1029/1029 1030/1030/1030
f 1031/1031/1031 1030/1030/1030 1032/1032/1032
f 1033/1033/1033 1031/1031/1031 1032/1032/1032
f 1036/1036/1036 1035/1035/1035 1034/1034/1034
f 1036/1036/1036 1038/1038/1038 1037/1037/1037
f 1039/1039/1039 1036/1036/1036 1037/1037/1037
f 1039/1039/1039 1037/1037/1037 1040/1040/1040
f 1041/1041/1041 1039/1039/1039 1040/1040/1040
f 1040/1040/1040 1037/1037/1037 1042/1042/1042
f 1037/1037/1037 1043/1043/1043 1042/1042/1042
f 1037/1037/1037 1038/1038/1038 1043/1043/1043
f 1038/1038/1038 1044/1044/1044 1043/1043/1043
f 1038/1038/1038 1045/1045/1045 1044/1044/1044
f 1048/1048/1048 1047/1047/1047 1046/1046/1046
f 1048/1048/1048 1046/1046/1046 1049/1049/1049
f 1050/1050/1050 1048/1048/1048 1049/1049/1049
f 1053/1053/1053 1052/1052/1052 1051/1051/1051
f 1053/1053/1053 1051/1051/1051 1054/1054/1054
f 1055/1055/1055 1053/1053/1053 1054/1054/1054
f 1058/1058/1058 1057/1057/1057 1056/1056/1056
f 1058/1058/1058 1056/1056/1056 1059/1059/1059
f 1060/1060/1060 1058/1058/1058 1059/1059/1059
f 1063/1063/1063 1062/1062/1062 1061/1061/1061
f 1063/1063/1063 1061/1061/1061 1064/1064/1064
f 1065/1065/1065 1063/1063/1063 1064/1064/1064
f 1068/1068/1068 1067/1067/1067 1066/1066/1066
f 1066/1066/1066 1067/1067/1067 1069/1069/1069
f 1068/1068/1068 1066/1066/1066 1070/1070/1070
f 1066/1066/1066 1069/1069/1069 1071/1071/1071
f 1072/1072/1072 1066/1066/1066 1071/1071/1071
f 1074/1074/1074 1068/1068/1068 1073/1073/1073
f 1077/1077/1077 1076/1076/1076 1075/1075/1075
f 1077/1077/1077 1075/1075/1075 1078/1078/1078
f 1080/1080/1080 1076/1076/1076 1079/1079/1079
f 1080/1080/1080 1082/1082/1082 1081/1081/1081
f 1083/1083/1083 1080/1080/1080 1081/1081/1081
f 1083/1083/1083 1081/1081/1081 1084/1084/1084
f 1085/1085/1085 1083/1083/1083 1084/1084/1084
f 1085/1085/1085 1084/1084/1084 1086/1086/1086
f 1087/1087/1087 1085/1085/1085 1086/1086/1086
f 1086/1086/1086 1089/1089/1089 1088/1088/1088
f 1089/1089/1089 1090/1090/1090 1088/1088/1088
f 1091/1091/1091 1078/1078/1078 1090/1090/1090
f 1089/1089/1089 1091/1091/1091 1090/1090/1090
f 1091/1091/1091 1092/1092/1092 1078/1078/1078
f 1095/1095/1095 1094/1094/1094 1093/1093/1093
f 1096/1096/1096 1095/1095/1095 1093/1093/1093
f 1095/1095/1095 1097/1097/1097 1094/1094/1094
f 1097/1097/1097 1098/1098/1098 1094/1094/1094
f 1097/1097/1097 1099/1099/1099 1098/1098/1098
f 1099/1099/1099 1100/1100/1100 1098/1098/1098
f 1099/1099/1099 1101/1101/1101 1100/1100/1100
f 1100/1100/1100 1101/1101/1101 1102/1102/1102
f 1096/1096/1096 1093/1093/1093 1103/1103/1103
f 1104/1104/1104 1096/1096/1096 1103/1103/1103
f 1107/1107/1107 1106/1106/1106 1105/1105/1105
f 1108/1108/1108 1107/1107/1107 1105/1105/1105
f 1107/1107/1107 1109/1109/1109 1106/1106/1106
f 1109/1109/1109 1110/1110/1110 1106/1106/1106
f 1109/1109/1109 1111/1111/1111 1110/1110/1110
f 1111/1111/1111 1112/1112/1112 1110/1110/1110
f 1111/1111/1111 1113/1113/1113 1112/1112/1112
f 1108/1108/1108 1105/1105/1105 1114/1114/1114
f 1115/1115/1115 1108/1108/1108 1114/1114/1114
f 1113/1113/1113 1117/1117/1117 1116/1116/1116
f 1118/1118/1118 1117/1117/1117 1113/1113/1113
f 1118/1118/1118 1113/1113/1113 1119/1119/1119
f 1122/1122/1122 1121/1121/1121 1120/1120/1120
f 1123/1123/1123 1121/1121/1121 1122/1122/1122
f 1120/1120/1120 1121/1121/1121 1124/1124/1124
f 1127/1127/1127 1126/1126/1126 1125/1125/1125
f 1128/1128/1128 1126/1126/1126 1127/1127/1127
f 1129/1129/1129 1126/1126/1126 1128/1128/1128
f 1130/1130/1130 1126/1126/1126 1129/1129/1129
f 1133/1133/1133 1132/1132/1132 1131/1131/1131
f 1134/1134/1134 1133/1133/1133 1131/1131/1131
f 1135/1135/1135 1133/1133/1133 1134/1134/1134
f 1136/1136/1136 1135/1135/1135 1134/1134/1134
f 1135/1135/1135 1137/1137/1137 1133/1133/1133
f 1137/1137/1137 1138/1138/1138 1133/1133/1133
f 1133/1133/1133 1138/1138/1138 1132/1132/1132
f 1138/1138/1138 1139/1139/1139 1132/1132/1132
f 1142/1142/1142 1141/1141/1141 1140/1140/1140
f 1143/1143/1143 1142/1142/1142 1140/1140/1140
f 1142/1142/1142 1144/1144/1144 1141/1141/1141
f 1146/1146/1146 1145/1145/1145 1141/1141/1141
f 1148/1148/1148 1147/1147/1147 1142/1142/1142
f 1150/1150/1150 1148/1148/1148 1149/1149/1149
f 1150/1150/1150 1149/1149/1149 1151/1151/1151
f 1152/1152/1152 1150/1150/1150 1151/1151/1151
f 1155/1155/1155 1154/1154/1154 1153/1153/1153
f 1158/1158/1158 1157/1157/1157 1156/1156/1156
f 1161/1161/1161 1160/1160/1160 1159/1159/1159
f 1161/1161/1161 1159/1159/1159 1162/1162/1162
f 1163/1163/1163 1161/1161/1161 1162/1162/1162
f 1163/1163/1163 1162/1162/1162 1164/1164/1164
f 1165/1165/1165 1163/1163/1163 1164/1164/1164
f 1168/1168/1168 1167/1167/1167 1166/1166/1166
f 1168/1168/1168 1166/1166/1166 1169/1169/1169
f 1170/1170/1170 1168/1168/1168 1169/1169/1169
f 1170/1170/1170 1169/1169/1169 1171/1171/1171
f 1172/1172/1172 1170/1170/1170 1171/1171/1171
f 1175/1175/1175 1174/1174/1174 1173/1173/1173
f 1177/1177/1177 1176/1176/1176 1173/1173/1173
f 1176/1176/1176 1178/1178/1178 1174/1174/1174
f 1180/1180/1180 1179/1179/1179 1177/1177/1177
f 1181/1181/1181 1180/1180/1180 1177/1177/1177
f 1180/1180/1180 1182/1182/1182 1179/1179/1179
f 1185/1185/1185 1184/1184/1184 1183/1183/1183
f 1186/1186/1186 1184/1184/1184 1185/1185/1185
f 1186/1186/1186 1188/1188/1188 1187/1187/1187
f 1189/1189/1189 1186/1186/1186 1187/1187/1187
f 1189/1189/1189 1187/1187/1187 1190/1190/1190
f 1190/1190/1190 1187/1187/1187 1191/1191/1191
f 1192/1192/1192 1189/1189/1189 1190/1190/1190
f 1194/1194/1194 1193/1193/1193 1191/1191/1191
f 1195/1195/1195 1183/1183/1183 1193/1193/1193
f 1194/1194/1194 1195/1195/1195 1193/1193/1193
f 1198/1198/1198 1197/1197/1197 1196/1196/1196
f 1200/1200/1200 1197/1197/1197 1199/1199/1199
f 1200/1200/1200 1199/1199/1199 1201/1201/1201
f 1202/1202/1202 1200/1200/1200 1201/1201/1201
f 1202/1202/1202 1201/1201/1201 1203/1203/1203
f 1203/1203/1203 1201/1201/1201 1204/1204/1204
f 1201/1201/1201 1205/1205/1205 1204/1204/1204
f 1201/1201/1201 1198/1198/1198 1205/1205/1205
f 1206/1206/1206 1202/1202/1202 1203/1203/1203
f 1207/1207/1207 1196/1196/1196 1205/1205/1205
f 1210/1210/1210 1209/1209/1209 1208/1208/1208
f 1210/1210/1210 1208/1208/1208 1211/1211/1211
f 1212/1212/1212 1210/1210/1210 1211/1211/1211
f 1212/1212/1212 1211/1211/1211 1213/1213/1213
f 1214/1214/1214 1212/1212/1212 1213/1213/1213
f 1217/1217/1217 1216/1216/1216 1215/1215/1215
f 1217/1217/1217 1215/1215/1215 1218/1218/1218
f 1219/1219/1219 1217/1217/1217 1218/1218/1218
f 1219/1219/1219 1218/1218/1218 1220/1220/1220
f 1221/1221/1221 1219/1219/1219 1220/1220/1220
f 1224/1224/1224 1223/1223/1223 1222/1222/1222
f 1225/1225/1225 1224/1224/1224 1222/1222/1222
f 1226/1226/1226 1224/1224/1224 1225/1225/1225
f 1227/1227/1227 1226/1226/1226 1225/1225/1225
f 1227/1227/1227 1225/1225/1225 1228/1228/1228
f 1229/1229/1229 1227/1227/1227 1228/1228/1228
f 1225/1225/1225 1222/1222/1222 1230/1230/1230
f 1228/1228/1228 1225/1225/1225 1230/1230/1230
f 1233/1233/1233 1232/1232/1232 1231/1231/1231
f 1235/1235/1235 1234/1234/1234 1231/1231/1231
f 1234/1234/1234 1236/1236/1236 1232/1232/1232
f 1237/1237/1237 1236/1236/1236 1234/1234/1234
f 1237/1237/1237 1238/1238/1238 1235/1235/1235
f 1239/1239/1239 1237/1237/1237 1235/1235/1235
f 1242/1242/1242 1241/1241/1241 1240/1240/1240
f 1243/1243/1243 1241/1241/1241 1242/1242/1242
f 1243/1243/1243 1245/1245/1245 1244/1244/1244
f 1246/1246/1246 1243/1243/1243 1244/1244/1244
f 1248/1248/1248 1240/1240/1240 1247/1247/1247
f 1244/1244/1244 1248/1248/1248 1247/1247/1247
f 1251/1251/1251 1250/1250/1250 1249/1249/1249
f 1251/1251/1251 1249/1249/1249 1252/1252/1252
f 1253/1253/1253 1251/1251/1251 1252/1252/1252
f 1253/1253/1253 1252/1252/1252 1254/1254/1254
f 1255/1255/1255 1253/1253/1253 1254/1254/1254
f 1258/1258/1258 1257/1257/1257 1256/1256/1256
f 1258/1258/1258 1256/1256/1256 1259/1259/1259
f 1260/1260/1260 1258/1258/1258 1259/1259/1259
f 1260/1260/1260 1259/1259/1259 1261/1261/1261
f 1262/1262/1262 1260/1260/1260 1261/1261/1261
f 1265/1265/1265 1264/1264/1264 1263/1263/1263
f 1265/1265/1265 1263/1263/1263 1266/1266/1266
f 1268/1268/1268 1264/1264/1264 1267/1267/1267
f 1269/1269/1269 1267/1267/1267 1266/1266/1266
f 1268/1268/1268 1270/1270/1270 1269/1269/1269
f 1271/1271/1271 1268/1268/1268 1269/1269/1269
f 1274/1274/1274 1273/1273/1273 1272/1272/1272
f 1274/1274/1274 1272/1272/1272 1275/1275/1275
f 1277/1277/1277 1273/1273/1273 1276/1276/1276
f 1278/1278/1278 1276/1276/1276 1275/1275/1275
f 1277/1277/1277 1279/1279/1279 1278/1278/1278
f 1280/1280/1280 1277/1277/1277 1278/1278/1278
f 1283/1283/1283 1282/1282/1282 1281/1281/1281
f 1281/1281/1281 1282/1282/1282 1284/1284/1284
f 1283/1283/1283 1281/1281/1281 1285/1285/1285
f 1281/1281/1281 1284/1284/1284 1286/1286/1286
f 1287/1287/1287 1281/1281/1281 1286/1286/1286
f 1289/1289/1289 1283/1283/1283 1288/1288/1288
f 1292/1292/1292 1291/1291/1291 1290/1290/1290
f 1292/1292/1292 1290/1290/1290 1293/1293/1293
f 1294/1294/1294 1292/1292/1292 1293/1293/1293
f 1297/1297/1297 1296/1296/1296 1295/1295/1295
f 1297/1297/1297 1295/1295/1295 1298/1298/1298
f 1299/1299/1299 1297/1297/1297 1298/1298/1298
f 1302/1302/1302 1301/1301/1301 1300/1300/1300
f 1303/1303/1303 1302/1302/1302 1300/1300/1300
f 1302/1302/1302 1304/1304/1304 1301/1301/1301
f 1304/1304/1304 1305/1305/1305 1301/1301/1301
f 1303/1303/1303 1300/1300/1300 1306/1306/1306
f 1307/1307/1307 1303/1303/1303 1306/1306/1306
f 1308/1308/1308 1307/1307/1307 1306/1306/1306
f 1311/1311/1311 1310/1310/1310 1309/1309/1309
f 1312/1312/1312 1311/1311/1311 1309/1309/1309
f 1311/1311/1311 1313/1313/1313 1310/1310/1310
f 1313/1313/1313 1314/1314/1314 1310/1310/1310
f 1312/1312/1312 1309/1309/1309 1315/1315/1315
f 1316/1316/1316 1312/1312/1312 1315/1315/1315
f 1316/1316/1316 1315/1315/1315 1317/1317/1317
f 1318/1318/1318 1316/1316/1316 1317/1317/1317
f 1321/1321/1321 1320/1320/1320 1319/1319/1319
f 1322/1322/1322 1321/1321/1321 1319/1319/1319
f 1321/1321/1321 1323/1323/1323 1320/1320/1320
f 1323/1323/1323 1324/1324/1324 1320/1320/1320
f 1327/1327/1327 1326/1326/1326 1325/1325/1325
f 1328/1328/1328 1327/1327/1327 1325/1325/1325
f 1327/1327/1327 1329/1329/1329 1326/1326/1326
f 1329/1329/1329 1330/1330/1330 1326/1326/1326
f 1333/1333/1333 1332/1332/1332 1331/1331/1331
f 1334/1334/1334 1332/1332/1332 1333/1333/1333
f 1334/1334/1334 1336/1336/1336 1335/1335/1335
f 1337/1337/1337 1334/1334/1334 1335/1335/1335
f 1337/1337/1337 1339/1339/1339 1338/1338/1338
f 1340/1340/1340 1337/1337/1337 1338/1338/1338
f 1338/1338/1338 1342/1342/1342 1341/1341/1341
f 1342/1342/1342 1343/1343/1343 1341/1341/1341
f 1344/1344/1344 1331/1331/1331 1343/1343/1343
f 1342/1342/1342 1344/1344/1344 1343/1343/1343
f 1347/1347/1347 1346/1346/1346 1345/1345/1345
f 1348/1348/1348 1346/1346/1346 1347/1347/1347
f 1348/1348/1348 1347/1347/1347 1349/1349/1349
f 1347/1347/1347 1345/1345/1345 1350/1350/1350
f 1352/1352/1352 1350/1350/1350 1351/1351/1351
f 1354/1354/1354 1353/1353/1353 1351/1351/1351
f 1353/1353/1353 1355/1355/1355 1350/1350/1350
f 1357/1357/1357 1356/1356/1356 1354/1354/1354
f 1357/1357/1357 1348/1348/1348 1356/1356/1356
f 1358/1358/1358 1357/1357/1357 1354/1354/1354
f 1361/1361/1361 1360/1360/1360 1359/1359/1359
f 1361/1361/1361 1359/1359/1359 1362/1362/1362
f 1363/1363/1363 1361/1361/1361 1362/1362/1362
f 1363/1363/1363 1362/1362/1362 1364/1364/1364
f 1365/1365/1365 1363/1363/1363 1364/1364/1364
f 1368/1368/1368 1367/1367/1367 1366/1366/1366
f 1368/1368/1368 1366/1366/1366 1369/1369/1369
f 1370/1370/1370 1368/1368/1368 1369/1369/1369
f 1370/1370/1370 1369/1369/1369 1371/1371/1371
f 1372/1372/1372 1370/1370/1370 1371/1371/1371
f 1375/1375/1375 1374/1374/1374 1373/1373/1373
f 1377/1377/1377 1374/1374/1374 1376/1376/1376
f 1377/1377/1377 1376/1376/1376 1378/1378/1378
f 1379/1379/1379 1377/1377/1377 1378/1378/1378
f 1379/1379/1379 1378/1378/1378 1380/1380/1380
f 1380/1380/1380 1378/1378/1378 1381/1381/1381
f 1378/1378/1378 1382/1382/1382 1381/1381/1381
f 1378/1378/1378 1375/1375/1375 1382/1382/1382
f 1383/1383/1383 1379/1379/1379 1380/1380/1380
f 1384/1384/1384 1373/1373/1373 1382/1382/1382
f 1387/1387/1387 1386/1386/1386 1385/1385/1385
f 1388/1388/1388 1386/1386/1386 1387/1387/1387
f 1388/1388/1388 1390/1390/1390 1389/1389/1389
f 1391/1391/1391 1388/1388/1388 1389/1389/1389
f 1391/1391/1391 1389/1389/1389 1392/1392/1392
f 1392/1392/1392 1389/1389/1389 1393/1393/1393
f 1389/1389/1389 1394/1394/1394 1393/1393/1393
f 1395/1395/1395 1391/1391/1391 1392/1392/1392
f 1396/1396/1396 1385/1385/1385 1394/1394/1394
f 1389/1389/1389 1396/1396/1396 1394/1394/1394
f 1399/1399/1399 1398/1398/1398 1397/1397/1397
f 1401/1401/1401 1398/1398/1398 1400/1400/1400
f 1401/1401/1401 1400/1400/1400 1402/1402/1402
f 1403/1403/1403 1401/1401/1401 1402/1402/1402
f 1403/1403/1403 1402/1402/1402 1404/1404/1404
f 1404/1404/1404 1402/1402/1402 1405/1405/1405
f 1402/1402/1402 1406/1406/1406 1405/1405/1405
f 1402/1402/1402 1399/1399/1399 1406/1406/1406
f 1407/1407/1407 1403/1403/1403 1404/1404/1404
f 1408/1408/1408 1397/1397/1397 1406/1406/1406
f 1411/1411/1411 1410/1410/1410 1409/1409/1409
f 1411/1411/1411 1409/1409/1409 1412/1412/1412
f 1413/1413/1413 1411/1411/1411 1412/1412/1412
f 1413/1413/1413 1412/1412/1412 1414/1414/1414
f 1415/1415/1415 1413/1413/1413 1414/1414/1414
f 1418/1418/1418 1417/1417/1417 1416/1416/1416
f 1418/1418/1418 1416/1416/1416 1419/1419/1419
f 1420/1420/1420 1418/1418/1418 1419/1419/1419
f 1420/1420/1420 1419/1419/1419 1421/1421/1421
f 1422/1422/1422 1420/1420/1420 1421/1421/1421
f 1425/1425/1425 1424/1424/1424 1423/1423/1423
f 1425/1425/1425 1423/1423/1423 1426/1426/1426
f 1427/1427/1427 1425/1425/1425 1426/1426/1426
f 1427/1427/1427 1426/1426/1426 1428/1428/1428
f 1429/1429/1429 1427/1427/1427 1428/1428/1428
f 1432/1432/1432 1431/1431/1431 1430/1430/1430
f 1432/1432/1432 1430/1430/1430 1433/1433/1433
f 1434/1434/1434 1432/1432/1432 1433/1433/1433
f 1434/1434/1434 1433/1433/1433 1435/1435/1435
f 1436/1436/1436 1434/1434/1434 1435/1435/1435
f 1439/1439/1439 1438/1438/1438 1437/1437/1437
f 1439/1439/1439 1437/1437/1437 1440/1440/1440
f 1441/1441/1441 1439/1439/1439 1440/1440/1440
f 1441/1441/1441 1440/1440/1440 1442/1442/1442
f 1443/1443/1443 1441/1441/1441 1442/1442/1442
f 1446/1446/1446 1445/1445/1445 1444/1444/1444
f 1446/1446/1446 1444/1444/1444 1447/1447/1447
f 1448/1448/1448 1446/1446/1446 1447/1447/1447
f 1448/1448/1448 1447/1447/1447 1449/1449/1449
f 1450/1450/1450 1448/1448/1448 1449/1449/1449
f 1453/1453/1453 1452/1452/1452 1451/1451/1451
f 1454/1454/1454 1452/1452/1452 1453/1453/1453
f 1453/1453/1453 1451/1451/1451 1455/1455/1455
f 1457/1457/1457 1455/1455/1455 1456/1456/1456
f 1458/1458/1458 1457/1457/1457 1456/1456/1456
f 1459/1459/1459 1457/1457/1457 1458/1458/1458
f 1459/1459/1459 1454/1454/1454 1457/1457/1457
f 1460/1460/1460 1459/1459/1459 1458/1458/1458
f 1454/1454/1454 1461/1461/1461 1457/1457/1457
f 1457/1457/1457 1461/1461/1461 1455/1455/1455
f 1464/1464/1464 1463/1463/1463 1462/1462/1462
f 1464/1464/1464 1462/1462/1462 1465/1465/1465
f 1467/1467/1467 1463/1463/1463 1466/1466/1466
f 1468/1468/1468 1466/1466/1466 1465/1465/1465
f 1468/1468/1468 1465/1465/1465 1469/1469/1469
f 1470/1470/1470 1468/1468/1468 1469/1469/1469
f 1471/1471/1471 1468/1468/1468 1470/1470/1470
f 1467/1467/1467 1472/1472/1472 1468/1468/1468
f 1471/1471/1471 1467/1467/1467 1473/1473/1473
f 1475/1475/1475 1471/1471/1471 1474/1474/1474
f 1478/1478/1478 1477/1477/1477 1476/1476/1476
f 1478/1478/1478 1476/1476/1476 1479/1479/1479
f 1480/1480/1480 1478/1478/1478 1479/1479/1479
f 1480/1480/1480 1479/1479/1479 1481/1481/1481
f 1482/1482/1482 1480/1480/1480 1481/1481/1481
f 1485/1485/1485 1484/1484/1484 1483/1483/1483
f 1485/1485/1485 1483/1483/1483 1486/1486/1486
f 1487/1487/1487 1485/1485/1485 1486/1486/1486
f 1487/1487/1487 1486/1486/1486 1488/1488/1488
f 1489/1489/1489 1487/1487/1487 1488/1488/1488
f 1492/1492/1492 1491/1491/1491 1490/1490/1490
f 1490/1490/1490 1491/1491/1491 1493/1493/1493
f 1492/1492/1492 1490/1490/1490 1494/1494/1494
f 1495/1495/1495 1492/1492/1492 1494/1494/1494
f 1495/1495/1495 1494/1494/1494 1496/1496/1496
f 1497/1497/1497 1495/1495/1495 1496/1496/1496
f 1496/1496/1496 1494/1494/1494 1498/1498/1498
f 1494/1494/1494 1499/1499/1499 1498/1498/1498
f 1490/1490/1490 1493/1493/1493 1499/1499/1499
f 1494/1494/1494 1490/1490/1490 1499/1499/1499
f 1502/1502/1502 1501/1501/1501 1500/1500/1500
f 1500/1500/1500 1501/1501/1501 1503/1503/1503
f 1502/1502/1502 1505/1505/1505 1504/1504/1504
f 1506/1506/1506 1502/1502/1502 1504/1504/1504
f 1504/1504/1504 1500/1500/1500 1507/1507/1507
f 1508/1508/1508 1503/1503/1503 1507/1507/1507
f 1511/1511/1511 1510/1510/1510 1509/1509/1509
f 1511/1511/1511 1509/1509/1509 1512/1512/1512
f 1513/1513/1513 1511/1511/1511 1512/1512/1512
f 1513/1513/1513 1512/1512/1512 1514/1514/1514
f 1515/1515/1515 1513/1513/1513 1514/1514/1514
f 1515/1515/1515 1514/1514/1514 1516/1516/1516
f 1517/1517/1517 1515/1515/1515 1516/1516/1516
f 1518/1518/1518 1515/1515/1515 1517/1517/1517
f 1519/1519/1519 1518/1518/1518 1517/1517/1517
f 1518/1518/1518 1520/1520/1520 1515/1515/1515
f 1520/1520/1520 1521/1521/1521 1515/1515/1515
f 1522/1522/1522 1511/1511/1511 1521/1521/1521
f 1520/1520/1520 1522/1522/1522 1521/1521/1521
f 1522/1522/1522 1510/1510/1510 1523/1523/1523
f 1526/1526/1526 1525/1525/1525 1524/1524/1524
f 1527/1527/1527 1526/1526/1526 1524/1524/1524
f 1526/1526/1526 1528/1528/1528 1525/1525/1525
f 1528/1528/1528 1529/1529/1529 1525/1525/1525
f 1532/1532/1532 1531/1531/1531 1530/1530/1530
f 1533/1533/1533 1532/1532/1532 1530/1530/1530
f 1532/1532/1532 1534/1534/1534 1531/1531/1531
f 1534/1534/1534 1535/1535/1535 1531/1531/1531
f 1538/1538/1538 1537/1537/1537 1536/1536/1536
f 1539/1539/1539 1538/1538/1538 1536/1536/1536
f 1538/1538/1538 1540/1540/1540 1537/1537/1537
f 1543/1543/1543 1542/1542/1542 1541/1541/1541
f 1544/1544/1544 1543/1543/1543 1541/1541/1541
f 1543/1543/1543 1545/1545/1545 1542/1542/1542
f 1548/1548/1548 1547/1547/1547 1546/1546/1546
f 1549/1549/1549 1547/1547/1547 1548/1548/1548
f 1549/1549/1549 1551/1551/1551 1550/1550/1550
f 1552/1552/1552 1549/1549/1549 1550/1550/1550
f 1552/1552/1552 1550/1550/1550 1553/1553/1553
f 1555/1555/1555 1552/1552/1552 1554/1554/1554
f 1554/1554/1554 1557/1557/1557 1556/1556/1556
f 1557/1557/1557 1558/1558/1558 1556/1556/1556
f 1559/1559/1559 1546/1546/1546 1558/1558/1558
f 1557/1557/1557 1559/1559/1559 1558/1558/1558
f 1562/1562/1562 1561/1561/1561 1560/1560/1560
f 1562/1562/1562 1560/1560/1560 1563/1563/1563
f 1564/1564/1564 1562/1562/1562 1563/1563/1563
f 1564/1564/1564 1563/1563/1563 1565/1565/1565
f 1566/1566/1566 1564/1564/1564 1565/1565/1565
f 1569/1569/1569 1568/1568/1568 1567/1567/1567
f 1569/1569/1569 1567/1567/1567 1570/1570/1570
f 1571/1571/1571 1569/1569/1569 1570/1570/1570
f 1571/1571/1571 1570/1570/1570 1572/1572/1572
f 1573/1573/1573 1571/1571/1571 1572/1572/1572
f 1576/1576/1576 1575/1575/1575 1574/1574/1574
f 1576/1576/1576 1574/1574/1574 1577/1577/1577
f 1578/1578/1578 1576/1576/1576 1577/1577/1577
f 1581/1581/1581 1580/1580/1580 1579/1579/1579
f 1581/1581/1581 1579/1579/1579 1582/1582/1582
f 1583/1583/1583 1581/1581/1581 1582/1582/1582
f 1586/1586/1586 1585/1585/1585 1584/1584/1584
f 1588/1588/1588 1585/1585/1585 1587/1587/1587
f 1588/1588/1588 1587/1587/1587 1589/1589/1589
f 1589/1589/1589 1586/1586/1586 1590/1590/1590
f 1589/1589/1589 1590/1590/1590 1591/1591/1591
f 1592/1592/1592 1589/1589/1589 1591/1591/1591
f 1593/1593/1593 1589/1589/1589 1592/1592/1592
f 1594/1594/1594 1593/1593/1593 1592/1592/1592
f 1593/1593/1593 1588/1588/1588 1595/1595/1595
f 1596/1596/1596 1584/1584/1584 1590/1590/1590
f 1599/1599/1599 1598/1598/1598 1597/1597/1597
f 1599/1599/1599 1597/1597/1597 1600/1600/1600
f 1601/1601/1601 1599/1599/1599 1600/1600/1600
f 1601/1601/1601 1600/1600/1600 1602/1602/1602
f 1603/1603/1603 1601/1601/1601 1602/1602/1602
f 1606/1606/1606 1605/1605/1605 1604/1604/1604
f 1606/1606/1606 1604/1604/1604 1607/1607/1607
f 1608/1608/1608 1606/1606/1606 1607/1607/1607
f 1608/1608/1608 1607/1607/1607 1609/1609/1609
f 1610/1610/1610 1608/1608/1608 1609/1609/1609
f 1613/1613/1613 1612/1612/1612 1611/1611/1611
f 1614/1614/1614 1612/1612/1612 1613/1613/1613
f 1614/1614/1614 1616/1616/1616 1615/1615/1615
f 1617/1617/1617 1614/1614/1614 1615/1615/1615
f 1617/1617/1617 1615/1615/1615 1618/1618/1618
f 1618/1618/1618 1615/1615/1615 1619/1619/1619
f 1615/1615/1615 1620/1620/1620 1619/1619/1619
f 1621/1621/1621 1617/1617/1617 1618/1618/1618
f 1622/1622/1622 1611/1611/1611 1620/1620/1620
f 1615/1615/1615 1622/1622/1622 1620/1620/1620
f 1625/1625/1625 1624/1624/1624 1623/1623/1623
f 1627/1627/1627 1624/1624/1624 1626/1626/1626
f 1627/1627/1627 1626/1626/1626 1628/1628/1628
f 1630/1630/1630 1628/1628/1628 1629/1629/1629
f 1631/1631/1631 1628/1628/1628 1630/1630/1630
f 1632/1632/1632 1631/1631/1631 1630/1630/1630
f 1631/1631/1631 1627/1627/1627 1633/1633/1633
f 1635/1635/1635 1634/1634/1634 1629/1629/1629
f 1635/1635/1635 1625/1625/1625 1634/1634/1634
f 1636/1636/1636 1623/1623/1623 1634/1634/1634
f 1639/1639/1639 1638/1638/1638 1637/1637/1637
f 1639/1639/1639 1637/1637/1637 1640/1640/1640
f 1641/1641/1641 1639/1639/1639 1640/1640/1640
f 1641/1641/1641 1640/1640/1640 1642/1642/1642
f 1643/1643/1643 1641/1641/1641 1642/1642/1642
f 1646/1646/1646 1645/1645/1645 1644/1644/1644
f 1646/1646/1646 1644/1644/1644 1647/1647/1647
f 1648/1648/1648 1646/1646/1646 1647/1647/1647
f 1648/1648/1648 1647/1647/1647 1649/1649/1649
f 1650/1650/1650 1648/1648/1648 1649/1649/1649
f 1653/1653/1653 1652/1652/1652 1651/1651/1651
f 1653/1653/1653 1651/1651/1651 1654/1654/1654
f 1655/1655/1655 1653/1653/1653 1654/1654/1654
f 1655/1655/1655 1654/1654/1654 1656/1656/1656
f 1657/1657/1657 1655/1655/1655 1656/1656/1656
f 1657/1657/1657 1656/1656/1656 1658/1658/1658
f 1659/1659/1659 1657/1657/1657 1658/1658/1658
f 1660/1660/1660 1657/1657/1657 1659/1659/1659
f 1661/1661/1661 1660/1660/1660 1659/1659/1659
f 1660/1660/1660 1662/1662/1662 1657/1657/1657
f 1662/1662/1662 1663/1663/1663 1657/1657/1657
f 1664/1664/1664 1653/1653/1653 1663/1663/1663
f 1662/1662/1662 1664/1664/1664 1663/1663/1663
f 1664/1664/1664 1652/1652/1652 1665/1665/1665
f 1668/1668/1668 1667/1667/1667 1666/1666/1666
f 1669/1669/1669 1668/1668/1668 1666/1666/1666
f 1669/1669/1669 1666/1666/1666 1670/1670/1670
f 1671/1671/1671 1669/1669/1669 1670/1670/1670
f 1668/1668/1668 1672/1672/1672 1667/1667/1667
f 1672/1672/1672 1673/1673/1673 1667/1667/1667
f 1672/1672/1672 1674/1674/1674 1673/1673/1673
f 1674/1674/1674 1675/1675/1675 1673/1673/1673
f 1674/1674/1674 1676/1676/1676 1675/1675/1675
f 1676/1676/1676 1677/1677/1677 1675/1675/1675
f 1676/1676/1676 1678/1678/1678 1677/1677/1677
f 1677/1677/1677 1678/1678/1678 1679/1679/1679
f 1671/1671/1671 1670/1670/1670 1680/1680/1680
f 1681/1681/1681 1671/1671/1671 1680/1680/1680
f 1684/1684/1684 1683/1683/1683 1682/1682/1682
f 1685/1685/1685 1684/1684/1684 1682/1682/1682
f 1685/1685/1685 1682/1682/1682 1686/1686/1686
f 1687/1687/1687 1685/1685/1685 1686/1686/1686
f 1684/1684/1684 1688/1688/1688 1683/1683/1683
f 1688/1688/1688 1689/1689/1689 1683/1683/1683
f 1688/1688/1688 1690/1690/1690 1689/1689/1689
f 1690/1690/1690 1691/1691/1691 1689/1689/1689
f 1690/1690/1690 1692/1692/1692 1691/1691/1691
f 1692/1692/1692 1693/1693/1693 1691/1691/1691
f 1692/1692/1692 1694/1694/1694 1693/1693/1693
f 1694/1694/1694 1695/1695/1695 1693/1693/1693
f 1696/1696/1696 1695/1695/1695 1694/1694/1694
f 1696/1696/1696 1694/1694/1694 1697/1697/1697
f 1687/1687/1687 1686/1686/1686 1698/1698/1698
f 1699/1699/1699 1687/1687/1687 1698/1698/1698
f 1702/1702/1702 1701/1701/1701 1700/1700/1700
f 1703/1703/1703 1701/1701/1701 1702/1702/1702
f 1700/1700/1700 1701/1701/1701 1704/1704/1704
f 1707/1707/1707 1706/1706/1706 1705/1705/1705
f 1708/1708/1708 1706/1706/1706 1707/1707/1707
f 1709/1709/1709 1706/1706/1706 1708/1708/1708
f 1710/1710/1710 1706/1706/1706 1709/1709/1709
f 1709/1709/1709 1712/1712/1712 1711/1711/1711
f 1713/1713/1713 1709/1709/1709 1711/1711/1711
f 1713/1713/1713 1711/1711/1711 1714/1714/1714
f 1714/1714/1714 1711/1711/1711 1715/1715/1715
f 1711/1711/1711 1716/1716/1716 1715/1715/1715
f 1711/1711/1711 1708/1708/1708 1716/1716/1716
f 1717/1717/1717 1713/1713/1713 1714/1714/1714
f 1718/1718/1718 1707/1707/1707 1716/1716/1716
f 1721/1721/1721 1720/1720/1720 1719/1719/1719
f 1722/1722/1722 1721/1721/1721 1719/1719/1719
f 1721/1721/1721 1723/1723/1723 1720/1720/1720
f 1725/1725/1725 1724/1724/1724 1722/1722/1722
f 1726/1726/1726 1725/1725/1725 1722/1722/1722
f 1725/1725/1725 1727/1727/1727 1724/1724/1724
f 1727/1727/1727 1728/1728/1728 1724/1724/1724
f 1727/1727/1727 1729/1729/1729 1728/1728/1728
f 1729/1729/1729 1730/1730/1730 1728/1728/1728
f 1728/1728/1728 1730/1730/1730 1731/1731/1731
f 1728/1728/1728 1731/1731/1731 1720/1720/1720
f 1730/1730/1730 1732/1732/1732 1731/1731/1731
f 1730/1730/1730 1733/1733/1733 1732/1732/1732
f 1732/1732/1732 1733/1733/1733 1734/1734/1734
f 1729/1729/1729 1735/1735/1735 1730/1730/1730
f 1735/1735/1735 1736/1736/1736 1730/1730/1730
f 1737/1737/1737 1736/1736/1736 1735/1735/1735
f 1737/1737/1737 1735/1735/1735 1738/1738/1738
f 1741/1741/1741 1740/1740/1740 1739/1739/1739
f 1742/1742/1742 1740/1740/1740 1741/1741/1741
f 1739/1739/1739 1740/1740/1740 1743/1743/1743
f 1746/1746/1746 1745/1745/1745 1744/1744/1744
f 1748/1748/1748 1745/1745/1745 1747/1747/1747
f 1748/1748/1748 1747/1747/1747 1749/1749/1749
f 1750/1750/1750 1748/1748/1748 1749/1749/1749
f 1750/1750/1750 1749/1749/1749 1751/1751/1751
f 1751/1751/1751 1749/1749/1749 1752/1752/1752
f 1749/1749/1749 1753/1753/1753 1752/1752/1752
f 1749/1749/1749 1746/1746/1746 1753/1753/1753
f 1754/1754/1754 1750/1750/1750 1751/1751/1751
f 1755/1755/1755 1744/1744/1744 1753/1753/1753
f 1758/1758/1758 1757/1757/1757 1756/1756/1756
f 1760/1760/1760 1756/1756/1756 1759/1759/1759
f 1761/1761/1761 1758/1758/1758 1759/1759/1759
f 1761/1761/1761 1759/1759/1759 1762/1762/1762
f 1763/1763/1763 1761/1761/1761 1762/1762/1762
f 1763/1763/1763 1762/1762/1762 1764/1764/1764
f 1765/1765/1765 1763/1763/1763 1764/1764/1764
f 1766/1766/1766 1763/1763/1763 1765/1765/1765
f 1767/1767/1767 1766/1766/1766 1765/1765/1765
f 1768/1768/1768 1761/1761/1761 1763/1763/1763
f 1766/1766/1766 1768/1768/1768 1763/1763/1763
f 1768/1768/1768 1770/1770/1770 1769/1769/1769
f 1770/1770/1770 1771/1771/1771 1769/1769/1769
f 1770/1770/1770 1772/1772/1772 1771/1771/1771
f 1775/1775/1775 1774/1774/1774 1773/1773/1773
f 1776/1776/1776 1775/1775/1775 1773/1773/1773
f 1775/1775/1775 1777/1777/1777 1774/1774/1774
f 1777/1777/1777 1778/1778/1778 1774/1774/1774
f 1774/1774/1774 1778/1778/1778 1779/1779/1779
f 1773/1773/1773 1774/1774/1774 1779/1779/1779
f 1780/1780/1780 1775/1775/1775 1776/1776/1776
f 1775/1775/1775 1780/1780/1780 1777/1777/1777
f 1781/1781/1781 1780/1780/1780 1776/1776/1776
f 1782/1782/1782 1780/1780/1780 1781/1781/1781
f 1780/1780/1780 1782/1782/1782 1777/1777/1777
f 1783/1783/1783 1782/1782/1782 1781/1781/1781
f 1776/1776/1776 1773/1773/1773 1784/1784/1784
f 1784/1784/1784 1773/1773/1773 1779/1779/1779
f 1785/1785/1785 1776/1776/1776 1784/1784/1784
f 1781/1781/1781 1776/1776/1776 1785/1785/1785
f 1786/1786/1786 1781/1781/1781 1785/1785/1785
f 1783/1783/1783 1781/1781/1781 1786/1786/1786
f 1787/1787/1787 1786/1786/1786 1785/1785/1785
f 1787/1787/1787 1783/1783/1783 1786/1786/1786
f 1788/1788/1788 1787/1787/1787 1785/1785/1785
f 1788/1788/1788 1785/1785/1785 1784/1784/1784
f 1788/1788/1788 1784/1784/1784 1789/1789/1789
f 1784/1784/1784 1779/1779/1779 1789/1789/1789
f 1792/1792/1792 1791/1791/1791 1790/1790/1790
f 1793/1793/1793 1792/1792/1792 1790/1790/1790
f 1792/1792/1792 1794/1794/1794 1791/1791/1791
f 1794/1794/1794 1795/1795/1795 1791/1791/1791
f 1791/1791/1791 1795/1795/1795 1796/1796/1796
f 1790/1790/1790 1791/1791/1791 1796/1796/1796
f 1797/1797/1797 1792/1792/1792 1793/1793/1793
f 1792/1792/1792 1797/1797/1797 1794/1794/1794
f 1798/1798/1798 1797/1797/1797 1793/1793/1793
f 1799/1799/1799 1797/1797/1797 1798/1798/1798
f 1797/1797/1797 1799/1799/1799 1794/1794/1794
f 1800/1800/1800 1799/1799/1799 1798/1798/1798
f 1793/1793/1793 1790/1790/1790 1801/1801/1801
f 1802/1802/1802 1793/1793/1793 1801/1801/1801
f 1798/1798/1798 1793/1793/1793 1802/1802/1802
f 1802/1802/1802 1801/1801/1801 1803/1803/1803
f 1790/1790/1790 1796/1796/1796 1803/1803/1803
f 1801/1801/1801 1790/1790/1790 1803/1803/1803
f 1804/1804/1804 1802/1802/1802 1803/1803/1803
f 1804/1804/1804 1805/1805/1805 1802/1802/1802
f 1805/1805/1805 1806/1806/1806 1802/1802/1802
f 1806/1806/1806 1798/1798/1798 1802/1802/1802
f 1800/1800/1800 1798/1798/1798 1806/1806/1806
f 1805/1805/1805 1800/1800/1800 1806/1806/1806
f 1809/1809/1809 1808/1808/1808 1807/1807/1807
f 1810/1810/1810 1809/1809/1809 1807/1807/1807
f 1809/1809/1809 1811/1811/1811 1808/1808/1808
f 1811/1811/1811 1812/1812/1812 1808/1808/1808
f 1808/1808/1808 1812/1812/1812 1813/1813/1813
f 1807/1807/1807 1808/1808/1808 1813/1813/1813
f 1814/1814/1814 1809/1809/1809 1810/1810/1810
f 1809/1809/1809 1814/1814/1814 1811/1811/1811
f 1815/1815/1815 1814/1814/1814 1810/1810/1810
f 1816/1816/1816 1814/1814/1814 1815/1815/1815
f 1814/1814/1814 1816/1816/1816 1811/1811/1811
f 1817/1817/1817 1816/1816/1816 1815/1815/1815
f 1810/1810/1810 1807/1807/1807 1818/1818/1818
f 1819/1819/1819 1810/1810/1810 1818/1818/1818
f 1815/1815/1815 1810/1810/1810 1819/1819/1819
f 1819/1819/1819 1818/1818/1818 1820/1820/1820
f 1807/1807/1807 1813/1813/1813 1820/1820/1820
f 1818/1818/1818 1807/1807/1807 1820/1820/1820
f 1821/1821/1821 1819/1819/1819 1820/1820/1820
f 1821/1821/1821 1822/1822/1822 1819/1819/1819
f 1822/1822/1822 1823/1823/1823 1819/1819/1819
f 1823/1823/1823 1815/1815/1815 1819/1819/1819
f 1817/1817/1817 1815/1815/1815 1823/1823/1823
f 1822/1822/1822 1817/1817/1817 1823/1823/1823
f 1826/1826/1826 1825/1825/1825 1824/1824/1824
f 1824/1824/1824 1825/1825/1825 1827/1827/1827
f 1825/1825/1825 1828/1828/1828 1827/1827/1827
f 1829/1829/1829 1828/1828/1828 1825/1825/1825
f 1830/1830/1830 1829/1829/1829 1825/1825/1825
f 1826/1826/1826 1830/1830/1830 1825/1825/1825
f 1831/1831/1831 1830/1830/1830 1826/1826/1826
f 1830/1830/1830 1831/1831/1831 1829/1829/1829
f 1832/1832/1832 1831/1831/1831 1826/1826/1826
f 1833/1833/1833 1831/1831/1831 1832/1832/1832
f 1831/1831/1831 1833/1833/1833 1829/1829/1829
f 1834/1834/1834 1833/1833/1833 1832/1832/1832
f 1835/1835/1835 1826/1826/1826 1824/1824/1824
f 1836/1836/1836 1832/1832/1832 1826/1826/1826
f 1836/1836/1836 1826/1826/1826 1835/1835/1835
f 1837/1837/1837 1836/1836/1836 1835/1835/1835
f 1837/1837/1837 1834/1834/1834 1832/1832/1832
f 1837/1837/1837 1832/1832/1832 1836/1836/1836
f 1824/1824/1824 1827/1827/1827 1838/1838/1838
f 1835/1835/1835 1839/1839/1839 1838/1838/1838
f 1839/1839/1839 1824/1824/1824 1838/1838/1838
f 1835/1835/1835 1824/1824/1824 1839/1839/1839
f 1840/1840/1840 1835/1835/1835 1838/1838/1838
f 1840/1840/1840 1837/1837/1837 1835/1835/1835
f 1843/1843/1843 1842/1842/1842 1841/1841/1841
f 1844/1844/1844 1843/1843/1843 1841/1841/1841
f 1843/1843/1843 1845/1845/1845 1842/1842/1842
f 1845/1845/1845 1846/1846/1846 1842/1842/1842
f 1842/1842/1842 1846/1846/1846 1847/1847/1847
f 1841/1841/1841 1842/1842/1842 1847/1847/1847
f 1848/1848/1848 1843/1843/1843 1844/1844/1844
f 1843/1843/1843 1848/1848/1848 1845/1845/1845
f 1849/1849/1849 1848/1848/1848 1844/1844/1844
f 1850/1850/1850 1848/1848/1848 1849/1849/1849
f 1848/1848/1848 1850/1850/1850 1845/1845/1845
f 1851/1851/1851 1850/1850/1850 1849/1849/1849
f 1844/1844/1844 1841/1841/1841 1852/1852/1852
f 1853/1853/1853 1844/1844/1844 1852/1852/1852
f 1849/1849/1849 1844/1844/1844 1853/1853/1853
f 1853/1853/1853 1852/1852/1852 1854/1854/1854
f 1841/1841/1841 1847/1847/1847 1854/1854/1854
f 1852/1852/1852 1841/1841/1841 1854/1854/1854
f 1855/1855/1855 1853/1853/1853 1854/1854/1854
f 1855/1855/1855 1856/1856/1856 1853/1853/1853
f 1856/1856/1856 1857/1857/1857 1853/1853/1853
f 1857/1857/1857 1849/1849/1849 1853/1853/1853
f 1851/1851/1851 1849/1849/1849 1857/1857/1857
f 1856/1856/1856 1851/1851/1851 1857/1857/1857
f 1860/1860/1860 1859/1859/1859 1858/1858/1858
f 1860/1860/1860 1861/1861/1861 1859/1859/1859
f 1861/1861/1861 1862/1862/1862 1859/1859/1859
f 1862/1862/1862 1863/1863/1863 1859/1859/1859
f 1858/1858/1858 1859/1859/1859 1863/1863/1863
f 1864/1864/1864 1861/1861/1861 1860/1860/1860
f 1861/1861/1861 1864/1864/1864 1862/1862/1862
f 1865/1865/1865 1864/1864/1864 1860/1860/1860
f 1866/1866/1866 1864/1864/1864 1865/1865/1865
f 1864/1864/1864 1866/1866/1866 1862/1862/1862
f 1867/1867/1867 1866/1866/1866 1865/1865/1865
f 1870/1870/1870 1869/1869/1869 1868/1868/1868
f 1871/1871/1871 1870/1870/1870 1868/1868/1868
f 1871/1871/1871 1872/1872/1872 1870/1870/1870
f 1872/1872/1872 1873/1873/1873 1870/1870/1870
f 1870/1870/1870 1874/1874/1874 1869/1869/1869
f 1874/1874/1874 1875/1875/1875 1869/1869/1869
f 1876/1876/1876 1874/1874/1874 1870/1870/1870
f 1873/1873/1873 1876/1876/1876 1870/1870/1870
f 1872/1872/1872 1877/1877/1877 1873/1873/1873
f 1877/1877/1877 1876/1876/1876 1873/1873/1873
f 1880/1880/1880 1879/1879/1879 1878/1878/1878
f 1881/1881/1881 1880/1880/1880 1878/1878/1878
f 1881/1881/1881 1878/1878/1878 1882/1882/1882
f 1885/1885/1885 1884/1884/1884 1883/1883/1883
f 1886/1886/1886 1885/1885/1885 1883/1883/1883
f 1885/1885/1885 1887/1887/1887 1884/1884/1884
f 1887/1887/1887 1888/1888/1888 1884/1884/1884
f 1884/1884/1884 1888/1888/1888 1889/1889/1889
f 1883/1883/1883 1884/1884/1884 1889/1889/1889
f 1890/1890/1890 1885/1885/1885 1886/1886/1886
f 1885/1885/1885 1890/1890/1890 1887/1887/1887
f 1891/1891/1891 1890/1890/1890 1886/1886/1886
f 1892/1892/1892 1890/1890/1890 1891/1891/1891
f 1890/1890/1890 1892/1892/1892 1887/1887/1887
f 1893/1893/1893 1892/1892/1892 1891/1891/1891
f 1886/1886/1886 1883/1883/1883 1894/1894/1894
f 1895/1895/1895 1886/1886/1886 1894/1894/1894
f 1891/1891/1891 1886/1886/1886 1895/1895/1895
f 1895/1895/1895 1894/1894/1894 1896/1896/1896
f 1883/1883/1883 1889/1889/1889 1896/1896/1896
f 1894/1894/1894 1883/1883/1883 1896/1896/1896
f 1897/1897/1897 1895/1895/1895 1896/1896/1896
f 1897/1897/1897 1898/1898/1898 1895/1895/1895
f 1898/1898/1898 1899/1899/1899 1895/1895/1895
f 1899/1899/1899 1891/1891/1891 1895/1895/1895
f 1893/1893/1893 1891/1891/1891 1899/1899/1899
f 1898/1898/1898 1893/1893/1893 1899/1899/1899
f 1902/1902/1902 1901/1901/1901 1900/1900/1900
f 1903/1903/1903 1902/1902/1902 1900/1900/1900
f 1902/1902/1902 1904/1904/1904 1901/1901/1901
f 1904/1904/1904 1905/1905/1905 1901/1901/1901
f 1901/1901/1901 1905/1905/1905 1906/1906/1906
f 1900/1900/1900 1901/1901/1901 1906/1906/1906
f 1907/1907/1907 1902/1902/1902 1903/1903/1903
f 1902/1902/1902 1907/1907/1907 1904/1904/1904
f 1908/1908/1908 1907/1907/1907 1903/1903/1903
f 1909/1909/1909 1907/1907/1907 1908/1908/1908
f 1907/1907/1907 1909/1909/1909 1904/1904/1904
f 1910/1910/1910 1909/1909/1909 1908/1908/1908
f 1903/1903/1903 1900/1900/1900 1911/1911/1911
f 1911/1911/1911 1900/1900/1900 1906/1906/1906
f 1912/1912/1912 1903/1903/1903 1911/1911/1911
f 1908/1908/1908 1903/1903/1903 1912/1912/1912
f 1913/1913/1913 1908/1908/1908 1912/1912/1912
f 1910/1910/1910 1908/1908/1908 1913/1913/1913
f 1914/1914/1914 1913/1913/1913 1912/1912/1912
f 1914/1914/1914 1910/1910/1910 1913/1913/1913
f 1915/1915/1915 1914/1914/1914 1912/1912/1912
f 1915/1915/1915 1912/1912/1912 1911/1911/1911
f 1915/1915/1915 1911/1911/1911 1916/1916/1916
f 1911/1911/1911 1906/1906/1906 1916/1916/1916
f 1919/1919/1919 1918/1918/1918 1917/1917/1917
f 1920/1920/1920 1919/1919/1919 1917/1917/1917
f 1919/1919/1919 1921/1921/1921 1918/1918/1918
f 1921/1921/1921 1922/1922/1922 1918/1918/1918
f 1918/1918/1918 1922/1922/1922 1923/1923/1923
f 1917/1917/1917 1918/1918/1918 1923/1923/1923
f 1924/1924/1924 1919/1919/1919 1920/1920/1920
f 1919/1919/1919 1924/1924/1924 1921/1921/1921
f 1925/1925/1925 1924/1924/1924 1920/1920/1920
f 1924/1924/1924 1926/1926/1926 1921/1921/1921
f 1926/1926/1926 1924/1924/1924 1927/1927/1927
f 1920/1920/1920 1917/1917/1917 1928/1928/1928
f 1929/1929/1929 1920/1920/1920 1928/1928/1928
f 1927/1927/1927 1920/1920/1920 1929/1929/1929
f 1929/1929/1929 1928/1928/1928 1930/1930/1930
f 1917/1917/1917 1923/1923/1923 1930/1930/1930
f 1928/1928/1928 1917/1917/1917 1930/1930/1930
f 1931/1931/1931 1929/1929/1929 1930/1930/1930
f 1931/1931/1931 1932/1932/1932 1929/1929/1929
f 1933/1933/1933 1925/1925/1925 1929/1929/1929
f 1935/1935/1935 1926/1926/1926 1934/1934/1934
f 1935/1935/1935 1934/1934/1934 1936/1936/1936
f 1937/1937/1937 1935/1935/1935 1936/1936/1936
f 1939/1939/1939 1938/1938/1938 1929/1929/1929
f 1942/1942/1942 1941/1941/1941 1940/1940/1940
f 1943/1943/1943 1942/1942/1942 1940/1940/1940
f 1942/1942/1942 1944/1944/1944 1941/1941/1941
f 1944/1944/1944 1945/1945/1945 1941/1941/1941
f 1941/1941/1941 1945/1945/1945 1946/1946/1946
f 1940/1940/1940 1941/1941/1941 1946/1946/1946
f 1947/1947/1947 1942/1942/1942 1943/1943/1943
f 1942/1942/1942 1947/1947/1947 1944/1944/1944
f 1948/1948/1948 1947/1947/1947 1943/1943/1943
f 1949/1949/1949 1947/1947/1947 1948/1948/1948
f 1947/1947/1947 1949/1949/1949 1944/1944/1944
f 1950/1950/1950 1949/1949/1949 1948/1948/1948
f 1943/1943/1943 1940/1940/1940 1951/1951/1951
f 1952/1952/1952 1943/1943/1943 1951/1951/1951
f 1948/1948/1948 1943/1943/1943 1952/1952/1952
f 1952/1952/1952 1951/1951/1951 1953/1953/1953
f 1940/1940/1940 1946/1946/1946 1953/1953/1953
f 1951/1951/1951 1940/1940/1940 1953/1953/1953
f 1954/1954/1954 1952/1952/1952 1953/1953/1953
f 1954/1954/1954 1955/1955/1955 1952/1952/1952
f 1955/1955/1955 1956/1956/1956 1952/1952/1952
f 1956/1956/1956 1948/1948/1948 1952/1952/1952
f 1950/1950/1950 1948/1948/1948 1956/1956/1956
f 1955/1955/1955 1950/1950/1950 1956/1956/1956
f 1959/1959/1959 1958/1958/1958 1957/1957/1957
f 1960/1960/1960 1959/1959/1959 1957/1957/1957
f 1959/1959/1959 1961/1961/1961 1958/1958/1958
f 1961/1961/1961 1962/1962/1962 1958/1958/1958
f 1958/1958/1958 1962/1962/1962 1963/1963/1963
f 1957/1957/1957 1958/1958/1958 1963/1963/1963
f 1964/1964/1964 1959/1959/1959 1960/1960/1960
f 1959/1959/1959 1964/1964/1964 1961/1961/1961
f 1965/1965/1965 1964/1964/1964 1960/1960/1960
f 1966/1966/1966 1964/1964/1964 1965/1965/1965
f 1964/1964/1964 1966/1966/1966 1961/1961/1961
f 1967/1967/1967 1966/1966/1966 1965/1965/1965
f 1960/1960/1960 1957/1957/1957 1968/1968/1968
f 1969/1969/1969 1960/1960/1960 1968/1968/1968
f 1965/1965/1965 1960/1960/1960 1969/1969/1969
f 1969/1969/1969 1968/1968/1968 1970/1970/1970
f 1957/1957/1957 1963/1963/1963 1970/1970/1970
f 1968/1968/1968 1957/1957/1957 1970/1970/1970
f 1971/1971/1971 1969/1969/1969 1970/1970/1970
f 1971/1971/1971 1972/1972/1972 1969/1969/1969
f 1972/1972/1972 1973/1973/1973 1969/1969/1969
f 1973/1973/1973 1965/1965/1965 1969/1969/1969
f 1967/1967/1967 1965/1965/1965 1973/1973/1973
f 1972/1972/1972 1967/1967/1967 1973/1973/1973
f 1976/1976/1976 1975/1975/1975 1974/1974/1974
f 1977/1977/1977 1976/1976/1976 1974/1974/1974
f 1976/1976/1976 1978/1978/1978 1975/1975/1975
f 1978/1978/1978 1979/1979/1979 1975/1975/1975
f 1975/1975/1975 1979/1979/1979 1980/1980/1980
f 1974/1974/1974 1975/1975/1975 1980/1980/1980
f 1981/1981/1981 1976/1976/1976 1977/1977/1977
f 1976/1976/1976 1981/1981/1981 1978/1978/1978
f 1982/1982/1982 1981/1981/1981 1977/1977/1977
f 1983/1983/1983 1981/1981/1981 1982/1982/1982
f 1981/1981/1981 1983/1983/1983 1978/1978/1978
f 1984/1984/1984 1983/1983/1983 1982/1982/1982
f 1977/1977/1977 1974/1974/1974 1985/1985/1985
f 1985/1985/1985 1974/1974/1974 1980/1980/1980
f 1986/1986/1986 1977/1977/1977 1985/1985/1985
f 1982/1982/1982 1977/1977/1977 1986/1986/1986
f 1986/1986/1986 1985/1985/1985 1987/1987/1987
f 1988/1988/1988 1986/1986/1986 1987/1987/1987
f 1988/1988/1988 1989/1989/1989 1986/1986/1986
f 1989/1989/1989 1990/1990/1990 1986/1986/1986
f 1990/1990/1990 1982/1982/1982 1986/1986/1986
f 1984/1984/1984 1982/1982/1982 1990/1990/1990
f 1989/1989/1989 1991/1991/1991 1990/1990/1990
f 1985/1985/1985 1992/1992/1992 1987/1987/1987
f 1995/1995/1995 1994/1994/1994 1993/1993/1993
f 1996/1996/1996 1995/1995/1995 1993/1993/1993
f 1995/1995/1995 1997/1997/1997 1994/1994/1994
f 1997/1997/1997 1998/1998/1998 1994/1994/1994
f 1994/1994/1994 1998/1998/1998 1999/1999/1999
f 1993/1993/1993 1994/1994/1994 1999/1999/1999
f 2000/2000/2000 1995/1995/1995 1996/1996/1996
f 1995/1995/1995 2000/2000/2000 1997/1997/1997
f 2001/2001/2001 2000/2000/2000 1996/1996/1996
f 2002/2002/2002 2000/2000/2000 2001/2001/2001
f 2000/2000/2000 2002/2002/2002 1997/1997/1997
f 2003/2003/2003 2002/2002/2002 2001/2001/2001
f 1996/1996/1996 1993/1993/1993 2004/2004/2004
f 2005/2005/2005 1996/1996/1996 2004/2004/2004
f 2001/2001/2001 1996/1996/1996 2005/2005/2005
f 2005/2005/2005 2004/2004/2004 2006/2006/2006
f 1993/1993/1993 1999/1999/1999 2006/2006/2006
f 2004/2004/2004 1993/1993/1993 2006/2006/2006
f 2007/2007/2007 2005/2005/2005 2006/2006/2006
f 2007/2007/2007 2008/2008/2008 2005/2005/2005
f 2008/2008/2008 2009/2009/2009 2005/2005/2005
f 2009/2009/2009 2001/2001/2001 2005/2005/2005
f 2003/2003/2003 2001/2001/2001 2009/2009/2009
f 2008/2008/2008 2003/2003/2003 2009/2009/2009
f 2012/2012/2012 2011/2011/2011 2010/2010/2010
f 2013/2013/2013 2012/2012/2012 2010/2010/2010
f 2012/2012/2012 2014/2014/2014 2011/2011/2011
f 2014/2014/2014 2015/2015/2015 2011/2011/2011
f 2011/2011/2011 2015/2015/2015 2016/2016/2016
f 2010/2010/2010 2011/2011/2011 2016/2016/2016
f 2017/2017/2017 2012/2012/2012 2013/2013/2013
f 2012/2012/2012 2017/2017/2017 2014/2014/2014
f 2018/2018/2018 2017/2017/2017 2013/2013/2013
f 2019/2019/2019 2017/2017/2017 2018/2018/2018
f 2017/2017/2017 2019/2019/2019 2014/2014/2014
f 2020/2020/2020 2019/2019/2019 2018/2018/2018
f 2013/2013/2013 2010/2010/2010 2021/2021/2021
f 2022/2022/2022 2013/2013/2013 2021/2021/2021
f 2018/2018/2018 2013/2013/2013 2022/2022/2022
f 2022/2022/2022 2021/2021/2021 2023/2023/2023
f 2010/2010/2010 2016/2016/2016 2023/2023/2023
f 2021/2021/2021 2010/2010/2010 2023/2023/2023
f 2024/2024/2024 2022/2022/2022 2023/2023/2023
f 2024/2024/2024 2025/2025/2025 2022/2022/2022
f 2025/2025/2025 2026/2026/2026 2022/2022/2022
f 2026/2026/2026 2018/2018/2018 2022/2022/2022
f 2020/2020/2020 2018/2018/2018 2026/2026/2026
f 2025/2025/2025 2020/2020/2020 2026/2026/2026
f 2029/2029/2029 2028/2028/2028 2027/2027/2027
f 2030/2030/2030 2029/2029/2029 2027/2027/2027
f 2029/2029/2029 2031/2031/2031 2028/2028/2028
f 2031/2031/2031 2032/2032/2032 2028/2028/2028
f 2028/2028/2028 2032/2032/2032 2033/2033/2033
f 2027/2027/2027 2028/2028/2028 2033/2033/2033
f 2034/2034/2034 2029/2029/2029 2030/2030/2030
f 2029/2029/2029 2034/2034/2034 2031/2031/2031
f 2035/2035/2035 2034/2034/2034 2030/2030/2030
f 2036/2036/2036 2034/2034/2034 2035/2035/2035
f 2034/2034/2034 2036/2036/2036 2031/2031/2031
f 2037/2037/2037 2036/2036/2036 2035/2035/2035
f 2030/2030/2030 2027/2027/2027 2038/2038/2038
f 2039/2039/2039 2030/2030/2030 2038/2038/2038
f 2035/2035/2035 2030/2030/2030 2039/2039/2039
f 2039/2039/2039 2038/2038/2038 2040/2040/2040
f 2027/2027/2027 2033/2033/2033 2040/2040/2040
f 2038/2038/2038 2027/2027/2027 2040/2040/2040
f 2041/2041/2041 2039/2039/2039 2040/2040/2040
f 2041/2041/2041 2042/2042/2042 2039/2039/2039
f 2042/2042/2042 2043/2043/2043 2039/2039/2039
f 2043/2043/2043 2035/2035/2035 2039/2039/2039
f 2037/2037/2037 2035/2035/2035 2043/2043/2043
f 2042/2042/2042 2037/2037/2037 2043/2043/2043
f 2046/2046/2046 2045/2045/2045 2044/2044/2044
f 2047/2047/2047 2046/2046/2046 2044/2044/2044
f 2046/2046/2046 2048/2048/2048 2045/2045/2045
f 2048/2048/2048 2049/2049/2049 2045/2045/2045
f 2045/2045/2045 2049/2049/2049 2050/2050/2050
f 2044/2044/2044 2045/2045/2045 2050/2050/2050
f 2051/2051/2051 2046/2046/2046 2047/2047/2047
f 2046/2046/2046 2051/2051/2051 2048/2048/2048
f 2052/2052/2052 2051/2051/2051 2047/2047/2047
f 2053/2053/2053 2051/2051/2051 2052/2052/2052
f 2051/2051/2051 2053/2053/2053 2048/2048/2048
f 2054/2054/2054 2053/2053/2053 2052/2052/2052
f 2047/2047/2047 2044/2044/2044 2055/2055/2055
f 2056/2056/2056 2047/2047/2047 2055/2055/2055
f 2052/2052/2052 2047/2047/2047 2056/2056/2056
f 2056/2056/2056 2055/2055/2055 2057/2057/2057
f 2044/2044/2044 2050/2050/2050 2057/2057/2057
f 2055/2055/2055 2044/2044/2044 2057/2057/2057
f 2058/2058/2058 2056/2056/2056 2057/2057/2057
f 2058/2058/2058 2059/2059/2059 2056/2056/2056
f 2059/2059/2059 2060/2060/2060 2056/2056/2056
f 2060/2060/2060 2052/2052/2052 2056/2056/2056
f 2054/2054/2054 2052/2052/2052 2060/2060/2060
f 2059/2059/2059 2054/2054/2054 2060/2060/2060
f 2063/2063/2063 2062/2062/2062 2061/2061/2061
f 2064/2064/2064 2063/2063/2063 2061/2061/2061
f 2063/2063/2063 2065/2065/2065 2062/2062/2062
f 2065/2065/2065 2066/2066/2066 2062/2062/2062
f 2062/2062/2062 2066/2066/2066 2067/2067/2067
f 2061/2061/2061 2062/2062/2062 2067/2067/2067
f 2068/2068/2068 2063/2063/2063 2064/2064/2064
f 2063/2063/2063 2068/2068/2068 2065/2065/2065
f 2069/2069/2069 2068/2068/2068 2064/2064/2064
f 2070/2070/2070 2068/2068/2068 2069/2069/2069
f 2068/2068/2068 2070/2070/2070 2065/2065/2065
f 2071/2071/2071 2070/2070/2070 2069/2069/2069
f 2064/2064/2064 2061/2061/2061 2072/2072/2072
f 2073/2073/2073 2064/2064/2064 2072/2072/2072
f 2069/2069/2069 2064/2064/2064 2073/2073/2073
f 2073/2073/2073 2072/2072/2072 2074/2074/2074
f 2061/2061/2061 2067/2067/2067 2074/2074/2074
f 2072/2072/2072 2061/2061/2061 2074/2074/2074
f 2075/2075/2075 2073/2073/2073 2074/2074/2074
f 2075/2075/2075 2076/2076/2076 2073/2073/2073
f 2076/2076/2076 2077/2077/2077 2073/2073/2073
f 2077/2077/2077 2069/2069/2069 2073/2073/2073
f 2071/2071/2071 2069/2069/2069 2077/2077/2077
f 2076/2076/2076 2071/2071/2071 2077/2077/2077
f 2080/2080/2080 2079/2079/2079 2078/2078/2078
f 2081/2081/2081 2080/2080/2080 2078/2078/2078
f 2080/2080/2080 2082/2082/2082 2079/2079/2079
f 2082/2082/2082 2083/2083/2083 2079/2079/2079
f 2079/2079/2079 2083/2083/2083 2084/2084/2084
f 2085/2085/2085 2079/2079/2079 2084/2084/2084
f 2086/2086/2086 2080/2080/2080 2081/2081/2081
f 2080/2080/2080 2086/2086/2086 2082/2082/2082
f 2087/2087/2087 2086/2086/2086 2081/2081/2081
f 2086/2086/2086 2088/2088/2088 2082/2082/2082
f 2088/2088/2088 2086/2086/2086 2089/2089/2089
f 2090/2090/2090 2088/2088/2088 2089/2089/2089
f 2081/2081/2081 2078/2078/2078 2091/2091/2091
f 2092/2092/2092 2081/2081/2081 2091/2091/2091
f 2087/2087/2087 2081/2081/2081 2092/2092/2092
f 2093/2093/2093 2087/2087/2087 2092/2092/2092
f 2090/2090/2090 2089/2089/2089 2094/2094/2094
f 2095/2095/2095 2090/2090/2090 2094/2094/2094
f 2095/2095/2095 2094/2094/2094 2096/2096/2096
f 2097/2097/2097 2095/2095/2095 2096/2096/2096
f 2097/2097/2097 2096/2096/2096 2098/2098/2098
f 2096/2096/2096 2099/2099/2099 2098/2098/2098
f 2085/2085/2085 2084/2084/2084 2100/2100/2100
f 2101/2101/2101 2085/2085/2085 2100/2100/2100
f 2104/2104/2104 2103/2103/2103 2102/2102/2102
f 2104/2104/2104 2105/2105/2105 2103/2103/2103
f 2106/2106/2106 2105/2105/2105 2104/2104/2104
f 2107/2107/2107 2106/2106/2106 2104/2104/2104
f 2110/2110/2110 2109/2109/2109 2108/2108/2108
f 2111/2111/2111 2110/2110/2110 2108/2108/2108
f 2111/2111/2111 2112/2112/2112 2110/2110/2110
f 2112/2112/2112 2113/2113/2113 2110/2110/2110
f 2113/2113/2113 2112/2112/2112 2114/2114/2114
f 2115/2115/2115 2108/2108/2108 2109/2109/2109
f 2116/2116/2116 2113/2113/2113 2114/2114/2114
f 2119/2119/2119 2118/2118/2118 2117/2117/2117
f 2120/2120/2120 2119/2119/2119 2117/2117/2117
f 2120/2120/2120 2121/2121/2121 2119/2119/2119
f 2121/2121/2121 2122/2122/2122 2119/2119/2119
f 2119/2119/2119 2123/2123/2123 2118/2118/2118
f 2123/2123/2123 2124/2124/2124 2118/2118/2118
f 2125/2125/2125 2123/2123/2123 2119/2119/2119
f 2121/2121/2121 2126/2126/2126 2122/2122/2122
f 2127/2127/2127 2125/2125/2125 2119/2119/2119
f 2128/2128/2128 2125/2125/2125 2127/2127/2127
f 2131/2131/2131 2130/2130/2130 2129/2129/2129
f 2132/2132/2132 2131/2131/2131 2129/2129/2129
f 2132/2132/2132 2129/2129/2129 2133/2133/2133
f 2136/2136/2136 2135/2135/2135 2134/2134/2134
f 2134/2134/2134 2135/2135/2135 2137/2137/2137
f 2135/2135/2135 2138/2138/2138 2137/2137/2137
f 2139/2139/2139 2138/2138/2138 2135/2135/2135
f 2140/2140/2140 2139/2139/2139 2135/2135/2135
f 2136/2136/2136 2140/2140/2140 2135/2135/2135
f 2141/2141/2141 2140/2140/2140 2136/2136/2136
f 2140/2140/2140 2141/2141/2141 2139/2139/2139
f 2142/2142/2142 2141/2141/2141 2136/2136/2136
f 2143/2143/2143 2141/2141/2141 2142/2142/2142
f 2141/2141/2141 2143/2143/2143 2139/2139/2139
f 2144/2144/2144 2143/2143/2143 2142/2142/2142
f 2145/2145/2145 2136/2136/2136 2134/2134/2134
f 2146/2146/2146 2142/2142/2142 2136/2136/2136
f 2146/2146/2146 2136/2136/2136 2145/2145/2145
f 2144/2144/2144 2142/2142/2142 2147/2147/2147
f 2148/2148/2148 2144/2144/2144 2147/2147/2147
f 2148/2148/2148 2147/2147/2147 2149/2149/2149
f 2150/2150/2150 2148/2148/2148 2149/2149/2149
f 2150/2150/2150 2149/2149/2149 2151/2151/2151
f 2149/2149/2149 2152/2152/2152 2151/2151/2151
f 2134/2134/2134 2137/2137/2137 2151/2151/2151
f 2152/2152/2152 2134/2134/2134 2151/2151/2151
f 2149/2149/2149 2134/2134/2134 2152/2152/2152
f 2155/2155/2155 2154/2154/2154 2153/2153/2153
f 2156/2156/2156 2155/2155/2155 2153/2153/2153
f 2155/2155/2155 2157/2157/2157 2154/2154/2154
f 2157/2157/2157 2158/2158/2158 2154/2154/2154
f 2154/2154/2154 2158/2158/2158 2159/2159/2159
f 2153/2153/2153 2154/2154/2154 2159/2159/2159
f 2160/2160/2160 2155/2155/2155 2156/2156/2156
f 2155/2155/2155 2160/2160/2160 2157/2157/2157
f 2161/2161/2161 2160/2160/2160 2156/2156/2156
f 2162/2162/2162 2160/2160/2160 2161/2161/2161
f 2160/2160/2160 2162/2162/2162 2157/2157/2157
f 2163/2163/2163 2162/2162/2162 2161/2161/2161
f 2156/2156/2156 2153/2153/2153 2164/2164/2164
f 2165/2165/2165 2156/2156/2156 2164/2164/2164
f 2161/2161/2161 2156/2156/2156 2165/2165/2165
f 2165/2165/2165 2164/2164/2164 2166/2166/2166
f 2153/2153/2153 2159/2159/2159 2166/2166/2166
f 2164/2164/2164 2153/2153/2153 2166/2166/2166
f 2167/2167/2167 2165/2165/2165 2166/2166/2166
f 2167/2167/2167 2168/2168/2168 2165/2165/2165
f 2168/2168/2168 2169/2169/2169 2165/2165/2165
f 2169/2169/2169 2161/2161/2161 2165/2165/2165
f 2163/2163/2163 2161/2161/2161 2169/2169/2169
f 2168/2168/2168 2163/2163/2163 2169/2169/2169
f 2172/2172/2172 2171/2171/2171 2170/2170/2170
f 2173/2173/2173 2172/2172/2172 2170/2170/2170
f 2172/2172/2172 2174/2174/2174 2171/2171/2171
f 2174/2174/2174 2175/2175/2175 2171/2171/2171
f 2171/2171/2171 2175/2175/2175 2176/2176/2176
f 2170/2170/2170 2171/2171/2171 2176/2176/2176
f 2177/2177/2177 2172/2172/2172 2173/2173/2173
f 2172/2172/2172 2177/2177/2177 2174/2174/2174
f 2178/2178/2178 2177/2177/2177 2173/2173/2173
f 2179/2179/2179 2177/2177/2177 2178/2178/2178
f 2177/2177/2177 2179/2179/2179 2174/2174/2174
f 2180/2180/2180 2179/2179/2179 2178/2178/2178
f 2173/2173/2173 2170/2170/2170 2181/2181/2181
f 2181/2181/2181 2170/2170/2170 2176/2176/2176
f 2182/2182/2182 2173/2173/2173 2181/2181/2181
f 2178/2178/2178 2173/2173/2173 2182/2182/2182
f 2183/2183/2183 2178/2178/2178 2182/2182/2182
f 2180/2180/2180 2178/2178/2178 2183/2183/2183
f 2184/2184/2184 2183/2183/2183 2182/2182/2182
f 2184/2184/2184 2180/2180/2180 2183/2183/2183
f 2185/2185/2185 2184/2184/2184 2182/2182/2182
f 2185/2185/2185 2182/2182/2182 2181/2181/2181
f 2185/2185/2185 2181/2181/2181 2186/2186/2186
f 2181/2181/2181 2176/2176/2176 2186/2186/2186
f 2189/2189/2189 2188/2188/2188 2187/2187/2187
f 2190/2190/2190 2189/2189/2189 2187/2187/2187
f 2189/2189/2189 2191/2191/2191 2188/2188/2188
f 2191/2191/2191 2192/2192/2192 2188/2188/2188
f 2188/2188/2188 2192/2192/2192 2193/2193/2193
f 2187/2187/2187 2188/2188/2188 2193/2193/2193
f 2194/2194/2194 2189/2189/2189 2190/2190/2190
f 2189/2189/2189 2194/2194/2194 2191/2191/2191
f 2195/2195/2195 2194/2194/2194 2190/2190/2190
f 2194/2194/2194 2196/2196/2196 2191/2191/2191
f 2196/2196/2196 2194/2194/2194 2197/2197/2197
f 2190/2190/2190 2187/2187/2187 2198/2198/2198
f 2198/2198/2198 2187/2187/2187 2193/2193/2193
f 2199/2199/2199 2190/2190/2190 2198/2198/2198
f 2195/2195/2195 2190/2190/2190 2199/2199/2199
f 2200/2200/2200 2197/2197/2197 2199/2199/2199
f 2201/2201/2201 2200/2200/2200 2199/2199/2199
f 2202/2202/2202 2201/2201/2201 2199/2199/2199
f 2202/2202/2202 2199/2199/2199 2198/2198/2198
f 2202/2202/2202 2198/2198/2198 2203/2203/2203
f 2198/2198/2198 2193/2193/2193 2203/2203/2203
f 2204/2204/2204 2197/2197/2197 2200/2200/2200
f 2201/2201/2201 2204/2204/2204 2200/2200/2200
f 2204/2204/2204 2196/2196/2196 2205/2205/2205
f 2208/2208/2208 2207/2207/2207 2206/2206/2206
f 2209/2209/2209 2208/2208/2208 2206/2206/2206
f 2208/2208/2208 2210/2210/2210 2207/2207/2207
f 2210/2210/2210 2211/2211/2211 2207/2207/2207
f 2210/2210/2210 2212/2212/2212 2211/2211/2211
f 2215/2215/2215 2214/2214/2214 2213/2213/2213
f 2216/2216/2216 2215/2215/2215 2213/2213/2213
f 2215/2215/2215 2217/2217/2217 2214/2214/2214
f 2217/2217/2217 2218/2218/2218 2214/2214/2214
f 2217/2217/2217 2219/2219/2219 2218/2218/2218
f 2222/2222/2222 2221/2221/2221 2220/2220/2220
f 2223/2223/2223 2222/2222/2222 2220/2220/2220
f 2222/2222/2222 2224/2224/2224 2221/2221/2221
f 2224/2224/2224 2225/2225/2225 2221/2221/2221
f 2224/2224/2224 2226/2226/2226 2225/2225/2225
f 2229/2229/2229 2228/2228/2228 2227/2227/2227
f 2230/2230/2230 2229/2229/2229 2227/2227/2227
f 2229/2229/2229 2231/2231/2231 2228/2228/2228
f 2231/2231/2231 2232/2232/2232 2228/2228/2228
f 2231/2231/2231 2233/2233/2233 2232/2232/2232
f 2236/2236/2236 2235/2235/2235 2234/2234/2234
f 2237/2237/2237 2236/2236/2236 2234/2234/2234
f 2236/2236/2236 2238/2238/2238 2235/2235/2235
f 2238/2238/2238 2239/2239/2239 2235/2235/2235
f 2238/2238/2238 2240/2240/2240 2239/2239/2239
f 2243/2243/2243 2242/2242/2242 2241/2241/2241
f 2244/2244/2244 2243/2243/2243 2241/2241/2241
f 2243/2243/2243 2245/2245/2245 2242/2242/2242
f 2245/2245/2245 2246/2246/2246 2242/2242/2242
f 2245/2245/2245 2247/2247/2247 2246/2246/2246
f 2250/2250/2250 2249/2249/2249 2248/2248/2248
f 2251/2251/2251 2250/2250/2250 2248/2248/2248
f 2250/2250/2250 2252/2252/2252 2249/2249/2249
f 2252/2252/2252 2253/2253/2253 2249/2249/2249
f 2252/2252/2252 2254/2254/2254 2253/2253/2253
f 2257/2257/2257 2256/2256/2256 2255/2255/2255
f 2258/2258/2258 2257/2257/2257 2255/2255/2255
f 2257/2257/2257 2259/2259/2259 2256/2256/2256
f 2259/2259/2259 2260/2260/2260 2256/2256/2256
f 2259/2259/2259 2261/2261/2261 2260/2260/2260
f 2264/2264/2264 2263/2263/2263 2262/2262/2262
f 2265/2265/2265 2264/2264/2264 2262/2262/2262
f 2264/2264/2264 2266/2266/2266 2263/2263/2263
f 2266/2266/2266 2267/2267/2267 2263/2263/2263
f 2266/2266/2266 2268/2268/2268 2267/2267/2267
f 2271/2271/2271 2270/2270/2270 2269/2269/2269
f 2272/2272/2272 2271/2271/2271 2269/2269/2269
f 2271/2271/2271 2273/2273/2273 2270/2270/2270
f 2273/2273/2273 2274/2274/2274 2270/2270/2270
f 2273/2273/2273 2275/2275/2275 2274/2274/2274
f 2278/2278/2278 2277/2277/2277 2276/2276/2276
f 2279/2279/2279 2278/2278/2278 2276/2276/2276
f 2278/2278/2278 2280/2280/2280 2277/2277/2277
f 2280/2280/2280 2281/2281/2281 2277/2277/2277
f 2280/2280/2280 2282/2282/2282 2281/2281/2281
f 2285/2285/2285 2284/2284/2284 2283/2283/2283
f 2286/2286/2286 2285/2285/2285 2283/2283/2283
f 2285/2285/2285 2287/2287/2287 2284/2284/2284
f 2287/2287/2287 2288/2288/2288 2284/2284/2284
f 2287/2287/2287 2289/2289/2289 2288/2288/2288
f 2292/2292/2292 2291/2291/2291 2290/2290/2290
f 2293/2293/2293 2292/2292/2292 2290/2290/2290
f 2292/2292/2292 2294/2294/2294 2291/2291/2291
f 2294/2294/2294 2295/2295/2295 2291/2291/2291
f 2294/2294/2294 2296/2296/2296 2295/2295/2295
f 2299/2299/2299 2298/2298/2298 2297/2297/2297
f 2300/2300/2300 2299/2299/2299 2297/2297/2297
f 2299/2299/2299 2301/2301/2301 2298/2298/2298
f 2301/2301/2301 2302/2302/2302 2298/2298/2298
f 2301/2301/2301 2303/2303/2303 2302/2302/2302
f 2306/2306/2306 2305/2305/2305 2304/2304/2304
f 2307/2307/2307 2306/2306/2306 2304/2304/2304
f 2306/2306/2306 2308/2308/2308 2305/2305/2305
f 2308/2308/2308 2309/2309/2309 2305/2305/2305
f 2308/2308/2308 2310/2310/2310 2309/2309/2309
f 2313/2313/2313 2312/2312/2312 2311/2311/2311
f 2314/2314/2314 2313/2313/2313 2311/2311/2311
f 2313/2313/2313 2315/2315/2315 2312/2312/2312
f 2315/2315/2315 2316/2316/2316 2312/2312/2312
f 2315/2315/2315 2317/2317/2317 2316/2316/2316
f 2320/2320/2320 2319/2319/2319 2318/2318/2318
f 2321/2321/2321 2320/2320/2320 2318/2318/2318
f 2320/2320/2320 2322/2322/2322 2319/2319/2319
f 2322/2322/2322 2323/2323/2323 2319/2319/2319
f 2322/2322/2322 2324/2324/2324 2323/2323/2323
f 2327/2327/2327 2326/2326/2326 2325/2325/2325
f 2328/2328/2328 2327/2327/2327 2325/2325/2325
f 2327/2327/2327 2329/2329/2329 2326/2326/2326
f 2329/2329/2329 2330/2330/2330 2326/2326/2326
f 2329/2329/2329 2331/2331/2331 2330/2330/2330
f 2334/2334/2334 2333/2333/2333 2332/2332/2332
f 2335/2335/2335 2334/2334/2334 2332/2332/2332
f 2334/2334/2334 2336/2336/2336 2333/2333/2333
f 2336/2336/2336 2337/2337/2337 2333/2333/2333
f 2336/2336/2336 2338/2338/2338 2337/2337/2337
f 2341/2341/2341 2340/2340/2340 2339/2339/2339
f 2342/2342/2342 2341/2341/2341 2339/2339/2339
f 2341/2341/2341 2343/2343/2343 2340/2340/2340
f 2343/2343/2343 2344/2344/2344 2340/2340/2340
f 2343/2343/2343 2345/2345/2345 2344/2344/2344
f 2348/2348/2348 2347/2347/2347 2346/2346/2346
f 2349/2349/2349 2348/2348/2348 2346/2346/2346
f 2348/2348/2348 2350/2350/2350 2347/2347/2347
f 2350/2350/2350 2351/2351/2351 2347/2347/2347
f 2350/2350/2350 2352/2352/2352 2351/2351/2351
f 2355/2355/2355 2354/2354/2354 2353/2353/2353
f 2356/2356/2356 2355/2355/2355 2353/2353/2353
f 2355/2355/2355 2357/2357/2357 2354/2354/2354
f 2357/2357/2357 2358/2358/2358 2354/2354/2354
f 2357/2357/2357 2359/2359/2359 2358/2358/2358
f 2362/2362/2362 2361/2361/2361 2360/2360/2360
f 2363/2363/2363 2362/2362/2362 2360/2360/2360
f 2362/2362/2362 2364/2364/2364 2361/2361/2361
f 2364/2364/2364 2365/2365/2365 2361/2361/2361
f 2364/2364/2364 2366/2366/2366 2365/2365/2365
f 2369/2369/2369 2368/2368/2368 2367/2367/2367
f 2370/2370/2370 2369/2369/2369 2367/2367/2367
f 2369/2369/2369 2371/2371/2371 2368/2368/2368
f 2371/2371/2371 2372/2372/2372 2368/2368/2368
f 2371/2371/2371 2373/2373/2373 2372/2372/2372
f 2376/2376/2376 2375/2375/2375 2374/2374/2374
f 2377/2377/2377 2376/2376/2376 2374/2374/2374
f 2376/2376/2376 2378/2378/2378 2375/2375/2375
f 2378/2378/2378 2379/2379/2379 2375/2375/2375
f 2378/2378/2378 2380/2380/2380 2379/2379/2379
f 2383/2383/2383 2382/2382/2382 2381/2381/2381
f 2384/2384/2384 2383/2383/2383 2381/2381/2381
f 2383/2383/2383 2385/2385/2385 2382/2382/2382
f 2385/2385/2385 2386/2386/2386 2382/2382/2382
f 2385/2385/2385 2387/2387/2387 2386/2386/2386
f 2390/2390/2390 2389/2389/2389 2388/2388/2388
f 2391/2391/2391 2390/2390/2390 2388/2388/2388
f 2390/2390/2390 2392/2392/2392 2389/2389/2389
f 2392/2392/2392 2393/2393/2393 2389/2389/2389
f 2392/2392/2392 2394/2394/2394 2393/2393/2393
f 2397/2397/2397 2396/2396/2396 2395/2395/2395
f 2398/2398/2398 2397/2397/2397 2395/2395/2395
f 2397/2397/2397 2399/2399/2399 2396/2396/2396
f 2399/2399/2399 2400/2400/2400 2396/2396/2396
f 2399/2399/2399 2401/2401/2401 2400/2400/2400
f 2404/2404/2404 2403/2403/2403 2402/2402/2402
f 2405/2405/2405 2404/2404/2404 2402/2402/2402
f 2404/2404/2404 2406/2406/2406 2403/2403/2403
f 2406/2406/2406 2407/2407/2407 2403/2403/2403
f 2406/2406/2406 2408/2408/2408 2407/2407/2407
f 2411/2411/2411 2410/2410/2410 2409/2409/2409
f 2412/2412/2412 2411/2411/2411 2409/2409/2409
f 2411/2411/2411 2413/2413/2413 2410/2410/2410
f 2413/2413/2413 2414/2414/2414 2410/2410/2410
f 2413/2413/2413 2415/2415/2415 2414/2414/2414
f 2418/2418/2418 2417/2417/2417 2416/2416/2416
f 2419/2419/2419 2418/2418/2418 2416/2416/2416
f 2418/2418/2418 2420/2420/2420 2417/2417/2417
f 2420/2420/2420 2421/2421/2421 2417/2417/2417
f 2420/2420/2420 2422/2422/2422 2421/2421/2421
f 2425/2425/2425 2424/2424/2424 2423/2423/2423
f 2426/2426/2426 2425/2425/2425 2423/2423/2423
f 2425/2425/2425 2427/2427/2427 2424/2424/2424
f 2427/2427/2427 2428/2428/2428 2424/2424/2424
f 2427/2427/2427 2429/2429/2429 2428/2428/2428
f 2432/2432/2432 2431/2431/2431 2430/2430/2430
f 2433/2433/2433 2432/2432/2432 2430/2430/2430
f 2432/2432/2432 2434/2434/2434 2431/2431/2431
f 2434/2434/2434 2435/2435/2435 2431/2431/2431
f 2434/2434/2434 2436/2436/2436 2435/2435/2435
f 2439/2439/2439 2438/2438/2438 2437/2437/2437
f 2440/2440/2440 2439/2439/2439 2437/2437/2437
f 2439/2439/2439 2441/2441/2441 2438/2438/2438
f 2441/2441/2441 2442/2442/2442 2438/2438/2438
f 2441/2441/2441 2443/2443/2443 2442/2442/2442
f 2446/2446/2446 2445/2445/2445 2444/2444/2444
f 2447/2447/2447 2446/2446/2446 2444/2444/2444
f 2446/2446/2446 2448/2448/2448 2445/2445/2445
f 2448/2448/2448 2449/2449/2449 2445/2445/2445
f 2448/2448/2448 2450/2450/2450 2449/2449/2449
f 2453/2453/2453 2452/2452/2452 2451/2451/2451
f 2454/2454/2454 2453/2453/2453 2451/2451/2451
f 2453/2453/2453 2455/2455/2455 2452/2452/2452
f 2455/2455/2455 2456/2456/2456 2452/2452/2452
f 2455/2455/2455 2457/2457/2457 2456/2456/2456
f 2460/2460/2460 2459/2459/2459 2458/2458/2458
f 2461/2461/2461 2460/2460/2460 2458/2458/2458
f 2460/2460/2460 2462/2462/2462 2459/2459/2459
f 2462/2462/2462 2463/2463/2463 2459/2459/2459
f 2462/2462/2462 2464/2464/2464 2463/2463/2463
f 2467/2467/2467 2466/2466/2466 2465/2465/2465
f 2468/2468/2468 2467/2467/2467 2465/2465/2465
f 2467/2467/2467 2469/2469/2469 2466/2466/2466
f 2469/2469/2469 2470/2470/2470 2466/2466/2466
f 2469/2469/2469 2471/2471/2471 2470/2470/2470
f 2474/2474/2474 2473/2473/2473 2472/2472/2472
f 2475/2475/2475 2474/2474/2474 2472/2472/2472
f 2474/2474/2474 2476/2476/2476 2473/2473/2473
f 2476/2476/2476 2477/2477/2477 2473/2473/2473
f 2476/2476/2476 2478/2478/2478 2477/2477/2477
f 2481/2481/2481 2480/2480/2480 2479/2479/2479
f 2482/2482/2482 2481/2481/2481 2479/2479/2479
f 2481/2481/2481 2483/2483/2483 2480/2480/2480
f 2483/2483/2483 2484/2484/2484 2480/2480/2480
f 2483/2483/2483 2485/2485/2485 2484/2484/2484
f 2488/2488/2488 2487/2487/2487 2486/2486/2486
f 2489/2489/2489 2488/2488/2488 2486/2486/2486
f 2488/2488/2488 2490/2490/2490 2487/2487/2487
f 2490/2490/2490 2491/2491/2491 2487/2487/2487
f 2490/2490/2490 2492/2492/2492 2491/2491/2491
f 2495/2495/2495 2494/2494/2494 2493/2493/2493
f 2496/2496/2496 2495/2495/2495 2493/2493/2493
f 2495/2495/2495 2497/2497/2497 2494/2494/2494
f 2497/2497/2497 2498/2498/2498 2494/2494/2494
f 2497/2497/2497 2499/2499/2499 2498/2498/2498
f 2502/2502/2502 2501/2501/2501 2500/2500/2500
f 2503/2503/2503 2502/2502/2502 2500/2500/2500
f 2502/2502/2502 2504/2504/2504 2501/2501/2501
f 2504/2504/2504 2505/2505/2505 2501/2501/2501
f 2501/2501/2501 2505/2505/2505 2506/2506/2506
f 2500/2500/2500 2501/2501/2501 2506/2506/2506
f 2507/2507/2507 2502/2502/2502 2503/2503/2503
f 2502/2502/2502 2507/2507/2507 2504/2504/2504
f 2508/2508/2508 2507/2507/2507 2503/2503/2503
f 2509/2509/2509 2507/2507/2507 2508/2508/2508
f 2507/2507/2507 2509/2509/2509 2504/2504/2504
f 2510/2510/2510 2509/2509/2509 2508/2508/2508
f 2503/2503/2503 2500/2500/2500 2511/2511/2511
f 2512/2512/2512 2503/2503/2503 2511/2511/2511
f 2508/2508/2508 2503/2503/2503 2512/2512/2512
f 2512/2512/2512 2511/2511/2511 2513/2513/2513
f 2500/2500/2500 2506/2506/2506 2513/2513/2513
f 2511/2511/2511 2500/2500/2500 2513/2513/2513
f 2514/2514/2514 2512/2512/2512 2513/2513/2513
f 2514/2514/2514 2515/2515/2515 2512/2512/2512
f 2515/2515/2515 2516/2516/2516 2512/2512/2512
f 2516/2516/2516 2508/2508/2508 2512/2512/2512
f 2510/2510/2510 2508/2508/2508 2516/2516/2516
f 2515/2515/2515 2510/2510/2510 2516/2516/2516
f 2519/2519/2519 2518/2518/2518 2517/2517/2517
f 2520/2520/2520 2519/2519/2519 2517/2517/2517
f 2519/2519/2519 2521/2521/2521 2518/2518/2518
f 2521/2521/2521 2522/2522/2522 2518/2518/2518
f 2518/2518/2518 2522/2522/2522 2523/2523/2523
f 2517/2517/2517 2518/2518/2518 2523/2523/2523
f 2524/2524/2524 2519/2519/2519 2520/2520/2520
f 2519/2519/2519 2524/2524/2524 2521/2521/2521
f 2525/2525/2525 2524/2524/2524 2520/2520/2520
f 2526/2526/2526 2524/2524/2524 2525/2525/2525
f 2524/2524/2524 2526/2526/2526 2521/2521/2521
f 2527/2527/2527 2526/2526/2526 2525/2525/2525
f 2520/2520/2520 2517/2517/2517 2528/2528/2528
f 2528/2528/2528 2517/2517/2517 2523/2523/2523
f 2529/2529/2529 2520/2520/2520 2528/2528/2528
f 2525/2525/2525 2520/2520/2520 2529/2529/2529
f 2530/2530/2530 2525/2525/2525 2529/2529/2529
f 2527/2527/2527 2525/2525/2525 2530/2530/2530
f 2531/2531/2531 2530/2530/2530 2529/2529/2529
f 2531/2531/2531 2527/2527/2527 2530/2530/2530
f 2532/2532/2532 2531/2531/2531 2529/2529/2529
f 2532/2532/2532 2529/2529/2529 2528/2528/2528
f 2532/2532/2532 2528/2528/2528 2533/2533/2533
f 2528/2528/2528 2523/2523/2523 2533/2533/2533
f 2536/2536/2536 2535/2535/2535 2534/2534/2534
f 2537/2537/2537 2536/2536/2536 2534/2534/2534
f 2536/2536/2536 2538/2538/2538 2535/2535/2535
f 2538/2538/2538 2539/2539/2539 2535/2535/2535
f 2538/2538/2538 2540/2540/2540 2539/2539/2539
f 2543/2543/2543 2542/2542/2542 2541/2541/2541
f 2544/2544/2544 2543/2543/2543 2541/2541/2541
f 2543/2543/2543 2545/2545/2545 2542/2542/2542
f 2545/2545/2545 2546/2546/2546 2542/2542/2542
f 2545/2545/2545 2547/2547/2547 2546/2546/2546
f 2550/2550/2550 2549/2549/2549 2548/2548/2548
f 2551/2551/2551 2550/2550/2550 2548/2548/2548
f 2550/2550/2550 2552/2552/2552 2549/2549/2549
f 2552/2552/2552 2553/2553/2553 2549/2549/2549
f 2552/2552/2552 2554/2554/2554 2553/2553/2553
f 2557/2557/2557 2556/2556/2556 2555/2555/2555
f 2558/2558/2558 2557/2557/2557 2555/2555/2555
f 2557/2557/2557 2559/2559/2559 2556/2556/2556
f 2559/2559/2559 2560/2560/2560 2556/2556/2556
f 2559/2559/2559 2561/2561/2561 2560/2560/2560
f 2564/2564/2564 2563/2563/2563 2562/2562/2562
f 2565/2565/2565 2564/2564/2564 2562/2562/2562
f 2564/2564/2564 2566/2566/2566 2563/2563/2563
f 2566/2566/2566 2567/2567/2567 2563/2563/2563
f 2566/2566/2566 2568/2568/2568 2567/2567/2567
f 2571/2571/2571 2570/2570/2570 2569/2569/2569
f 2572/2572/2572 2571/2571/2571 2569/2569/2569
f 2571/2571/2571 2573/2573/2573 2570/2570/2570
f 2573/2573/2573 2574/2574/2574 2570/2570/2570
f 2573/2573/2573 2575/2575/2575 2574/2574/2574
f 2578/2578/2578 2577/2577/2577 2576/2576/2576
f 2579/2579/2579 2578/2578/2578 2576/2576/2576
f 2578/2578/2578 2580/2580/2580 2577/2577/2577
f 2580/2580/2580 2581/2581/2581 2577/2577/2577
f 2580/2580/2580 2582/2582/2582 2581/2581/2581
f 2585/2585/2585 2584/2584/2584 2583/2583/2583
f 2586/2586/2586 2585/2585/2585 2583/2583/2583
f 2585/2585/2585 2587/2587/2587 2584/2584/2584
f 2587/2587/2587 2588/2588/2588 2584/2584/2584
f 2584/2584/2584 2588/2588/2588 2589/2589/2589
f 2583/2583/2583 2584/2584/2584 2589/2589/2589
f 2590/2590/2590 2585/2585/2585 2586/2586/2586
f 2585/2585/2585 2590/2590/2590 2587/2587/2587
f 2591/2591/2591 2590/2590/2590 2586/2586/2586
f 2592/2592/2592 2590/2590/2590 2591/2591/2591
f 2590/2590/2590 2592/2592/2592 2587/2587/2587
f 2593/2593/2593 2592/2592/2592 2591/2591/2591
f 2586/2586/2586 2583/2583/2583 2594/2594/2594
f 2595/2595/2595 2586/2586/2586 2594/2594/2594
f 2591/2591/2591 2586/2586/2586 2595/2595/2595
f 2595/2595/2595 2594/2594/2594 2596/2596/2596
f 2583/2583/2583 2589/2589/2589 2596/2596/2596
f 2594/2594/2594 2583/2583/2583 2596/2596/2596
f 2597/2597/2597 2595/2595/2595 2596/2596/2596
f 2597/2597/2597 2598/2598/2598 2595/2595/2595
f 2598/2598/2598 2599/2599/2599 2595/2595/2595
f 2599/2599/2599 2591/2591/2591 2595/2595/2595
f 2593/2593/2593 2591/2591/2591 2599/2599/2599
f 2598/2598/2598 2593/2593/2593 2599/2599/2599
f 2602/2602/2602 2601/2601/2601 2600/2600/2600
f 2603/2603/2603 2602/2602/2602 2600/2600/2600
f 2602/2602/2602 2604/2604/2604 2601/2601/2601
f 2604/2604/2604 2605/2605/2605 2601/2601/2601
f 2601/2601/2601 2605/2605/2605 2606/2606/2606
f 2600/2600/2600 2601/2601/2601 2606/2606/2606
f 2607/2607/2607 2602/2602/2602 2603/2603/2603
f 2602/2602/2602 2607/2607/2607 2604/2604/2604
f 2608/2608/2608 2607/2607/2607 2603/2603/2603
f 2609/2609/2609 2607/2607/2607 2608/2608/2608
f 2607/2607/2607 2609/2609/2609 2604/2604/2604
f 2610/2610/2610 2609/2609/2609 2608/2608/2608
f 2603/2603/2603 2600/2600/2600 2611/2611/2611
f 2612/2612/2612 2603/2603/2603 2611/2611/2611
f 2608/2608/2608 2603/2603/2603 2612/2612/2612
f 2612/2612/2612 2611/2611/2611 2613/2613/2613
f 2600/2600/2600 2606/2606/2606 2613/2613/2613
f 2611/2611/2611 2600/2600/2600 2613/2613/2613
f 2614/2614/2614 2612/2612/2612 2613/2613/2613
f 2614/2614/2614 2615/2615/2615 2612/2612/2612
f 2615/2615/2615 2616/2616/2616 2612/2612/2612
f 2616/2616/2616 2608/2608/2608 2612/2612/2612
f 2610/2610/2610 2608/2608/2608 2616/2616/2616
f 2615/2615/2615 2610/2610/2610 2616/2616/2616
f 2619/2619/2619 2618/2618/2618 2617/2617/2617
f 2619/2619/2619 2617/2617/2617 2620/2620/2620
f 2621/2621/2621 2619/2619/2619 2620/2620/2620
f 2622/2622/2622 2619/2619/2619 2621/2621/2621
f 2625/2625/2625 2624/2624/2624 2623/2623/2623
f 2626/2626/2626 2625/2625/2625 2623/2623/2623
f 2623/2623/2623 2624/2624/2624 2627/2627/2627
f 2628/2628/2628 2623/2623/2623 2627/2627/2627
f 2629/2629/2629 2628/2628/2628 2627/2627/2627
f 2629/2629/2629 2627/2627/2627 2630/2630/2630
f 2631/2631/2631 2629/2629/2629 2630/2630/2630
f 2631/2631/2631 2632/2632/2632 2629/2629/2629
f 2631/2631/2631 2633/2633/2633 2632/2632/2632
f 2633/2633/2633 2634/2634/2634 2632/2632/2632
f 2633/2633/2633 2635/2635/2635 2634/2634/2634
f 2635/2635/2635 2636/2636/2636 2634/2634/2634
f 2635/2635/2635 2637/2637/2637 2636/2636/2636
f 2626/2626/2626 2638/2638/2638 2625/2625/2625
f 2641/2641/2641 2640/2640/2640 2639/2639/2639
f 2642/2642/2642 2640/2640/2640 2641/2641/2641
f 2645/2645/2645 2644/2644/2644 2643/2643/2643
f 2645/2645/2645 2643/2643/2643 2646/2646/2646
f 2647/2647/2647 2645/2645/2645 2646/2646/2646
f 2646/2646/2646 2643/2643/2643 2648/2648/2648
g mesh_3
f 2651/2651/2651 2650/2650/2650 2649/2649/2649
f 2652/2652/2652 2651/2651/2651 2649/2649/2649
f 2655/2655/2655 2654/2654/2654 2653/2653/2653
f 2656/2656/2656 2655/2655/2655 2653/2653/2653
f 2659/2659/2659 2658/2658/2658 2657/2657/2657
f 2660/2660/2660 2659/2659/2659 2657/2657/2657
f 2663/2663/2663 2662/2662/2662 2661/2661/2661
f 2664/2664/2664 2663/2663/2663 2661/2661/2661
f 2667/2667/2667 2666/2666/2666 2665/2665/2665
f 2668/2668/2668 2667/2667/2667 2665/2665/2665
f 2671/2671/2671 2670/2670/2670 2669/2669/2669
f 2672/2672/2672 2671/2671/2671 2669/2669/2669
f 2675/2675/2675 2674/2674/2674 2673/2673/2673
f 2676/2676/2676 2675/2675/2675 2673/2673/2673
f 2679/2679/2679 2678/2678/2678 2677/2677/2677
f 2680/2680/2680 2679/2679/2679 2677/2677/2677
f 2683/2683/2683 2682/2682/2682 2681/2681/2681
f 2686/2686/2686 2685/2685/2685 2684/2684/2684
f 2689/2689/2689 2688/2688/2688 2687/2687/2687
f 2692/2692/2692 2691/2691/2691 2690/2690/2690
f 2695/2695/2695 2694/2694/2694 2693/2693/2693
f 2698/2698/2698 2697/2697/2697 2696/2696/2696
f 2701/2701/2701 2700/2700/2700 2699/2699/2699
f 2704/2704/2704 2703/2703/2703 2702/2702/2702
f 2707/2707/2707 2706/2706/2706 2705/2705/2705
f 2708/2708/2708 2707/2707/2707 2705/2705/2705
f 2711/2711/2711 2710/2710/2710 2709/2709/2709
f 2712/2712/2712 2711/2711/2711 2709/2709/2709
f 2715/2715/2715 2714/2714/2714 2713/2713/2713
f 2716/2716/2716 2715/2715/2715 2713/2713/2713
f 2719/2719/2719 2718/2718/2718 2717/2717/2717
f 2720/2720/2720 2719/2719/2719 2717/2717/2717
f 2723/2723/2723 2722/2722/2722 2721/2721/2721
f 2724/2724/2724 2723/2723/2723 2721/2721/2721
f 2727/2727/2727 2726/2726/2726 2725/2725/2725
f 2728/2728/2728 2727/2727/2727 2725/2725/2725
f 2731/2731/2731 2730/2730/2730 2729/2729/2729
f 2732/2732/2732 2731/2731/2731 2729/2729/2729
f 2735/2735/2735 2734/2734/2734 2733/2733/2733
f 2736/2736/2736 2735/2735/2735 2733/2733/2733
f 2739/2739/2739 2738/2738/2738 2737/2737/2737
f 2740/2740/2740 2739/2739/2739 2737/2737/2737
f 2743/2743/2743 2742/2742/2742 2741/2741/2741
f 2744/2744/2744 2743/2743/2743 2741/2741/2741
f 2747/2747/2747 2746/2746/2746 2745/2745/2745
f 2748/2748/2748 2747/2747/2747 2745/2745/2745
f 2751/2751/2751 2750/2750/2750 2749/2749/2749
f 2752/2752/2752 2751/2751/2751 2749/2749/2749
f 2755/2755/2755 2754/2754/2754 2753/2753/2753
f 2756/2756/2756 2755/2755/2755 2753/2753/2753
f 2759/2759/2759 2758/2758/2758 2757/2757/2757
f 2760/2760/2760 2759/2759/2759 2757/2757/2757
f 2763/2763/2763 2762/2762/2762 2761/2761/2761
f 2764/2764/2764 2763/2763/2763 2761/2761/2761
f 2767/2767/2767 2766/2766/2766 2765/2765/2765
f 2768/2768/2768 2767/2767/2767 2765/2765/2765
f 2771/2771/2771 2770/2770/2770 2769/2769/2769
f 2772/2772/2772 2771/2771/2771 2769/2769/2769
f 2775/2775/2775 2774/2774/2774 2773/2773/2773
f 2776/2776/2776 2775/2775/2775 2773/2773/2773
f 2779/2779/2779 2778/2778/2778 2777/2777/2777
f 2780/2780/2780 2779/2779/2779 2777/2777/2777
f 2783/2783/2783 2782/2782/2782 2781/2781/2781
f 2784/2784/2784 2783/2783/2783 2781/2781/2781
f 2787/2787/2787 2786/2786/2786 2785/2785/2785
f 2788/2788/2788 2787/2787/2787 2785/2785/2785
f 2791/2791/2791 2790/2790/2790 2789/2789/2789
f 2792/2792/2792 2791/2791/2791 2789/2789/2789
f 2795/2795/2795 2794/2794/2794 2793/2793/2793
f 2796/2796/2796 2795/2795/2795 2793/2793/2793
f 2799/2799/2799 2798/2798/2798 2797/2797/2797
f 2800/2800/2800 2799/2799/2799 2797/2797/2797
f 2803/2803/2803 2802/2802/2802 2801/2801/2801
f 2806/2806/2806 2805/2805/2805 2804/2804/2804
f 2809/2809/2809 2808/2808/2808 2807/2807/2807
f 2812/2812/2812 2811/2811/2811 2810/2810/2810
f 2815/2815/2815 2814/2814/2814 2813/2813/2813
f 2818/2818/2818 2817/2817/2817 2816/2816/2816
f 2821/2821/2821 2820/2820/2820 2819/2819/2819
f 2824/2824/2824 2823/2823/2823 2822/2822/2822
f 2827/2827/2827 2826/2826/2826 2825/2825/2825
f 2828/2828/2828 2827/2827/2827 2825/2825/2825
f 2831/2831/2831 2830/2830/2830 2829/2829/2829
f 2832/2832/2832 2831/2831/2831 2829/2829/2829
f 2835/2835/2835 2834/2834/2834 2833/2833/2833
f 2836/2836/2836 2835/2835/2835 2833/2833/2833
f 2839/2839/2839 2838/2838/2838 2837/2837/2837
f 2840/2840/2840 2839/2839/2839 2837/2837/2837
f 2843/2843/2843 2842/2842/2842 2841/2841/2841
f 2844/2844/2844 2843/2843/2843 2841/2841/2841
f 2847/2847/2847 2846/2846/2846 2845/2845/2845
f 2848/2848/2848 2847/2847/2847 2845/2845/2845
f 2851/2851/2851 2850/2850/2850 2849/2849/2849
f 2852/2852/2852 2851/2851/2851 2849/2849/2849
f 2855/2855/2855 2854/2854/2854 2853/2853/2853
f 2856/2856/2856 2855/2855/2855 2853/2853/2853
f 2859/2859/2859 2858/2858/2858 2857/2857/2857
f 2860/2860/2860 2859/2859/2859 2857/2857/2857
f 2863/2863/2863 2862/2862/2862 2861/2861/2861
f 2864/2864/2864 2863/2863/2863 2861/2861/2861
f 2867/2867/2867 2866/2866/2866 2865/2865/2865
f 2868/2868/2868 2867/2867/2867 2865/2865/2865
f 2871/2871/2871 2870/2870/2870 2869/2869/2869
f 2872/2872/2872 2871/2871/2871 2869/2869/2869
f 2875/2875/2875 2874/2874/2874 2873/2873/2873
f 2876/2876/2876 2875/2875/2875 2873/2873/2873
f 2879/2879/2879 2878/2878/2878 2877/2877/2877
f 2880/2880/2880 2879/2879/2879 2877/2877/2877
f 2883/2883/2883 2882/2882/2882 2881/2881/2881
f 2884/2884/2884 2883/2883/2883 2881/2881/2881
f 2887/2887/2887 2886/2886/2886 2885/2885/2885
f 2888/2888/2888 2887/2887/2887 2885/2885/2885
f 2891/2891/2891 2890/2890/2890 2889/2889/2889
f 2892/2892/2892 2891/2891/2891 2889/2889/2889
f 2895/2895/2895 2894/2894/2894 2893/2893/2893
f 2896/2896/2896 2895/2895/2895 2893/2893/2893
f 2899/2899/2899 2898/2898/2898 2897/2897/2897
f 2900/2900/2900 2899/2899/2899 2897/2897/2897
f 2903/2903/2903 2902/2902/2902 2901/2901/2901
f 2904/2904/2904 2903/2903/2903 2901/2901/2901
f 2907/2907/2907 2906/2906/2906 2905/2905/2905
f 2908/2908/2908 2907/2907/2907 2905/2905/2905
f 2911/2911/2911 2910/2910/2910 2909/2909/2909
f 2912/2912/2912 2911/2911/2911 2909/2909/2909
f 2915/2915/2915 2914/2914/2914 2913/2913/2913
f 2916/2916/2916 2915/2915/2915 2913/2913/2913
f 2919/2919/2919 2918/2918/2918 2917/2917/2917
f 2920/2920/2920 2919/2919/2919 2917/2917/2917
f 2923/2923/2923 2922/2922/2922 2921/2921/2921
f 2926/2926/2926 2925/2925/2925 2924/2924/2924
f 2929/2929/2929 2928/2928/2928 2927/2927/2927
f 2932/2932/2932 2931/2931/2931 2930/2930/2930
f 2935/2935/2935 2934/2934/2934 2933/2933/2933
f 2938/2938/2938 2937/2937/2937 2936/2936/2936
f 2941/2941/2941 2940/2940/2940 2939/2939/2939
f 2944/2944/2944 2943/2943/2943 2942/2942/2942
f 2947/2947/2947 2946/2946/2946 2945/2945/2945
f 2948/2948/2948 2947/2947/2947 2945/2945/2945
f 2951/2951/2951 2950/2950/2950 2949/2949/2949
f 2952/2952/2952 2951/2951/2951 2949/2949/2949
f 2955/2955/2955 2954/2954/2954 2953/2953/2953
f 2956/2956/2956 2955/2955/2955 2953/2953/2953
f 2959/2959/2959 2958/2958/2958 2957/2957/2957
f 2960/2960/2960 2959/2959/2959 2957/2957/2957
f 2963/2963/2963 2962/2962/2962 2961/2961/2961
f 2964/2964/2964 2963/2963/2963 2961/2961/2961
f 2967/2967/2967 2966/2966/2966 2965/2965/2965
f 2968/2968/2968 2967/2967/2967 2965/2965/2965
f 2971/2971/2971 2970/2970/2970 2969/2969/2969
f 2972/2972/2972 2971/2971/2971 2969/2969/2969
f 2975/2975/2975 2974/2974/2974 2973/2973/2973
f 2976/2976/2976 2975/2975/2975 2973/2973/2973
f 2979/2979/2979 2978/2978/2978 2977/2977/2977
f 2980/2980/2980 2979/2979/2979 2977/2977/2977
f 2983/2983/2983 2982/2982/2982 2981/2981/2981
f 2984/2984/2984 2983/2983/2983 2981/2981/2981
f 2987/2987/2987 2986/2986/2986 2985/2985/2985
f 2988/2988/2988 2987/2987/2987 2985/2985/2985
f 2991/2991/2991 2990/2990/2990 2989/2989/2989
f 2992/2992/2992 2991/2991/2991 2989/2989/2989
f 2995/2995/2995 2994/2994/2994 2993/2993/2993
f 2996/2996/2996 2995/2995/2995 2993/2993/2993
f 2999/2999/2999 2998/2998/2998 2997/2997/2997
f 3000/3000/3000 2999/2999/2999 2997/2997/2997
f 3003/3003/3003 3002/3002/3002 3001/3001/3001
f 3004/3004/3004 3003/3003/3003 3001/3001/3001
f 3007/3007/3007 3006/3006/3006 3005/3005/3005
f 3008/3008/3008 3007/3007/3007 3005/3005/3005
f 3011/3011/3011 3010/3010/3010 3009/3009/3009
f 3012/3012/3012 3011/3011/3011 3009/3009/3009
f 3015/3015/3015 3014/3014/3014 3013/3013/3013
f 3016/3016/3016 3015/3015/3015 3013/3013/3013
f 3019/3019/3019 3018/3018/3018 3017/3017/3017
f 3020/3020/3020 3019/3019/3019 3017/3017/3017
f 3023/3023/3023 3022/3022/3022 3021/3021/3021
f 3024/3024/3024 3023/3023/3023 3021/3021/3021
f 3027/3027/3027 3026/3026/3026 3025/3025/3025
f 3028/3028/3028 3027/3027/3027 3025/3025/3025
f 3031/3031/3031 3030/3030/3030 3029/3029/3029
f 3032/3032/3032 3031/3031/3031 3029/3029/3029
f 3035/3035/3035 3034/3034/3034 3033/3033/3033
f 3036/3036/3036 3035/3035/3035 3033/3033/3033
f 3039/3039/3039 3038/3038/3038 3037/3037/3037
f 3040/3040/3040 3039/3039/3039 3037/3037/3037
f 3043/3043/3043 3042/3042/3042 3041/3041/3041
f 3046/3046/3046 3045/3045/3045 3044/3044/3044
f 3049/3049/3049 3048/3048/3048 3047/3047/3047
f 3052/3052/3052 3051/3051/3051 3050/3050/3050
f 3055/3055/3055 3054/3054/3054 3053/3053/3053
f 3058/3058/3058 3057/3057/3057 3056/3056/3056
f 3061/3061/3061 3060/3060/3060 3059/3059/3059
f 3064/3064/3064 3063/3063/3063 3062/3062/3062
f 3067/3067/3067 3066/3066/3066 3065/3065/3065
f 3068/3068/3068 3067/3067/3067 3065/3065/3065
f 3071/3071/3071 3070/3070/3070 3069/3069/3069
f 3072/3072/3072 3071/3071/3071 3069/3069/3069
f 3075/3075/3075 3074/3074/3074 3073/3073/3073
f 3076/3076/3076 3075/3075/3075 3073/3073/3073
f 3079/3079/3079 3078/3078/3078 3077/3077/3077
f 3080/3080/3080 3079/3079/3079 3077/3077/3077
f 3083/3083/3083 3082/3082/3082 3081/3081/3081
f 3084/3084/3084 3083/3083/3083 3081/3081/3081
f 3087/3087/3087 3086/3086/3086 3085/3085/3085
f 3088/3088/3088 3087/3087/3087 3085/3085/3085
f 3091/3091/3091 3090/3090/3090 3089/3089/3089
f 3092/3092/3092 3091/3091/3091 3089/3089/3089
f 3095/3095/3095 3094/3094/3094 3093/3093/3093
f 3096/3096/3096 3095/3095/3095 3093/3093/3093
f 3099/3099/3099 3098/3098/3098 3097/3097/3097
f 3100/3100/3100 3099/3099/3099 3097/3097/3097
f 3103/3103/3103 3102/3102/3102 3101/3101/3101
f 3104/3104/3104 3103/3103/3103 3101/3101/3101
f 3107/3107/3107 3106/3106/3106 3105/3105/3105
f 3108/3108/3108 3107/3107/3107 3105/3105/3105
f 3111/3111/3111 3110/3110/3110 3109/3109/3109
f 3112/3112/3112 3111/3111/3111 3109/3109/3109
f 3115/3115/3115 3114/3114/3114 3113/3113/3113
f 3116/3116/3116 3115/3115/3115 3113/3113/3113
f 3119/3119/3119 3118/3118/3118 3117/3117/3117
f 3120/3120/3120 3119/3119/3119 3117/3117/3117
f 3123/3123/3123 3122/3122/3122 3121/3121/3121
f 3124/3124/3124 3123/3123/3123 3121/3121/3121
f 3127/3127/3127 3126/3126/3126 3125/3125/3125
f 3128/3128/3128 3127/3127/3127 3125/3125/3125
f 3131/3131/3131 3130/3130/3130 3129/3129/3129
f 3132/3132/3132 3131/3131/3131 3129/3129/3129
f 3135/3135/3135 3134/3134/3134 3133/3133/3133
f 3136/3136/3136 3135/3135/3135 3133/3133/3133
f 3139/3139/3139 3138/3138/3138 3137/3137/3137
f 3140/3140/3140 3139/3139/3139 3137/3137/3137
f 3143/3143/3143 3142/3142/3142 3141/3141/3141
f 3144/3144/3144 3143/3143/3143 3141/3141/3141
f 3147/3147/3147 3146/3146/3146 3145/3145/3145
f 3148/3148/3148 3147/3147/3147 3145/3145/3145
f 3151/3151/3151 3150/3150/3150 3149/3149/3149
f 3152/3152/3152 3151/3151/3151 3149/3149/3149
f 3155/3155/3155 3154/3154/3154 3153/3153/3153
f 3156/3156/3156 3155/3155/3155 3153/3153/3153
f 3159/3159/3159 3158/3158/3158 3157/3157/3157
f 3160/3160/3160 3159/3159/3159 3157/3157/3157
f 3163/3163/3163 3162/3162/3162 3161/3161/3161
f 3166/3166/3166 3165/3165/3165 3164/3164/3164
f 3169/3169/3169 3168/3168/3168 3167/3167/3167
f 3172/3172/3172 3171/3171/3171 3170/3170/3170
f 3175/3175/3175 3174/3174/3174 3173/3173/3173
f 3178/3178/3178 3177/3177/3177 3176/3176/3176
f 3181/3181/3181 3180/3180/3180 3179/3179/3179
f 3184/3184/3184 3183/3183/3183 3182/3182/3182
f 3187/3187/3187 3186/3186/3186 3185/3185/3185
f 3188/3188/3188 3187/3187/3187 3185/3185/3185
f 3191/3191/3191 3190/3190/3190 3189/3189/3189
f 3192/3192/3192 3191/3191/3191 3189/3189/3189
f 3195/3195/3195 3194/3194/3194 3193/3193/3193
f 3196/3196/3196 3195/3195/3195 3193/3193/3193
f 3199/3199/3199 3198/3198/3198 3197/3197/3197
f 3200/3200/3200 3199/3199/3199 3197/3197/3197
f 3203/3203/3203 3202/3202/3202 3201/3201/3201
f 3204/3204/3204 3203/3203/3203 3201/3201/3201
f 3207/3207/3207 3206/3206/3206 3205/3205/3205
f 3208/3208/3208 3207/3207/3207 3205/3205/3205
f 3211/3211/3211 3210/3210/3210 3209/3209/3209
f 3212/3212/3212 3211/3211/3211 3209/3209/3209
f 3215/3215/3215 3214/3214/3214 3213/3213/3213
f 3216/3216/3216 3215/3215/3215 3213/3213/3213
f 3219/3219/3219 3218/3218/3218 3217/3217/3217
f 3220/3220/3220 3219/3219/3219 3217/3217/3217
f 3223/3223/3223 3222/3222/3222 3221/3221/3221
f 3224/3224/3224 3223/3223/3223 3221/3221/3221
f 3227/3227/3227 3226/3226/3226 3225/3225/3225
f 3228/3228/3228 3227/3227/3227 3225/3225/3225
f 3231/3231/3231 3230/3230/3230 3229/3229/3229
f 3232/3232/3232 3231/3231/3231 3229/3229/3229
f 3235/3235/3235 3234/3234/3234 3233/3233/3233
f 3236/3236/3236 3235/3235/3235 3233/3233/3233
f 3239/3239/3239 3238/3238/3238 3237/3237/3237
f 3240/3240/3240 3239/3239/3239 3237/3237/3237
f 3243/3243/3243 3242/3242/3242 3241/3241/3241
f 3244/3244/3244 3243/3243/3243 3241/3241/3241
f 3247/3247/3247 3246/3246/3246 3245/3245/3245
f 3248/3248/3248 3247/3247/3247 3245/3245/3245
f 3251/3251/3251 3250/3250/3250 3249/3249/3249
f 3252/3252/3252 3251/3251/3251 3249/3249/3249
f 3255/3255/3255 3254/3254/3254 3253/3253/3253
f 3253/3253/3253 3254/3254/3254 3256/3256/3256
f 3257/3257/3257 3253/3253/3253 3256/3256/3256
f 3256/3256/3256 3254/3254/3254 3258/3258/3258
f 3259/3259/3259 3256/3256/3256 3258/3258/3258
f 3259/3259/3259 3258/3258/3258 3260/3260/3260
f 3261/3261/3261 3259/3259/3259 3260/3260/3260
f 3259/3259/3259 3261/3261/3261 3262/3262/3262
f 3261/3261/3261 3263/3263/3263 3262/3262/3262
f 3264/3264/3264 3261/3261/3261 3260/3260/3260
f 3264/3264/3264 3260/3260/3260 3265/3265/3265
f 3264/3264/3264 3265/3265/3265 3266/3266/3266
f 3267/3267/3267 3264/3264/3264 3266/3266/3266
f 3270/3270/3270 3269/3269/3269 3268/3268/3268
f 3273/3273/3273 3272/3272/3272 3271/3271/3271
f 3272/3272/3272 3274/3274/3274 3271/3271/3271
f 3274/3274/3274 3275/3275/3275 3271/3271/3271
f 3274/3274/3274 3276/3276/3276 3275/3275/3275
f 3279/3279/3279 3278/3278/3278 3277/3277/3277
f 3280/3280/3280 3279/3279/3279 3277/3277/3277
f 3283/3283/3283 3282/3282/3282 3281/3281/3281
f 3284/3284/3284 3283/3283/3283 3281/3281/3281
f 3287/3287/3287 3286/3286/3286 3285/3285/3285
f 3288/3288/3288 3287/3287/3287 3285/3285/3285
f 3291/3291/3291 3290/3290/3290 3289/3289/3289
f 3292/3292/3292 3291/3291/3291 3289/3289/3289
f 3289/3289/3289 3290/3290/3290 3293/3293/3293
f 3290/3290/3290 3294/3294/3294 3293/3293/3293
f 3293/3293/3293 3294/3294/3294 3295/3295/3295
f 3296/3296/3296 3293/3293/3293 3295/3295/3295
f 3297/3297/3297 3296/3296/3296 3295/3295/3295
f 3298/3298/3298 3297/3297/3297 3295/3295/3295
f 3291/3291/3291 3292/3292/3292 3299/3299/3299
f 3292/3292/3292 3300/3300/3300 3299/3299/3299
f 3303/3303/3303 3302/3302/3302 3301/3301/3301
f 3304/3304/3304 3302/3302/3302 3303/3303/3303
f 3304/3304/3304 3305/3305/3305 3302/3302/3302
f 3304/3304/3304 3303/3303/3303 3306/3306/3306
f 3303/3303/3303 3307/3307/3307 3306/3306/3306
f 3310/3310/3310 3309/3309/3309 3308/3308/3308
f 3311/3311/3311 3310/3310/3310 3308/3308/3308
f 3312/3312/3312 3311/3311/3311 3308/3308/3308
f 3313/3313/3313 3311/3311/3311 3312/3312/3312
f 3314/3314/3314 3313/3313/3313 3312/3312/3312
f 3309/3309/3309 3315/3315/3315 3308/3308/3308
f 3315/3315/3315 3316/3316/3316 3308/3308/3308
f 3308/3308/3308 3316/3316/3316 3317/3317/3317
f 3318/3318/3318 3308/3308/3308 3317/3317/3317
f 3318/3318/3318 3317/3317/3317 3319/3319/3319
f 3318/3318/3318 3319/3319/3319 3320/3320/3320
f 3320/3320/3320 3321/3321/3321 3318/3318/3318
f 3314/3314/3314 3312/3312/3312 3322/3322/3322
f 3314/3314/3314 3322/3322/3322 3323/3323/3323
f 3322/3322/3322 3324/3324/3324 3323/3323/3323
f 3324/3324/3324 3325/3325/3325 3323/3323/3323
f 3325/3325/3325 3326/3326/3326 3323/3323/3323
f 3326/3326/3326 3327/3327/3327 3323/3323/3323
f 3326/3326/3326 3328/3328/3328 3327/3327/3327
f 3328/3328/3328 3329/3329/3329 3327/3327/3327
f 3329/3329/3329 3330/3330/3330 3327/3327/3327
f 3329/3329/3329 3331/3331/3331 3330/3330/3330
f 3332/3332/3332 3330/3330/3330 3331/3331/3331
f 3333/3333/3333 3332/3332/3332 3331/3331/3331
f 3328/3328/3328 3334/3334/3334 3329/3329/3329
f 3334/3334/3334 3335/3335/3335 3329/3329/3329
f 3322/3322/3322 3336/3336/3336 3324/3324/3324
f 3336/3336/3336 3337/3337/3337 3324/3324/3324
f 3325/3325/3325 3338/3338/3338 3326/3326/3326
f 3338/3338/3338 3339/3339/3339 3326/3326/3326
f 3342/3342/3342 3341/3341/3341 3340/3340/3340
f 3340/3340/3340 3343/3343/3343 3342/3342/3342
f 3346/3346/3346 3345/3345/3345 3344/3344/3344
f 3347/3347/3347 3346/3346/3346 3344/3344/3344
f 3350/3350/3350 3349/3349/3349 3348/3348/3348
f 3351/3351/3351 3350/3350/3350 3348/3348/3348
f 3354/3354/3354 3353/3353/3353 3352/3352/3352
f 3355/3355/3355 3354/3354/3354 3352/3352/3352
f 3358/3358/3358 3357/3357/3357 3356/3356/3356
f 3359/3359/3359 3358/3358/3358 3356/3356/3356
f 3362/3362/3362 3361/3361/3361 3360/3360/3360
f 3363/3363/3363 3362/3362/3362 3360/3360/3360
f 3366/3366/3366 3365/3365/3365 3364/3364/3364
f 3367/3367/3367 3366/3366/3366 3364/3364/3364
f 3370/3370/3370 3369/3369/3369 3368/3368/3368
f 3371/3371/3371 3370/3370/3370 3368/3368/3368
f 3374/3374/3374 3373/3373/3373 3372/3372/3372
f 3375/3375/3375 3374/3374/3374 3372/3372/3372
f 3378/3378/3378 3377/3377/3377 3376/3376/3376
f 3379/3379/3379 3378/3378/3378 3376/3376/3376
f 3382/3382/3382 3381/3381/3381 3380/3380/3380
f 3383/3383/3383 3382/3382/3382 3380/3380/3380
f 3386/3386/3386 3385/3385/3385 3384/3384/3384
f 3387/3387/3387 3386/3386/3386 3384/3384/3384
f 3390/3390/3390 3389/3389/3389 3388/3388/3388
f 3391/3391/3391 3390/3390/3390 3388/3388/3388
g mesh_4
f 3394/3394/3394 3393/3393/3393 3392/3392/3392
f 3395/3395/3395 3394/3394/3394 3392/3392/3392
f 3398/3398/3398 3397/3397/3397 3396/3396/3396
f 3399/3399/3399 3398/3398/3398 3396/3396/3396
g mesh_5
f 3402/3402/3402 3401/3401/3401 3400/3400/3400
f 3403/3403/3403 3402/3402/3402 3400/3400/3400
f 3404/3404/3404 3400/3400/3400 3401/3401/3401
f 3405/3405/3405 3404/3404/3404 3401/3401/3401
f 3401/3401/3401 3406/3406/3406 3405/3405/3405
f 3405/3405/3405 3407/3407/3407 3404/3404/3404
f 3407/3407/3407 3408/3408/3408 3404/3404/3404
f 3408/3408/3408 3409/3409/3409 3404/3404/3404
f 3408/3408/3408 3410/3410/3410 3409/3409/3409
f 3410/3410/3410 3411/3411/3411 3409/3409/3409
f 3410/3410/3410 3412/3412/3412 3411/3411/3411
f 3410/3410/3410 3413/3413/3413 3412/3412/3412
f 3409/3409/3409 3414/3414/3414 3404/3404/3404
f 3404/3404/3404 3415/3415/3415 3400/3400/3400
f 3415/3415/3415 3416/3416/3416 3400/3400/3400
f 3417/3417/3417 3402/3402/3402 3403/3403/3403
f 3418/3418/3418 3417/3417/3417 3403/3403/3403
f 3416/3416/3416 3419/3419/3419 3400/3400/3400
f 3416/3416/3416 3420/3420/3420 3419/3419/3419
f 3420/3420/3420 3421/3421/3421 3419/3419/3419
f 3421/3421/3421 3422/3422/3422 3419/3419/3419
f 3422/3422/3422 3423/3423/3423 3419/3419/3419
f 3423/3423/3423 3424/3424/3424 3419/3419/3419
f 3423/3423/3423 3425/3425/3425 3424/3424/3424
f 3425/3425/3425 3426/3426/3426 3424/3424/3424
f 3426/3426/3426 3427/3427/3427 3424/3424/3424
f 3427/3427/3427 3428/3428/3428 3424/3424/3424
f 3424/3424/3424 3429/3429/3429 3419/3419/3419
f 3429/3429/3429 3430/3430/3430 3419/3419/3419
f 3430/3430/3430 3431/3431/3431 3419/3419/3419
f 3431/3431/3431 3432/3432/3432 3419/3419/3419
f 3419/3419/3419 3433/3433/3433 3400/3400/3400
f 3419/3419/3419 3434/3434/3434 3433/3433/3433
f 3434/3434/3434 3435/3435/3435 3433/3433/3433
f 3434/3434/3434 3436/3436/3436 3435/3435/3435
f 3436/3436/3436 3437/3437/3437 3435/3435/3435
f 3437/3437/3437 3438/3438/3438 3435/3435/3435
f 3438/3438/3438 3439/3439/3439 3435/3435/3435
f 3435/3435/3435 3440/3440/3440 3433/3433/3433
f 3433/3433/3433 3441/3441/3441 3400/3400/3400
f 3441/3441/3441 3442/3442/3442 3400/3400/3400
f 3442/3442/3442 3443/3443/3443 3400/3400/3400
f 3443/3443/3443 3444/3444/3444 3400/3400/3400
f 3444/3444/3444 3445/3445/3445 3400/3400/3400
f 3444/3444/3444 3446/3446/3446 3445/3445/3445
f 3445/3445/3445 3447/3447/3447 3400/3400/3400
f 3447/3447/3447 3448/3448/3448 3400/3400/3400
f 3448/3448/3448 3449/3449/3449 3400/3400/3400
f 3449/3449/3449 3450/3450/3450 3400/3400/3400
f 3450/3450/3450 3451/3451/3451 3400/3400/3400
f 3451/3451/3451 3452/3452/3452 3400/3400/3400
f 3451/3451/3451 3453/3453/3453 3452/3452/3452
f 3451/3451/3451 3454/3454/3454 3453/3453/3453
f 3454/3454/3454 3455/3455/3455 3453/3453/3453
f 3455/3455/3455 3456/3456/3456 3453/3453/3453
f 3452/3452/3452 3457/3457/3457 3400/3400/3400
f 3452/3452/3452 3458/3458/3458 3457/3457/3457
f 3452/3452/3452 3459/3459/3459 3458/3458/3458
f 3457/3457/3457 3460/3460/3460 3400/3400/3400
f 3462/3462/3462 3461/3461/3461 3400/3400/3400
f 3461/3461/3461 3463/3463/3463 3400/3400/3400
f 3463/3463/3463 3464/3464/3464 3400/3400/3400
f 3464/3464/3464 3465/3465/3465 3400/3400/3400
f 3464/3464/3464 3466/3466/3466 3465/3465/3465
f 3464/3464/3464 3467/3467/3467 3466/3466/3466
f 3467/3467/3467 3468/3468/3468 3466/3466/3466
f 3466/3466/3466 3469/3469/3469 3465/3465/3465
f 3465/3465/3465 3470/3470/3470 3400/3400/3400
f 3470/3470/3470 3471/3471/3471 3400/3400/3400
f 3471/3471/3471 3472/3472/3472 3400/3400/3400
f 3472/3472/3472 3473/3473/3473 3400/3400/3400
f 3473/3473/3473 3474/3474/3474 3400/3400/3400
f 3474/3474/3474 3475/3475/3475 3400/3400/3400
f 3475/3475/3475 3476/3476/3476 3400/3400/3400
f 3476/3476/3476 3477/3477/3477 3400/3400/3400
f 3477/3477/3477 3478/3478/3478 3400/3400/3400
f 3478/3478/3478 3479/3479/3479 3400/3400/3400
f 3479/3479/3479 3480/3480/3480 3400/3400/3400
f 3480/3480/3480 3481/3481/3481 3400/3400/3400
f 3481/3481/3481 3482/3482/3482 3400/3400/3400
f 3482/3482/3482 3483/3483/3483 3400/3400/3400
f 3486/3486/3486 3485/3485/3485 3484/3484/3484
f 3489/3489/3489 3488/3488/3488 3487/3487/3487
f 3490/3490/3490 3489/3489/3489 3487/3487/3487
f 3491/3491/3491 3487/3487/3487 3488/3488/3488
f 3492/3492/3492 3491/3491/3491 3488/3488/3488
f 3488/3488/3488 3493/3493/3493 3492/3492/3492
f 3492/3492/3492 3494/3494/3494 3491/3491/3491
f 3494/3494/3494 3495/3495/3495 3491/3491/3491
f 3495/3495/3495 3496/3496/3496 3491/3491/3491
f 3495/3495/3495 3497/3497/3497 3496/3496/3496
f 3497/3497/3497 3498/3498/3498 3496/3496/3496
f 3497/3497/3497 3499/3499/3499 3498/3498/3498
f 3497/3497/3497 3500/3500/3500 3499/3499/3499
f 3496/3496/3496 3501/3501/3501 3491/3491/3491
f 3491/3491/3491 3502/3502/3502 3487/3487/3487
f 3502/3502/3502 3503/3503/3503 3487/3487/3487
f 3504/3504/3504 3489/3489/3489 3490/3490/3490
f 3505/3505/3505 3504/3504/3504 3490/3490/3490
f 3503/3503/3503 3506/3506/3506 3487/3487/3487
f 3506/3506/3506 3507/3507/3507 3487/3487/3487
f 3507/3507/3507 3508/3508/3508 3487/3487/3487
f 3508/3508/3508 3509/3509/3509 3487/3487/3487
f 3509/3509/3509 3510/3510/3510 3487/3487/3487
f 3510/3510/3510 3511/3511/3511 3487/3487/3487
f 3511/3511/3511 3512/3512/3512 3487/3487/3487
f 3511/3511/3511 3513/3513/3513 3512/3512/3512
f 3513/3513/3513 3514/3514/3514 3512/3512/3512
f 3512/3512/3512 3515/3515/3515 3487/3487/3487
f 3515/3515/3515 3516/3516/3516 3487/3487/3487
f 3516/3516/3516 3517/3517/3517 3487/3487/3487
f 3516/3516/3516 3518/3518/3518 3517/3517/3517
f 3518/3518/3518 3519/3519/3519 3517/3517/3517
f 3517/3517/3517 3520/3520/3520 3487/3487/3487
f 3520/3520/3520 3521/3521/3521 3487/3487/3487
f 3521/3521/3521 3522/3522/3522 3487/3487/3487
f 3522/3522/3522 3523/3523/3523 3487/3487/3487
f 3526/3526/3526 3525/3525/3525 3524/3524/3524
f 3524/3524/3524 3527/3527/3527 3526/3526/3526
f 3528/3528/3528 3525/3525/3525 3526/3526/3526
f 3529/3529/3529 3528/3528/3528 3526/3526/3526
f 3530/3530/3530 3528/3528/3528 3529/3529/3529
f 3531/3531/3531 3530/3530/3530 3529/3529/3529
f 3533/3533/3533 3532/3532/3532 3526/3526/3526
f 3532/3532/3532 3534/3534/3534 3526/3526/3526
f 3534/3534/3534 3535/3535/3535 3526/3526/3526
f 3535/3535/3535 3536/3536/3536 3526/3526/3526
f 3535/3535/3535 3537/3537/3537 3536/3536/3536
f 3535/3535/3535 3538/3538/3538 3537/3537/3537
f 3538/3538/3538 3539/3539/3539 3537/3537/3537
f 3537/3537/3537 3540/3540/3540 3536/3536/3536
f 3536/3536/3536 3541/3541/3541 3526/3526/3526
f 3541/3541/3541 3542/3542/3542 3526/3526/3526
f 3542/3542/3542 3543/3543/3543 3526/3526/3526
f 3543/3543/3543 3544/3544/3544 3526/3526/3526
f 3544/3544/3544 3545/3545/3545 3526/3526/3526
f 3545/3545/3545 3546/3546/3546 3526/3526/3526
f 3546/3546/3546 3547/3547/3547 3526/3526/3526
f 3547/3547/3547 3548/3548/3548 3526/3526/3526
f 3548/3548/3548 3549/3549/3549 3526/3526/3526
f 3549/3549/3549 3550/3550/3550 3526/3526/3526
f 3550/3550/3550 3551/3551/3551 3526/3526/3526
f 3551/3551/3551 3552/3552/3552 3526/3526/3526
f 3552/3552/3552 3553/3553/3553 3526/3526/3526
f 3553/3553/3553 3554/3554/3554 3526/3526/3526
f 3557/3557/3557 3556/3556/3556 3555/3555/3555
g mesh_6
f 3560/3560/3560 3559/3559/3559 3558/3558/3558
f 3563/3563/3563 3562/3562/3562 3561/3561/3561
